#! /opt/homebrew/Cellar/icarus-verilog/12.0/bin/vvp
:ivl_version "12.0 (stable)";
:ivl_delay_selection "TYPICAL";
:vpi_time_precision - 11;
:vpi_module "/opt/homebrew/Cellar/icarus-verilog/12.0/lib/ivl/system.vpi";
:vpi_module "/opt/homebrew/Cellar/icarus-verilog/12.0/lib/ivl/vhdl_sys.vpi";
:vpi_module "/opt/homebrew/Cellar/icarus-verilog/12.0/lib/ivl/vhdl_textio.vpi";
:vpi_module "/opt/homebrew/Cellar/icarus-verilog/12.0/lib/ivl/v2005_math.vpi";
:vpi_module "/opt/homebrew/Cellar/icarus-verilog/12.0/lib/ivl/va_math.vpi";
:vpi_module "/opt/homebrew/Cellar/icarus-verilog/12.0/lib/ivl/v2009.vpi";
S_0x104da6ab0 .scope package, "$unit" "$unit" 2 1;
 .timescale 0 0;
S_0x104da6c30 .scope module, "datapath_manual" "datapath_manual" 3 2;
 .timescale -9 -11;
    .port_info 0 /INPUT 1 "clk";
    .port_info 1 /INPUT 1 "reset";
    .port_info 2 /INPUT 1 "gra";
    .port_info 3 /INPUT 1 "grb";
    .port_info 4 /INPUT 1 "grc";
    .port_info 5 /INPUT 1 "rin";
    .port_info 6 /INPUT 1 "rout";
    .port_info 7 /INPUT 1 "ba_out";
    .port_info 8 /INPUT 1 "pc_in";
    .port_info 9 /INPUT 1 "ir_in";
    .port_info 10 /INPUT 1 "y_in";
    .port_info 11 /INPUT 1 "mar_in";
    .port_info 12 /INPUT 1 "hi_in";
    .port_info 13 /INPUT 1 "lo_in";
    .port_info 14 /INPUT 1 "zhi_in";
    .port_info 15 /INPUT 1 "zlo_in";
    .port_info 16 /INPUT 1 "hi_out";
    .port_info 17 /INPUT 1 "lo_out";
    .port_info 18 /INPUT 1 "pc_out";
    .port_info 19 /INPUT 1 "zhi_out";
    .port_info 20 /INPUT 1 "zlo_out";
    .port_info 21 /INPUT 5 "alu_opcode";
    .port_info 22 /INPUT 1 "mdr_in";
    .port_info 23 /INPUT 1 "mdr_out";
    .port_info 24 /INPUT 1 "read";
    .port_info 25 /INPUT 1 "write";
    .port_info 26 /INPUT 1 "in_port_out";
    .port_info 27 /INPUT 1 "c_out";
    .port_info 28 /INPUT 32 "in_port_data_in";
    .port_info 29 /INPUT 1 "out_port_in";
    .port_info 30 /OUTPUT 32 "out_port_data_out";
    .port_info 31 /OUTPUT 32 "bus_out";
    .port_info 32 /OUTPUT 32 "mdr_q";
    .port_info 33 /INPUT 1 "con_in";
    .port_info 34 /OUTPUT 1 "con_ff_out";
o0x8f684b240 .functor BUFZ 5, C4<zzzzz>; HiZ drive
v0x8f6549680_0 .net "alu_opcode", 4 0, o0x8f684b240;  0 drivers
v0x8f6549720_0 .net "alu_result", 63 0, v0x8f6527a20_0;  1 drivers
o0x8f68558f0 .functor BUFZ 1, C4<z>; HiZ drive
v0x8f65497c0_0 .net "ba_out", 0 0, o0x8f68558f0;  0 drivers
v0x8f6549860_0 .net "bus_out", 31 0, v0x8f6529f40_0;  1 drivers
o0x8f684c440 .functor BUFZ 1, C4<z>; HiZ drive
v0x8f6549900_0 .net "c_out", 0 0, o0x8f684c440;  0 drivers
v0x8f65499a0_0 .net "c_sign_extended", 31 0, L_0x8f65d00e0;  1 drivers
o0x8f684cfe0 .functor BUFZ 1, C4<z>; HiZ drive
v0x8f6549a40_0 .net "clk", 0 0, o0x8f684cfe0;  0 drivers
v0x8f6549ae0_0 .net "con_ff_out", 0 0, v0x8f6534fa0_0;  1 drivers
o0x8f684d010 .functor BUFZ 1, C4<z>; HiZ drive
v0x8f6549b80_0 .net "con_in", 0 0, o0x8f684d010;  0 drivers
o0x8f68562b0 .functor BUFZ 1, C4<z>; HiZ drive
v0x8f6549c20_0 .net "gra", 0 0, o0x8f68562b0;  0 drivers
o0x8f68562e0 .functor BUFZ 1, C4<z>; HiZ drive
v0x8f6549cc0_0 .net "grb", 0 0, o0x8f68562e0;  0 drivers
o0x8f6856310 .functor BUFZ 1, C4<z>; HiZ drive
v0x8f6549d60_0 .net "grc", 0 0, o0x8f6856310;  0 drivers
v0x8f6549e00_0 .net "hi", 31 0, v0x8f6541180_0;  1 drivers
o0x8f6854d50 .functor BUFZ 1, C4<z>; HiZ drive
v0x8f6549ea0_0 .net "hi_in", 0 0, o0x8f6854d50;  0 drivers
o0x8f684c470 .functor BUFZ 1, C4<z>; HiZ drive
v0x8f6549f40_0 .net "hi_out", 0 0, o0x8f684c470;  0 drivers
o0x8f684d310 .functor BUFZ 32, C4<zzzzzzzzzzzzzzzzzzzzzzzzzzzzzzzz>; HiZ drive
v0x8f6549fe0_0 .net "in_port_data_in", 31 0, o0x8f684d310;  0 drivers
o0x8f684c4a0 .functor BUFZ 1, C4<z>; HiZ drive
v0x8f654a080_0 .net "in_port_out", 0 0, o0x8f684c4a0;  0 drivers
v0x8f654a120_0 .net "in_port_q", 31 0, v0x8f6535220_0;  1 drivers
v0x8f654a1c0_0 .net "internal_r_in", 15 0, L_0x8f65ce3a0;  1 drivers
v0x8f654a260_0 .net "internal_r_out", 15 0, L_0x8f65ce440;  1 drivers
o0x8f6854ea0 .functor BUFZ 1, C4<z>; HiZ drive
v0x8f654a300_0 .net "ir_in", 0 0, o0x8f6854ea0;  0 drivers
v0x8f654a3a0_0 .net "ir_val", 31 0, v0x8f65414a0_0;  1 drivers
v0x8f654a440_0 .net "lo", 31 0, v0x8f65417c0_0;  1 drivers
o0x8f6854ff0 .functor BUFZ 1, C4<z>; HiZ drive
v0x8f654a4e0_0 .net "lo_in", 0 0, o0x8f6854ff0;  0 drivers
o0x8f684c4d0 .functor BUFZ 1, C4<z>; HiZ drive
v0x8f654a580_0 .net "lo_out", 0 0, o0x8f684c4d0;  0 drivers
v0x8f654a620_0 .net "mar", 31 0, v0x8f6541ae0_0;  1 drivers
o0x8f6855140 .functor BUFZ 1, C4<z>; HiZ drive
v0x8f654a6c0_0 .net "mar_in", 0 0, o0x8f6855140;  0 drivers
o0x8f684d4c0 .functor BUFZ 1, C4<z>; HiZ drive
v0x8f654a760_0 .net "mdr_in", 0 0, o0x8f684d4c0;  0 drivers
o0x8f684c500 .functor BUFZ 1, C4<z>; HiZ drive
v0x8f654a800_0 .net "mdr_out", 0 0, o0x8f684c500;  0 drivers
v0x8f654a8a0_0 .net "mdr_q", 31 0, v0x8f6535720_0;  1 drivers
v0x8f654a940_0 .net "out_port_data_out", 31 0, v0x8f6535a40_0;  1 drivers
o0x8f684d6a0 .functor BUFZ 1, C4<z>; HiZ drive
v0x8f654a9e0_0 .net "out_port_in", 0 0, o0x8f684d6a0;  0 drivers
v0x8f654aa80_0 .net "pc", 31 0, v0x8f6541e00_0;  1 drivers
o0x8f6855260 .functor BUFZ 1, C4<z>; HiZ drive
v0x8f654ab20_0 .net "pc_in", 0 0, o0x8f6855260;  0 drivers
o0x8f684c530 .functor BUFZ 1, C4<z>; HiZ drive
v0x8f654abc0_0 .net "pc_out", 0 0, o0x8f684c530;  0 drivers
v0x8f654ac60_0 .net "r0", 31 0, L_0x8f65d0150;  1 drivers
v0x8f654ad00_0 .net "r1", 31 0, L_0x8f65d01c0;  1 drivers
v0x8f654ada0_0 .net "r10", 31 0, L_0x8f65d05b0;  1 drivers
v0x8f654ae40_0 .net "r11", 31 0, L_0x8f65d0620;  1 drivers
v0x8f654aee0_0 .net "r12", 31 0, L_0x8f65d0690;  1 drivers
v0x8f654af80_0 .net "r13", 31 0, L_0x8f65d0700;  1 drivers
v0x8f654b020_0 .net "r14", 31 0, L_0x8f65d0770;  1 drivers
v0x8f654b0c0_0 .net "r15", 31 0, L_0x8f65d07e0;  1 drivers
v0x8f654b160_0 .net "r2", 31 0, L_0x8f65d0230;  1 drivers
v0x8f654b200_0 .net "r3", 31 0, L_0x8f65d02a0;  1 drivers
v0x8f654b2a0_0 .net "r4", 31 0, L_0x8f65d0310;  1 drivers
v0x8f654b340_0 .net "r5", 31 0, L_0x8f65d0380;  1 drivers
v0x8f654b3e0_0 .net "r6", 31 0, L_0x8f65d03f0;  1 drivers
v0x8f654b480_0 .net "r7", 31 0, L_0x8f65d0460;  1 drivers
v0x8f654b520_0 .net "r8", 31 0, L_0x8f65d04d0;  1 drivers
v0x8f654b5c0_0 .net "r9", 31 0, L_0x8f65d0540;  1 drivers
v0x8f654b660_0 .net "ram_data_out", 31 0, v0x8f6535e00_0;  1 drivers
o0x8f684d4f0 .functor BUFZ 1, C4<z>; HiZ drive
v0x8f654b700_0 .net "read", 0 0, o0x8f684d4f0;  0 drivers
o0x8f684d1c0 .functor BUFZ 1, C4<z>; HiZ drive
v0x8f654b7a0_0 .net "reset", 0 0, o0x8f684d1c0;  0 drivers
o0x8f68563d0 .functor BUFZ 1, C4<z>; HiZ drive
v0x8f654b840_0 .net "rin", 0 0, o0x8f68563d0;  0 drivers
o0x8f6856400 .functor BUFZ 1, C4<z>; HiZ drive
v0x8f654b8e0_0 .net "rout", 0 0, o0x8f6856400;  0 drivers
o0x8f6853820 .functor BUFZ 1, C4<z>; HiZ drive
v0x8f654b980_0 .net "write", 0 0, o0x8f6853820;  0 drivers
v0x8f654ba20_0 .net "y", 31 0, v0x8f6542440_0;  1 drivers
o0x8f68554d0 .functor BUFZ 1, C4<z>; HiZ drive
v0x8f654bac0_0 .net "y_in", 0 0, o0x8f68554d0;  0 drivers
v0x8f654bb60_0 .net "zhi", 31 0, v0x8f6542760_0;  1 drivers
o0x8f6855620 .functor BUFZ 1, C4<z>; HiZ drive
v0x8f654bc00_0 .net "zhi_in", 0 0, o0x8f6855620;  0 drivers
o0x8f684c590 .functor BUFZ 1, C4<z>; HiZ drive
v0x8f654bca0_0 .net "zhi_out", 0 0, o0x8f684c590;  0 drivers
v0x8f654bd40_0 .net "zlo", 31 0, v0x8f6542a80_0;  1 drivers
o0x8f6855770 .functor BUFZ 1, C4<z>; HiZ drive
v0x8f654bde0_0 .net "zlo_in", 0 0, o0x8f6855770;  0 drivers
o0x8f684c5c0 .functor BUFZ 1, C4<z>; HiZ drive
v0x8f654be80_0 .net "zlo_out", 0 0, o0x8f684c5c0;  0 drivers
L_0x8f65cf5c0 .part v0x8f65414a0_0, 19, 2;
L_0x8f65cf700 .part v0x8f6541ae0_0, 0, 9;
S_0x104db3e30 .scope module, "u_alu" "alu" 3 117, 4 2 0, S_0x104da6c30;
 .timescale -9 -11;
    .port_info 0 /INPUT 32 "A";
    .port_info 1 /INPUT 32 "B";
    .port_info 2 /INPUT 5 "opcode";
    .port_info 3 /OUTPUT 64 "C";
P_0x104dc5f60 .param/l "ADD" 0 4 10, C4<00000>;
P_0x104dc5fa0 .param/l "AND" 0 4 12, C4<00010>;
P_0x104dc5fe0 .param/l "DIV" 0 4 19, C4<01100>;
P_0x104dc6020 .param/l "INC" 0 4 25, C4<10000>;
P_0x104dc6060 .param/l "MUL" 0 4 20, C4<01101>;
P_0x104dc60a0 .param/l "NEG" 0 4 21, C4<01110>;
P_0x104dc60e0 .param/l "NOT" 0 4 22, C4<01111>;
P_0x104dc6120 .param/l "OR" 0 4 13, C4<00011>;
P_0x104dc6160 .param/l "ROTL" 0 4 18, C4<01000>;
P_0x104dc61a0 .param/l "ROTR" 0 4 17, C4<00111>;
P_0x104dc61e0 .param/l "SHL" 0 4 16, C4<00110>;
P_0x104dc6220 .param/l "SHR" 0 4 14, C4<00100>;
P_0x104dc6260 .param/l "SHRA" 0 4 15, C4<00101>;
P_0x104dc62a0 .param/l "SUB" 0 4 11, C4<00001>;
v0x8f65278e0_0 .net "A", 31 0, v0x8f6542440_0;  alias, 1 drivers
v0x8f6527980_0 .net "B", 31 0, v0x8f6529f40_0;  alias, 1 drivers
v0x8f6527a20_0 .var "C", 63 0;
v0x8f6527ac0_0 .net "add_result", 31 0, v0x8f6cfc960_0;  1 drivers
v0x8f6527b60_0 .net "and_result", 31 0, L_0x8f70dbe80;  1 drivers
v0x8f6527c00_0 .net "div_result", 63 0, v0x8f64fcbe0_0;  1 drivers
v0x8f6527ca0_0 .net "inc_result", 31 0, L_0x8f7149900;  1 drivers
v0x8f6527d40_0 .net "mul_result", 63 0, L_0x8f65d11f0;  1 drivers
v0x8f6527de0_0 .net "neg_result", 31 0, L_0x8f7545540;  1 drivers
v0x8f6527e80_0 .net "not_result", 31 0, L_0x8f7545360;  1 drivers
v0x8f6527f20_0 .net "opcode", 4 0, o0x8f684b240;  alias, 0 drivers
v0x8f6528000_0 .net "or_result", 31 0, L_0x8f70dbf20;  1 drivers
v0x8f65280a0_0 .net "rotl_result", 31 0, L_0x8f6c72bc0;  1 drivers
v0x8f6528140_0 .net "rotr_result", 31 0, L_0x8f6c72b50;  1 drivers
v0x8f65281e0_0 .net "shiftl_result", 31 0, v0x8f6526f80_0;  1 drivers
v0x8f6528280_0 .net "shr_result", 31 0, v0x8f6527200_0;  1 drivers
v0x8f6528320_0 .net "shra_result", 31 0, L_0x8f71494a0;  1 drivers
v0x8f65283c0_0 .net "sub_result", 31 0, v0x8f6527700_0;  1 drivers
E_0x8f7520f40/0 .event anyedge, v0x8f6527f20_0, v0x8f6cfc960_0, v0x8f6527700_0, v0x8f64fd540_0;
E_0x8f7520f40/1 .event anyedge, v0x8f64fcbe0_0, v0x8f64fc780_0, v0x8f6526080_0, v0x8f6527200_0;
E_0x8f7520f40/2 .event anyedge, v0x8f6527480_0, v0x8f6526f80_0, v0x8f65269e0_0, v0x8f6526440_0;
E_0x8f7520f40/3 .event anyedge, v0x8f650b700_0, v0x8f651a260_0, v0x8f6526260_0;
E_0x8f7520f40 .event/or E_0x8f7520f40/0, E_0x8f7520f40/1, E_0x8f7520f40/2, E_0x8f7520f40/3;
L_0x8f6d10140 .part v0x8f6529f40_0, 0, 5;
L_0x8f6d101e0 .part v0x8f6529f40_0, 0, 5;
L_0x8f6d10280 .part v0x8f6529f40_0, 0, 5;
L_0x8f6d10320 .part v0x8f6529f40_0, 0, 5;
L_0x8f6d103c0 .part v0x8f6529f40_0, 0, 5;
S_0x104dc62e0 .scope module, "add_unit" "adder" 4 44, 5 1 0, S_0x104db3e30;
 .timescale -9 -11;
    .port_info 0 /INPUT 32 "A";
    .port_info 1 /INPUT 32 "B";
    .port_info 2 /OUTPUT 32 "sum";
v0x8f6cfc6e0_0 .net "A", 31 0, v0x8f6542440_0;  alias, 1 drivers
v0x8f6cfc780_0 .net "B", 31 0, v0x8f6529f40_0;  alias, 1 drivers
v0x8f6cfc820_0 .var "carry", 32 0;
v0x8f6cfc8c0_0 .var/i "i", 31 0;
v0x8f6cfc960_0 .var "sum", 31 0;
E_0x8f7520f80 .event anyedge, v0x8f6cfc6e0_0, v0x8f6cfc780_0, v0x8f6cfc820_0;
S_0x104db3fb0 .scope module, "and_unit" "and_" 4 68, 6 1 0, S_0x104db3e30;
 .timescale -9 -11;
    .port_info 0 /INPUT 32 "A";
    .port_info 1 /INPUT 32 "B";
    .port_info 2 /OUTPUT 32 "C";
v0x8f64fc640_0 .net "A", 31 0, v0x8f6542440_0;  alias, 1 drivers
v0x8f64fc6e0_0 .net "B", 31 0, v0x8f6529f40_0;  alias, 1 drivers
v0x8f64fc780_0 .net "C", 31 0, L_0x8f70dbe80;  alias, 1 drivers
L_0x8f65cf840 .part v0x8f6542440_0, 0, 1;
L_0x8f65cf8e0 .part v0x8f6529f40_0, 0, 1;
L_0x8f65cf980 .part v0x8f6542440_0, 1, 1;
L_0x8f65cfa20 .part v0x8f6529f40_0, 1, 1;
L_0x8f65cfac0 .part v0x8f6542440_0, 2, 1;
L_0x8f65cfb60 .part v0x8f6529f40_0, 2, 1;
L_0x8f65cfc00 .part v0x8f6542440_0, 3, 1;
L_0x8f65cfca0 .part v0x8f6529f40_0, 3, 1;
L_0x8f65cfd40 .part v0x8f6542440_0, 4, 1;
L_0x8f65cfde0 .part v0x8f6529f40_0, 4, 1;
L_0x8f65cfe80 .part v0x8f6542440_0, 5, 1;
L_0x8f65cff20 .part v0x8f6529f40_0, 5, 1;
L_0x8f65d4000 .part v0x8f6542440_0, 6, 1;
L_0x8f65d40a0 .part v0x8f6529f40_0, 6, 1;
L_0x8f65d4140 .part v0x8f6542440_0, 7, 1;
L_0x8f65d41e0 .part v0x8f6529f40_0, 7, 1;
L_0x8f65d4280 .part v0x8f6542440_0, 8, 1;
L_0x8f65d4320 .part v0x8f6529f40_0, 8, 1;
L_0x8f65d43c0 .part v0x8f6542440_0, 9, 1;
L_0x8f65d4460 .part v0x8f6529f40_0, 9, 1;
L_0x8f65d4500 .part v0x8f6542440_0, 10, 1;
L_0x8f65d45a0 .part v0x8f6529f40_0, 10, 1;
L_0x8f65d4640 .part v0x8f6542440_0, 11, 1;
L_0x8f65d46e0 .part v0x8f6529f40_0, 11, 1;
L_0x8f65d4780 .part v0x8f6542440_0, 12, 1;
L_0x8f65d4820 .part v0x8f6529f40_0, 12, 1;
L_0x8f65d48c0 .part v0x8f6542440_0, 13, 1;
L_0x8f65d4960 .part v0x8f6529f40_0, 13, 1;
L_0x8f65d4a00 .part v0x8f6542440_0, 14, 1;
L_0x8f65d4aa0 .part v0x8f6529f40_0, 14, 1;
L_0x8f65d4b40 .part v0x8f6542440_0, 15, 1;
L_0x8f65d4be0 .part v0x8f6529f40_0, 15, 1;
L_0x8f65d4c80 .part v0x8f6542440_0, 16, 1;
L_0x8f65d4d20 .part v0x8f6529f40_0, 16, 1;
L_0x8f65d4dc0 .part v0x8f6542440_0, 17, 1;
L_0x8f65d4e60 .part v0x8f6529f40_0, 17, 1;
L_0x8f65d4f00 .part v0x8f6542440_0, 18, 1;
L_0x8f65d4fa0 .part v0x8f6529f40_0, 18, 1;
L_0x8f65d5040 .part v0x8f6542440_0, 19, 1;
L_0x8f65d50e0 .part v0x8f6529f40_0, 19, 1;
L_0x8f65d5180 .part v0x8f6542440_0, 20, 1;
L_0x8f65d5220 .part v0x8f6529f40_0, 20, 1;
L_0x8f65d52c0 .part v0x8f6542440_0, 21, 1;
L_0x8f65d5360 .part v0x8f6529f40_0, 21, 1;
L_0x8f65d5400 .part v0x8f6542440_0, 22, 1;
L_0x8f65d54a0 .part v0x8f6529f40_0, 22, 1;
L_0x8f65d5540 .part v0x8f6542440_0, 23, 1;
L_0x8f65d55e0 .part v0x8f6529f40_0, 23, 1;
L_0x8f65d5680 .part v0x8f6542440_0, 24, 1;
L_0x8f65d5720 .part v0x8f6529f40_0, 24, 1;
L_0x8f65d57c0 .part v0x8f6542440_0, 25, 1;
L_0x8f65d5860 .part v0x8f6529f40_0, 25, 1;
L_0x8f65d5900 .part v0x8f6542440_0, 26, 1;
L_0x8f65d59a0 .part v0x8f6529f40_0, 26, 1;
L_0x8f65d5a40 .part v0x8f6542440_0, 27, 1;
L_0x8f65d5ae0 .part v0x8f6529f40_0, 27, 1;
L_0x8f65d5b80 .part v0x8f6542440_0, 28, 1;
L_0x8f65d5c20 .part v0x8f6529f40_0, 28, 1;
L_0x8f65d5cc0 .part v0x8f6542440_0, 29, 1;
L_0x8f65d5d60 .part v0x8f6529f40_0, 29, 1;
L_0x8f65d5e00 .part v0x8f6542440_0, 30, 1;
L_0x8f65d5ea0 .part v0x8f6529f40_0, 30, 1;
LS_0x8f70dbe80_0_0 .concat8 [ 1 1 1 1], L_0x8f65d1260, L_0x8f65d12d0, L_0x8f65d1340, L_0x8f65d13b0;
LS_0x8f70dbe80_0_4 .concat8 [ 1 1 1 1], L_0x8f65d1420, L_0x8f65d1490, L_0x8f65d1570, L_0x8f65d1500;
LS_0x8f70dbe80_0_8 .concat8 [ 1 1 1 1], L_0x8f65d15e0, L_0x8f65d1650, L_0x8f65d16c0, L_0x8f65d1730;
LS_0x8f70dbe80_0_12 .concat8 [ 1 1 1 1], L_0x8f65d17a0, L_0x8f65d1810, L_0x8f65d1880, L_0x8f65d18f0;
LS_0x8f70dbe80_0_16 .concat8 [ 1 1 1 1], L_0x8f65d1960, L_0x8f65d19d0, L_0x8f65d1a40, L_0x8f65d1ab0;
LS_0x8f70dbe80_0_20 .concat8 [ 1 1 1 1], L_0x8f65d1b20, L_0x8f65d1b90, L_0x8f65d1c00, L_0x8f65d1c70;
LS_0x8f70dbe80_0_24 .concat8 [ 1 1 1 1], L_0x8f65d1ce0, L_0x8f65d1d50, L_0x8f65d1dc0, L_0x8f65d1e30;
LS_0x8f70dbe80_0_28 .concat8 [ 1 1 1 1], L_0x8f65d1ea0, L_0x8f65d1f10, L_0x8f65d1f80, L_0x8f65d1ff0;
LS_0x8f70dbe80_1_0 .concat8 [ 4 4 4 4], LS_0x8f70dbe80_0_0, LS_0x8f70dbe80_0_4, LS_0x8f70dbe80_0_8, LS_0x8f70dbe80_0_12;
LS_0x8f70dbe80_1_4 .concat8 [ 4 4 4 4], LS_0x8f70dbe80_0_16, LS_0x8f70dbe80_0_20, LS_0x8f70dbe80_0_24, LS_0x8f70dbe80_0_28;
L_0x8f70dbe80 .concat8 [ 16 16 0 0], LS_0x8f70dbe80_1_0, LS_0x8f70dbe80_1_4;
L_0x8f65d5f40 .part v0x8f6542440_0, 31, 1;
L_0x8f65d5fe0 .part v0x8f6529f40_0, 31, 1;
S_0x104db27b0 .scope generate, "loop[0]" "loop[0]" 6 9, 6 9 0, S_0x104db3fb0;
 .timescale -9 -11;
P_0x8f6c02f80 .param/l "i" 1 6 9, +C4<00>;
L_0x8f65d1260 .functor AND 1, L_0x8f65cf840, L_0x8f65cf8e0, C4<1>, C4<1>;
v0x8f6cfca00_0 .net *"_ivl_0", 0 0, L_0x8f65cf840;  1 drivers
v0x8f6cfcaa0_0 .net *"_ivl_1", 0 0, L_0x8f65cf8e0;  1 drivers
v0x8f6cfcb40_0 .net *"_ivl_2", 0 0, L_0x8f65d1260;  1 drivers
S_0x104db2930 .scope generate, "loop[1]" "loop[1]" 6 9, 6 9 0, S_0x104db3fb0;
 .timescale -9 -11;
P_0x8f6c02fc0 .param/l "i" 1 6 9, +C4<01>;
L_0x8f65d12d0 .functor AND 1, L_0x8f65cf980, L_0x8f65cfa20, C4<1>, C4<1>;
v0x8f6cfcbe0_0 .net *"_ivl_0", 0 0, L_0x8f65cf980;  1 drivers
v0x8f6cfcc80_0 .net *"_ivl_1", 0 0, L_0x8f65cfa20;  1 drivers
v0x8f6cfcd20_0 .net *"_ivl_2", 0 0, L_0x8f65d12d0;  1 drivers
S_0x104db1fd0 .scope generate, "loop[2]" "loop[2]" 6 9, 6 9 0, S_0x104db3fb0;
 .timescale -9 -11;
P_0x8f6c03000 .param/l "i" 1 6 9, +C4<010>;
L_0x8f65d1340 .functor AND 1, L_0x8f65cfac0, L_0x8f65cfb60, C4<1>, C4<1>;
v0x8f6cfcdc0_0 .net *"_ivl_0", 0 0, L_0x8f65cfac0;  1 drivers
v0x8f6cfce60_0 .net *"_ivl_1", 0 0, L_0x8f65cfb60;  1 drivers
v0x8f6cfcf00_0 .net *"_ivl_2", 0 0, L_0x8f65d1340;  1 drivers
S_0x104db2150 .scope generate, "loop[3]" "loop[3]" 6 9, 6 9 0, S_0x104db3fb0;
 .timescale -9 -11;
P_0x8f6c03040 .param/l "i" 1 6 9, +C4<011>;
L_0x8f65d13b0 .functor AND 1, L_0x8f65cfc00, L_0x8f65cfca0, C4<1>, C4<1>;
v0x8f6cfcfa0_0 .net *"_ivl_0", 0 0, L_0x8f65cfc00;  1 drivers
v0x8f6cfd040_0 .net *"_ivl_1", 0 0, L_0x8f65cfca0;  1 drivers
v0x8f6cfd0e0_0 .net *"_ivl_2", 0 0, L_0x8f65d13b0;  1 drivers
S_0x104db1610 .scope generate, "loop[4]" "loop[4]" 6 9, 6 9 0, S_0x104db3fb0;
 .timescale -9 -11;
P_0x8f6c03080 .param/l "i" 1 6 9, +C4<0100>;
L_0x8f65d1420 .functor AND 1, L_0x8f65cfd40, L_0x8f65cfde0, C4<1>, C4<1>;
v0x8f6cfd180_0 .net *"_ivl_0", 0 0, L_0x8f65cfd40;  1 drivers
v0x8f6cfd220_0 .net *"_ivl_1", 0 0, L_0x8f65cfde0;  1 drivers
v0x8f6cfd2c0_0 .net *"_ivl_2", 0 0, L_0x8f65d1420;  1 drivers
S_0x8f64f4000 .scope generate, "loop[5]" "loop[5]" 6 9, 6 9 0, S_0x104db3fb0;
 .timescale -9 -11;
P_0x8f6c030c0 .param/l "i" 1 6 9, +C4<0101>;
L_0x8f65d1490 .functor AND 1, L_0x8f65cfe80, L_0x8f65cff20, C4<1>, C4<1>;
v0x8f6cfd360_0 .net *"_ivl_0", 0 0, L_0x8f65cfe80;  1 drivers
v0x8f6cfd400_0 .net *"_ivl_1", 0 0, L_0x8f65cff20;  1 drivers
v0x8f6cfd4a0_0 .net *"_ivl_2", 0 0, L_0x8f65d1490;  1 drivers
S_0x8f64f4180 .scope generate, "loop[6]" "loop[6]" 6 9, 6 9 0, S_0x104db3fb0;
 .timescale -9 -11;
P_0x8f6c03100 .param/l "i" 1 6 9, +C4<0110>;
L_0x8f65d1570 .functor AND 1, L_0x8f65d4000, L_0x8f65d40a0, C4<1>, C4<1>;
v0x8f6cfd540_0 .net *"_ivl_0", 0 0, L_0x8f65d4000;  1 drivers
v0x8f6cfd5e0_0 .net *"_ivl_1", 0 0, L_0x8f65d40a0;  1 drivers
v0x8f6cfd680_0 .net *"_ivl_2", 0 0, L_0x8f65d1570;  1 drivers
S_0x8f64f4300 .scope generate, "loop[7]" "loop[7]" 6 9, 6 9 0, S_0x104db3fb0;
 .timescale -9 -11;
P_0x8f6c03140 .param/l "i" 1 6 9, +C4<0111>;
L_0x8f65d1500 .functor AND 1, L_0x8f65d4140, L_0x8f65d41e0, C4<1>, C4<1>;
v0x8f6cfd720_0 .net *"_ivl_0", 0 0, L_0x8f65d4140;  1 drivers
v0x8f6cfd7c0_0 .net *"_ivl_1", 0 0, L_0x8f65d41e0;  1 drivers
v0x8f6cfd860_0 .net *"_ivl_2", 0 0, L_0x8f65d1500;  1 drivers
S_0x8f64f4480 .scope generate, "loop[8]" "loop[8]" 6 9, 6 9 0, S_0x104db3fb0;
 .timescale -9 -11;
P_0x8f6c03180 .param/l "i" 1 6 9, +C4<01000>;
L_0x8f65d15e0 .functor AND 1, L_0x8f65d4280, L_0x8f65d4320, C4<1>, C4<1>;
v0x8f6cfd900_0 .net *"_ivl_0", 0 0, L_0x8f65d4280;  1 drivers
v0x8f6cfd9a0_0 .net *"_ivl_1", 0 0, L_0x8f65d4320;  1 drivers
v0x8f6cfda40_0 .net *"_ivl_2", 0 0, L_0x8f65d15e0;  1 drivers
S_0x8f64f4600 .scope generate, "loop[9]" "loop[9]" 6 9, 6 9 0, S_0x104db3fb0;
 .timescale -9 -11;
P_0x8f6c031c0 .param/l "i" 1 6 9, +C4<01001>;
L_0x8f65d1650 .functor AND 1, L_0x8f65d43c0, L_0x8f65d4460, C4<1>, C4<1>;
v0x8f6cfdae0_0 .net *"_ivl_0", 0 0, L_0x8f65d43c0;  1 drivers
v0x8f6cfdb80_0 .net *"_ivl_1", 0 0, L_0x8f65d4460;  1 drivers
v0x8f6cfdc20_0 .net *"_ivl_2", 0 0, L_0x8f65d1650;  1 drivers
S_0x8f64f4780 .scope generate, "loop[10]" "loop[10]" 6 9, 6 9 0, S_0x104db3fb0;
 .timescale -9 -11;
P_0x8f6c03200 .param/l "i" 1 6 9, +C4<01010>;
L_0x8f65d16c0 .functor AND 1, L_0x8f65d4500, L_0x8f65d45a0, C4<1>, C4<1>;
v0x8f6cfdcc0_0 .net *"_ivl_0", 0 0, L_0x8f65d4500;  1 drivers
v0x8f6cfdd60_0 .net *"_ivl_1", 0 0, L_0x8f65d45a0;  1 drivers
v0x8f6cfde00_0 .net *"_ivl_2", 0 0, L_0x8f65d16c0;  1 drivers
S_0x8f64f4900 .scope generate, "loop[11]" "loop[11]" 6 9, 6 9 0, S_0x104db3fb0;
 .timescale -9 -11;
P_0x8f6c03240 .param/l "i" 1 6 9, +C4<01011>;
L_0x8f65d1730 .functor AND 1, L_0x8f65d4640, L_0x8f65d46e0, C4<1>, C4<1>;
v0x8f6cfdea0_0 .net *"_ivl_0", 0 0, L_0x8f65d4640;  1 drivers
v0x8f6cfdf40_0 .net *"_ivl_1", 0 0, L_0x8f65d46e0;  1 drivers
v0x8f6cfdfe0_0 .net *"_ivl_2", 0 0, L_0x8f65d1730;  1 drivers
S_0x8f64f4a80 .scope generate, "loop[12]" "loop[12]" 6 9, 6 9 0, S_0x104db3fb0;
 .timescale -9 -11;
P_0x8f6c03280 .param/l "i" 1 6 9, +C4<01100>;
L_0x8f65d17a0 .functor AND 1, L_0x8f65d4780, L_0x8f65d4820, C4<1>, C4<1>;
v0x8f6cfe080_0 .net *"_ivl_0", 0 0, L_0x8f65d4780;  1 drivers
v0x8f6cfe120_0 .net *"_ivl_1", 0 0, L_0x8f65d4820;  1 drivers
v0x8f6cfe1c0_0 .net *"_ivl_2", 0 0, L_0x8f65d17a0;  1 drivers
S_0x8f64f4c00 .scope generate, "loop[13]" "loop[13]" 6 9, 6 9 0, S_0x104db3fb0;
 .timescale -9 -11;
P_0x8f6c032c0 .param/l "i" 1 6 9, +C4<01101>;
L_0x8f65d1810 .functor AND 1, L_0x8f65d48c0, L_0x8f65d4960, C4<1>, C4<1>;
v0x8f6cfe260_0 .net *"_ivl_0", 0 0, L_0x8f65d48c0;  1 drivers
v0x8f6cfe300_0 .net *"_ivl_1", 0 0, L_0x8f65d4960;  1 drivers
v0x8f6cfe3a0_0 .net *"_ivl_2", 0 0, L_0x8f65d1810;  1 drivers
S_0x8f64f4d80 .scope generate, "loop[14]" "loop[14]" 6 9, 6 9 0, S_0x104db3fb0;
 .timescale -9 -11;
P_0x8f6c03300 .param/l "i" 1 6 9, +C4<01110>;
L_0x8f65d1880 .functor AND 1, L_0x8f65d4a00, L_0x8f65d4aa0, C4<1>, C4<1>;
v0x8f6cfe440_0 .net *"_ivl_0", 0 0, L_0x8f65d4a00;  1 drivers
v0x8f6cfe4e0_0 .net *"_ivl_1", 0 0, L_0x8f65d4aa0;  1 drivers
v0x8f6cfe580_0 .net *"_ivl_2", 0 0, L_0x8f65d1880;  1 drivers
S_0x8f64f4f00 .scope generate, "loop[15]" "loop[15]" 6 9, 6 9 0, S_0x104db3fb0;
 .timescale -9 -11;
P_0x8f6c03340 .param/l "i" 1 6 9, +C4<01111>;
L_0x8f65d18f0 .functor AND 1, L_0x8f65d4b40, L_0x8f65d4be0, C4<1>, C4<1>;
v0x8f6cfe620_0 .net *"_ivl_0", 0 0, L_0x8f65d4b40;  1 drivers
v0x8f6cfe6c0_0 .net *"_ivl_1", 0 0, L_0x8f65d4be0;  1 drivers
v0x8f6cfe760_0 .net *"_ivl_2", 0 0, L_0x8f65d18f0;  1 drivers
S_0x8f64f5080 .scope generate, "loop[16]" "loop[16]" 6 9, 6 9 0, S_0x104db3fb0;
 .timescale -9 -11;
P_0x8f6c03380 .param/l "i" 1 6 9, +C4<010000>;
L_0x8f65d1960 .functor AND 1, L_0x8f65d4c80, L_0x8f65d4d20, C4<1>, C4<1>;
v0x8f6cfe800_0 .net *"_ivl_0", 0 0, L_0x8f65d4c80;  1 drivers
v0x8f6cfe8a0_0 .net *"_ivl_1", 0 0, L_0x8f65d4d20;  1 drivers
v0x8f6cfe940_0 .net *"_ivl_2", 0 0, L_0x8f65d1960;  1 drivers
S_0x8f64f5200 .scope generate, "loop[17]" "loop[17]" 6 9, 6 9 0, S_0x104db3fb0;
 .timescale -9 -11;
P_0x8f6c033c0 .param/l "i" 1 6 9, +C4<010001>;
L_0x8f65d19d0 .functor AND 1, L_0x8f65d4dc0, L_0x8f65d4e60, C4<1>, C4<1>;
v0x8f6cfe9e0_0 .net *"_ivl_0", 0 0, L_0x8f65d4dc0;  1 drivers
v0x8f6cfea80_0 .net *"_ivl_1", 0 0, L_0x8f65d4e60;  1 drivers
v0x8f6cfeb20_0 .net *"_ivl_2", 0 0, L_0x8f65d19d0;  1 drivers
S_0x8f64f5380 .scope generate, "loop[18]" "loop[18]" 6 9, 6 9 0, S_0x104db3fb0;
 .timescale -9 -11;
P_0x8f6c03400 .param/l "i" 1 6 9, +C4<010010>;
L_0x8f65d1a40 .functor AND 1, L_0x8f65d4f00, L_0x8f65d4fa0, C4<1>, C4<1>;
v0x8f6cfebc0_0 .net *"_ivl_0", 0 0, L_0x8f65d4f00;  1 drivers
v0x8f6cfec60_0 .net *"_ivl_1", 0 0, L_0x8f65d4fa0;  1 drivers
v0x8f6cfed00_0 .net *"_ivl_2", 0 0, L_0x8f65d1a40;  1 drivers
S_0x8f64f5500 .scope generate, "loop[19]" "loop[19]" 6 9, 6 9 0, S_0x104db3fb0;
 .timescale -9 -11;
P_0x8f6c03440 .param/l "i" 1 6 9, +C4<010011>;
L_0x8f65d1ab0 .functor AND 1, L_0x8f65d5040, L_0x8f65d50e0, C4<1>, C4<1>;
v0x8f6cfeda0_0 .net *"_ivl_0", 0 0, L_0x8f65d5040;  1 drivers
v0x8f6cfee40_0 .net *"_ivl_1", 0 0, L_0x8f65d50e0;  1 drivers
v0x8f6cfeee0_0 .net *"_ivl_2", 0 0, L_0x8f65d1ab0;  1 drivers
S_0x8f64f5680 .scope generate, "loop[20]" "loop[20]" 6 9, 6 9 0, S_0x104db3fb0;
 .timescale -9 -11;
P_0x8f6c03480 .param/l "i" 1 6 9, +C4<010100>;
L_0x8f65d1b20 .functor AND 1, L_0x8f65d5180, L_0x8f65d5220, C4<1>, C4<1>;
v0x8f6cfef80_0 .net *"_ivl_0", 0 0, L_0x8f65d5180;  1 drivers
v0x8f6cff020_0 .net *"_ivl_1", 0 0, L_0x8f65d5220;  1 drivers
v0x8f6cff0c0_0 .net *"_ivl_2", 0 0, L_0x8f65d1b20;  1 drivers
S_0x8f64f5800 .scope generate, "loop[21]" "loop[21]" 6 9, 6 9 0, S_0x104db3fb0;
 .timescale -9 -11;
P_0x8f6c034c0 .param/l "i" 1 6 9, +C4<010101>;
L_0x8f65d1b90 .functor AND 1, L_0x8f65d52c0, L_0x8f65d5360, C4<1>, C4<1>;
v0x8f6cff160_0 .net *"_ivl_0", 0 0, L_0x8f65d52c0;  1 drivers
v0x8f6cff200_0 .net *"_ivl_1", 0 0, L_0x8f65d5360;  1 drivers
v0x8f6cff2a0_0 .net *"_ivl_2", 0 0, L_0x8f65d1b90;  1 drivers
S_0x8f64f5980 .scope generate, "loop[22]" "loop[22]" 6 9, 6 9 0, S_0x104db3fb0;
 .timescale -9 -11;
P_0x8f6c03500 .param/l "i" 1 6 9, +C4<010110>;
L_0x8f65d1c00 .functor AND 1, L_0x8f65d5400, L_0x8f65d54a0, C4<1>, C4<1>;
v0x8f6cff340_0 .net *"_ivl_0", 0 0, L_0x8f65d5400;  1 drivers
v0x8f6cff3e0_0 .net *"_ivl_1", 0 0, L_0x8f65d54a0;  1 drivers
v0x8f6cff480_0 .net *"_ivl_2", 0 0, L_0x8f65d1c00;  1 drivers
S_0x8f64f5b00 .scope generate, "loop[23]" "loop[23]" 6 9, 6 9 0, S_0x104db3fb0;
 .timescale -9 -11;
P_0x8f6c03540 .param/l "i" 1 6 9, +C4<010111>;
L_0x8f65d1c70 .functor AND 1, L_0x8f65d5540, L_0x8f65d55e0, C4<1>, C4<1>;
v0x8f6cff520_0 .net *"_ivl_0", 0 0, L_0x8f65d5540;  1 drivers
v0x8f6cff5c0_0 .net *"_ivl_1", 0 0, L_0x8f65d55e0;  1 drivers
v0x8f6cff660_0 .net *"_ivl_2", 0 0, L_0x8f65d1c70;  1 drivers
S_0x8f64f5c80 .scope generate, "loop[24]" "loop[24]" 6 9, 6 9 0, S_0x104db3fb0;
 .timescale -9 -11;
P_0x8f6c03580 .param/l "i" 1 6 9, +C4<011000>;
L_0x8f65d1ce0 .functor AND 1, L_0x8f65d5680, L_0x8f65d5720, C4<1>, C4<1>;
v0x8f6cff700_0 .net *"_ivl_0", 0 0, L_0x8f65d5680;  1 drivers
v0x8f6cff7a0_0 .net *"_ivl_1", 0 0, L_0x8f65d5720;  1 drivers
v0x8f6cff840_0 .net *"_ivl_2", 0 0, L_0x8f65d1ce0;  1 drivers
S_0x8f64f5e00 .scope generate, "loop[25]" "loop[25]" 6 9, 6 9 0, S_0x104db3fb0;
 .timescale -9 -11;
P_0x8f6c035c0 .param/l "i" 1 6 9, +C4<011001>;
L_0x8f65d1d50 .functor AND 1, L_0x8f65d57c0, L_0x8f65d5860, C4<1>, C4<1>;
v0x8f6cff8e0_0 .net *"_ivl_0", 0 0, L_0x8f65d57c0;  1 drivers
v0x8f6cff980_0 .net *"_ivl_1", 0 0, L_0x8f65d5860;  1 drivers
v0x8f6cffa20_0 .net *"_ivl_2", 0 0, L_0x8f65d1d50;  1 drivers
S_0x8f64f5f80 .scope generate, "loop[26]" "loop[26]" 6 9, 6 9 0, S_0x104db3fb0;
 .timescale -9 -11;
P_0x8f6c03600 .param/l "i" 1 6 9, +C4<011010>;
L_0x8f65d1dc0 .functor AND 1, L_0x8f65d5900, L_0x8f65d59a0, C4<1>, C4<1>;
v0x8f6cffac0_0 .net *"_ivl_0", 0 0, L_0x8f65d5900;  1 drivers
v0x8f6cffb60_0 .net *"_ivl_1", 0 0, L_0x8f65d59a0;  1 drivers
v0x8f6cffc00_0 .net *"_ivl_2", 0 0, L_0x8f65d1dc0;  1 drivers
S_0x8f64f6100 .scope generate, "loop[27]" "loop[27]" 6 9, 6 9 0, S_0x104db3fb0;
 .timescale -9 -11;
P_0x8f6c03640 .param/l "i" 1 6 9, +C4<011011>;
L_0x8f65d1e30 .functor AND 1, L_0x8f65d5a40, L_0x8f65d5ae0, C4<1>, C4<1>;
v0x8f6cffca0_0 .net *"_ivl_0", 0 0, L_0x8f65d5a40;  1 drivers
v0x8f6cffd40_0 .net *"_ivl_1", 0 0, L_0x8f65d5ae0;  1 drivers
v0x8f6cffde0_0 .net *"_ivl_2", 0 0, L_0x8f65d1e30;  1 drivers
S_0x8f64f6280 .scope generate, "loop[28]" "loop[28]" 6 9, 6 9 0, S_0x104db3fb0;
 .timescale -9 -11;
P_0x8f6c03680 .param/l "i" 1 6 9, +C4<011100>;
L_0x8f65d1ea0 .functor AND 1, L_0x8f65d5b80, L_0x8f65d5c20, C4<1>, C4<1>;
v0x8f6cffe80_0 .net *"_ivl_0", 0 0, L_0x8f65d5b80;  1 drivers
v0x8f6cfff20_0 .net *"_ivl_1", 0 0, L_0x8f65d5c20;  1 drivers
v0x8f64fc000_0 .net *"_ivl_2", 0 0, L_0x8f65d1ea0;  1 drivers
S_0x8f64f6400 .scope generate, "loop[29]" "loop[29]" 6 9, 6 9 0, S_0x104db3fb0;
 .timescale -9 -11;
P_0x8f6c036c0 .param/l "i" 1 6 9, +C4<011101>;
L_0x8f65d1f10 .functor AND 1, L_0x8f65d5cc0, L_0x8f65d5d60, C4<1>, C4<1>;
v0x8f64fc0a0_0 .net *"_ivl_0", 0 0, L_0x8f65d5cc0;  1 drivers
v0x8f64fc140_0 .net *"_ivl_1", 0 0, L_0x8f65d5d60;  1 drivers
v0x8f64fc1e0_0 .net *"_ivl_2", 0 0, L_0x8f65d1f10;  1 drivers
S_0x8f64f6580 .scope generate, "loop[30]" "loop[30]" 6 9, 6 9 0, S_0x104db3fb0;
 .timescale -9 -11;
P_0x8f6c03700 .param/l "i" 1 6 9, +C4<011110>;
L_0x8f65d1f80 .functor AND 1, L_0x8f65d5e00, L_0x8f65d5ea0, C4<1>, C4<1>;
v0x8f64fc280_0 .net *"_ivl_0", 0 0, L_0x8f65d5e00;  1 drivers
v0x8f64fc320_0 .net *"_ivl_1", 0 0, L_0x8f65d5ea0;  1 drivers
v0x8f64fc3c0_0 .net *"_ivl_2", 0 0, L_0x8f65d1f80;  1 drivers
S_0x8f64f6700 .scope generate, "loop[31]" "loop[31]" 6 9, 6 9 0, S_0x104db3fb0;
 .timescale -9 -11;
P_0x8f6c03740 .param/l "i" 1 6 9, +C4<011111>;
L_0x8f65d1ff0 .functor AND 1, L_0x8f65d5f40, L_0x8f65d5fe0, C4<1>, C4<1>;
v0x8f64fc460_0 .net *"_ivl_0", 0 0, L_0x8f65d5f40;  1 drivers
v0x8f64fc500_0 .net *"_ivl_1", 0 0, L_0x8f65d5fe0;  1 drivers
v0x8f64fc5a0_0 .net *"_ivl_2", 0 0, L_0x8f65d1ff0;  1 drivers
S_0x8f64f6880 .scope module, "div_unit" "div" 4 62, 7 1 0, S_0x104db3e30;
 .timescale -9 -11;
    .port_info 0 /INPUT 32 "dividend";
    .port_info 1 /INPUT 32 "divisor";
    .port_info 2 /OUTPUT 64 "res";
v0x8f64fc820_0 .var "A", 31 0;
v0x8f64fc8c0_0 .var "M", 31 0;
v0x8f64fc960_0 .var "Q", 31 0;
v0x8f64fca00_0 .net/s "dividend", 31 0, v0x8f6542440_0;  alias, 1 drivers
v0x8f64fcaa0_0 .net/s "divisor", 31 0, v0x8f6529f40_0;  alias, 1 drivers
v0x8f64fcb40_0 .var/i "i", 31 0;
v0x8f64fcbe0_0 .var "res", 63 0;
E_0x8f75217c0/0 .event anyedge, v0x8f6cfc6e0_0, v0x8f6cfc780_0, v0x8f64fc820_0, v0x8f64fc960_0;
E_0x8f75217c0/1 .event anyedge, v0x8f64fc8c0_0;
E_0x8f75217c0 .event/or E_0x8f75217c0/0, E_0x8f75217c0/1;
S_0x8f64f6a00 .scope module, "mul_unit" "mult" 4 56, 8 1 0, S_0x104db3e30;
 .timescale -9 -11;
    .port_info 0 /INPUT 32 "a";
    .port_info 1 /INPUT 32 "b";
    .port_info 2 /OUTPUT 64 "z";
L_0x8f65d1110 .functor NOT 1, L_0x8f65cf7a0, C4<0>, C4<0>, C4<0>;
L_0x8f65d1180 .functor NOT 32, v0x8f6542440_0, C4<00000000000000000000000000000000>, C4<00000000000000000000000000000000>, C4<00000000000000000000000000000000>;
L_0x8f65d11f0 .functor BUFZ 64, v0x8f64fd400_0, C4<0000000000000000000000000000000000000000000000000000000000000000>, C4<0000000000000000000000000000000000000000000000000000000000000000>, C4<0000000000000000000000000000000000000000000000000000000000000000>;
v0x8f64fcc80_0 .net *"_ivl_1", 0 0, L_0x8f65cf7a0;  1 drivers
v0x8f64fcd20_0 .net *"_ivl_2", 0 0, L_0x8f65d1110;  1 drivers
v0x8f64fcdc0_0 .net *"_ivl_4", 31 0, L_0x8f65d1180;  1 drivers
v0x8f64fce60_0 .net *"_ivl_6", 32 0, L_0x8f70dbde0;  1 drivers
L_0x8f6878688 .functor BUFT 1, C4<000000000000000000000000000000001>, C4<0>, C4<0>, C4<0>;
v0x8f64fcf00_0 .net/2u *"_ivl_8", 32 0, L_0x8f6878688;  1 drivers
v0x8f64fcfa0_0 .net/s "a", 31 0, v0x8f6542440_0;  alias, 1 drivers
v0x8f64fd040_0 .net/s "b", 31 0, v0x8f6529f40_0;  alias, 1 drivers
v0x8f64fd0e0 .array "cc", 0 15, 2 0;
v0x8f64fd180_0 .var/i "i", 31 0;
v0x8f64fd220_0 .net "inv_a", 32 0, L_0x8f7149400;  1 drivers
v0x8f64fd2c0_0 .var/i "j", 31 0;
v0x8f64fd360 .array "pp", 0 15, 32 0;
v0x8f64fd400_0 .var "product", 63 0;
v0x8f64fd4a0 .array "spp", 0 15, 63 0;
v0x8f64fd540_0 .net "z", 63 0, L_0x8f65d11f0;  alias, 1 drivers
E_0x8f7521800 .event anyedge, v0x8f64fd220_0, v0x8f6cfc780_0, v0x8f6cfc6e0_0;
L_0x8f65cf7a0 .part v0x8f6542440_0, 31, 1;
L_0x8f70dbde0 .concat [ 32 1 0 0], L_0x8f65d1180, L_0x8f65d1110;
L_0x8f7149400 .arith/sum 33, L_0x8f70dbde0, L_0x8f6878688;
S_0x8f64f6b80 .scope module, "neg_unit" "negate" 4 85, 9 1 0, S_0x104db3e30;
 .timescale -9 -11;
    .port_info 0 /INPUT 32 "A";
    .port_info 1 /OUTPUT 32 "C";
v0x8f650b660_0 .net "A", 31 0, v0x8f6542440_0;  alias, 1 drivers
v0x8f650b700_0 .net "C", 31 0, L_0x8f7545540;  alias, 1 drivers
L_0x8f68786d0 .functor BUFT 1, C4<1>, C4<0>, C4<0>, C4<0>;
v0x8f650b7a0_0 .net/2u *"_ivl_357", 0 0, L_0x8f68786d0;  1 drivers
v0x8f650b840_0 .net "carry", 32 0, L_0x8f75455e0;  1 drivers
v0x8f650b8e0_0 .net "inverted_A", 31 0, L_0x8f75454a0;  1 drivers
L_0x8f65d9cc0 .part v0x8f6542440_0, 0, 1;
L_0x8f65d9d60 .part v0x8f6542440_0, 1, 1;
L_0x8f65d9e00 .part v0x8f6542440_0, 2, 1;
L_0x8f65d9ea0 .part v0x8f6542440_0, 3, 1;
L_0x8f65d9f40 .part v0x8f6542440_0, 4, 1;
L_0x8f65d9fe0 .part v0x8f6542440_0, 5, 1;
L_0x8f65da080 .part v0x8f6542440_0, 6, 1;
L_0x8f65da120 .part v0x8f6542440_0, 7, 1;
L_0x8f65da1c0 .part v0x8f6542440_0, 8, 1;
L_0x8f65da260 .part v0x8f6542440_0, 9, 1;
L_0x8f65da300 .part v0x8f6542440_0, 10, 1;
L_0x8f65da3a0 .part v0x8f6542440_0, 11, 1;
L_0x8f65da440 .part v0x8f6542440_0, 12, 1;
L_0x8f65da4e0 .part v0x8f6542440_0, 13, 1;
L_0x8f65da580 .part v0x8f6542440_0, 14, 1;
L_0x8f65da620 .part v0x8f6542440_0, 15, 1;
L_0x8f65da6c0 .part v0x8f6542440_0, 16, 1;
L_0x8f65da760 .part v0x8f6542440_0, 17, 1;
L_0x8f65da800 .part v0x8f6542440_0, 18, 1;
L_0x8f65da8a0 .part v0x8f6542440_0, 19, 1;
L_0x8f65da940 .part v0x8f6542440_0, 20, 1;
L_0x8f65da9e0 .part v0x8f6542440_0, 21, 1;
L_0x8f65daa80 .part v0x8f6542440_0, 22, 1;
L_0x8f65dab20 .part v0x8f6542440_0, 23, 1;
L_0x8f65dabc0 .part v0x8f6542440_0, 24, 1;
L_0x8f65dac60 .part v0x8f6542440_0, 25, 1;
L_0x8f65dad00 .part v0x8f6542440_0, 26, 1;
L_0x8f65dada0 .part v0x8f6542440_0, 27, 1;
L_0x8f65dae40 .part v0x8f6542440_0, 28, 1;
L_0x8f65daee0 .part v0x8f6542440_0, 29, 1;
L_0x8f65daf80 .part v0x8f6542440_0, 30, 1;
LS_0x8f75454a0_0_0 .concat8 [ 1 1 1 1], L_0x8f65d2e60, L_0x8f65d2ed0, L_0x8f65d2f40, L_0x8f65d2fb0;
LS_0x8f75454a0_0_4 .concat8 [ 1 1 1 1], L_0x8f65d3020, L_0x8f65d3090, L_0x8f65d3100, L_0x8f65d3170;
LS_0x8f75454a0_0_8 .concat8 [ 1 1 1 1], L_0x8f65d31e0, L_0x8f65d3250, L_0x8f65d32c0, L_0x8f65d3330;
LS_0x8f75454a0_0_12 .concat8 [ 1 1 1 1], L_0x8f65d3410, L_0x8f65d3480, L_0x8f65d33a0, L_0x8f65d34f0;
LS_0x8f75454a0_0_16 .concat8 [ 1 1 1 1], L_0x8f65d3560, L_0x8f65d35d0, L_0x8f65d3640, L_0x8f65d36b0;
LS_0x8f75454a0_0_20 .concat8 [ 1 1 1 1], L_0x8f65d3720, L_0x8f65d3790, L_0x8f65d3800, L_0x8f65d3870;
LS_0x8f75454a0_0_24 .concat8 [ 1 1 1 1], L_0x8f65d38e0, L_0x8f65d3950, L_0x8f65d39c0, L_0x8f65d3a30;
LS_0x8f75454a0_0_28 .concat8 [ 1 1 1 1], L_0x8f65d3aa0, L_0x8f65d3b10, L_0x8f65d3b80, L_0x8f65d3bf0;
LS_0x8f75454a0_1_0 .concat8 [ 4 4 4 4], LS_0x8f75454a0_0_0, LS_0x8f75454a0_0_4, LS_0x8f75454a0_0_8, LS_0x8f75454a0_0_12;
LS_0x8f75454a0_1_4 .concat8 [ 4 4 4 4], LS_0x8f75454a0_0_16, LS_0x8f75454a0_0_20, LS_0x8f75454a0_0_24, LS_0x8f75454a0_0_28;
L_0x8f75454a0 .concat8 [ 16 16 0 0], LS_0x8f75454a0_1_0, LS_0x8f75454a0_1_4;
L_0x8f65db020 .part v0x8f6542440_0, 31, 1;
L_0x8f65db0c0 .part L_0x8f75454a0, 0, 1;
L_0x8f65db160 .part L_0x8f75455e0, 0, 1;
L_0x8f65db200 .part L_0x8f75454a0, 0, 1;
L_0x8f65db2a0 .part L_0x8f75455e0, 0, 1;
L_0x8f65db340 .part L_0x8f75454a0, 1, 1;
L_0x8f65db3e0 .part L_0x8f75455e0, 1, 1;
L_0x8f65db480 .part L_0x8f75454a0, 1, 1;
L_0x8f65db520 .part L_0x8f75455e0, 1, 1;
L_0x8f65db5c0 .part L_0x8f75454a0, 2, 1;
L_0x8f65db660 .part L_0x8f75455e0, 2, 1;
L_0x8f65db700 .part L_0x8f75454a0, 2, 1;
L_0x8f65db7a0 .part L_0x8f75455e0, 2, 1;
L_0x8f65db840 .part L_0x8f75454a0, 3, 1;
L_0x8f65db8e0 .part L_0x8f75455e0, 3, 1;
L_0x8f65db980 .part L_0x8f75454a0, 3, 1;
L_0x8f65dba20 .part L_0x8f75455e0, 3, 1;
L_0x8f65dbac0 .part L_0x8f75454a0, 4, 1;
L_0x8f65dbb60 .part L_0x8f75455e0, 4, 1;
L_0x8f65dbc00 .part L_0x8f75454a0, 4, 1;
L_0x8f65dbca0 .part L_0x8f75455e0, 4, 1;
L_0x8f65dbd40 .part L_0x8f75454a0, 5, 1;
L_0x8f65dbde0 .part L_0x8f75455e0, 5, 1;
L_0x8f65dbe80 .part L_0x8f75454a0, 5, 1;
L_0x8f65dbf20 .part L_0x8f75455e0, 5, 1;
L_0x8f6d0c000 .part L_0x8f75454a0, 6, 1;
L_0x8f6d0c0a0 .part L_0x8f75455e0, 6, 1;
L_0x8f6d0c140 .part L_0x8f75454a0, 6, 1;
L_0x8f6d0c1e0 .part L_0x8f75455e0, 6, 1;
L_0x8f6d0c280 .part L_0x8f75454a0, 7, 1;
L_0x8f6d0c320 .part L_0x8f75455e0, 7, 1;
L_0x8f6d0c3c0 .part L_0x8f75454a0, 7, 1;
L_0x8f6d0c460 .part L_0x8f75455e0, 7, 1;
L_0x8f6d0c500 .part L_0x8f75454a0, 8, 1;
L_0x8f6d0c5a0 .part L_0x8f75455e0, 8, 1;
L_0x8f6d0c640 .part L_0x8f75454a0, 8, 1;
L_0x8f6d0c6e0 .part L_0x8f75455e0, 8, 1;
L_0x8f6d0c780 .part L_0x8f75454a0, 9, 1;
L_0x8f6d0c820 .part L_0x8f75455e0, 9, 1;
L_0x8f6d0c8c0 .part L_0x8f75454a0, 9, 1;
L_0x8f6d0c960 .part L_0x8f75455e0, 9, 1;
L_0x8f6d0ca00 .part L_0x8f75454a0, 10, 1;
L_0x8f6d0caa0 .part L_0x8f75455e0, 10, 1;
L_0x8f6d0cb40 .part L_0x8f75454a0, 10, 1;
L_0x8f6d0cbe0 .part L_0x8f75455e0, 10, 1;
L_0x8f6d0cc80 .part L_0x8f75454a0, 11, 1;
L_0x8f6d0cd20 .part L_0x8f75455e0, 11, 1;
L_0x8f6d0cdc0 .part L_0x8f75454a0, 11, 1;
L_0x8f6d0ce60 .part L_0x8f75455e0, 11, 1;
L_0x8f6d0cf00 .part L_0x8f75454a0, 12, 1;
L_0x8f6d0cfa0 .part L_0x8f75455e0, 12, 1;
L_0x8f6d0d040 .part L_0x8f75454a0, 12, 1;
L_0x8f6d0d0e0 .part L_0x8f75455e0, 12, 1;
L_0x8f6d0d180 .part L_0x8f75454a0, 13, 1;
L_0x8f6d0d220 .part L_0x8f75455e0, 13, 1;
L_0x8f6d0d2c0 .part L_0x8f75454a0, 13, 1;
L_0x8f6d0d360 .part L_0x8f75455e0, 13, 1;
L_0x8f6d0d400 .part L_0x8f75454a0, 14, 1;
L_0x8f6d0d4a0 .part L_0x8f75455e0, 14, 1;
L_0x8f6d0d540 .part L_0x8f75454a0, 14, 1;
L_0x8f6d0d5e0 .part L_0x8f75455e0, 14, 1;
L_0x8f6d0d680 .part L_0x8f75454a0, 15, 1;
L_0x8f6d0d720 .part L_0x8f75455e0, 15, 1;
L_0x8f6d0d7c0 .part L_0x8f75454a0, 15, 1;
L_0x8f6d0d860 .part L_0x8f75455e0, 15, 1;
L_0x8f6d0d900 .part L_0x8f75454a0, 16, 1;
L_0x8f6d0d9a0 .part L_0x8f75455e0, 16, 1;
L_0x8f6d0da40 .part L_0x8f75454a0, 16, 1;
L_0x8f6d0dae0 .part L_0x8f75455e0, 16, 1;
L_0x8f6d0db80 .part L_0x8f75454a0, 17, 1;
L_0x8f6d0dc20 .part L_0x8f75455e0, 17, 1;
L_0x8f6d0dcc0 .part L_0x8f75454a0, 17, 1;
L_0x8f6d0dd60 .part L_0x8f75455e0, 17, 1;
L_0x8f6d0de00 .part L_0x8f75454a0, 18, 1;
L_0x8f6d0dea0 .part L_0x8f75455e0, 18, 1;
L_0x8f6d0df40 .part L_0x8f75454a0, 18, 1;
L_0x8f6d0dfe0 .part L_0x8f75455e0, 18, 1;
L_0x8f6d0e080 .part L_0x8f75454a0, 19, 1;
L_0x8f6d0e120 .part L_0x8f75455e0, 19, 1;
L_0x8f6d0e1c0 .part L_0x8f75454a0, 19, 1;
L_0x8f6d0e260 .part L_0x8f75455e0, 19, 1;
L_0x8f6d0e300 .part L_0x8f75454a0, 20, 1;
L_0x8f6d0e3a0 .part L_0x8f75455e0, 20, 1;
L_0x8f6d0e440 .part L_0x8f75454a0, 20, 1;
L_0x8f6d0e4e0 .part L_0x8f75455e0, 20, 1;
L_0x8f6d0e580 .part L_0x8f75454a0, 21, 1;
L_0x8f6d0e620 .part L_0x8f75455e0, 21, 1;
L_0x8f6d0e6c0 .part L_0x8f75454a0, 21, 1;
L_0x8f6d0e760 .part L_0x8f75455e0, 21, 1;
L_0x8f6d0e800 .part L_0x8f75454a0, 22, 1;
L_0x8f6d0e8a0 .part L_0x8f75455e0, 22, 1;
L_0x8f6d0e940 .part L_0x8f75454a0, 22, 1;
L_0x8f6d0e9e0 .part L_0x8f75455e0, 22, 1;
L_0x8f6d0ea80 .part L_0x8f75454a0, 23, 1;
L_0x8f6d0eb20 .part L_0x8f75455e0, 23, 1;
L_0x8f6d0ebc0 .part L_0x8f75454a0, 23, 1;
L_0x8f6d0ec60 .part L_0x8f75455e0, 23, 1;
L_0x8f6d0ed00 .part L_0x8f75454a0, 24, 1;
L_0x8f6d0eda0 .part L_0x8f75455e0, 24, 1;
L_0x8f6d0ee40 .part L_0x8f75454a0, 24, 1;
L_0x8f6d0eee0 .part L_0x8f75455e0, 24, 1;
L_0x8f6d0ef80 .part L_0x8f75454a0, 25, 1;
L_0x8f6d0f020 .part L_0x8f75455e0, 25, 1;
L_0x8f6d0f0c0 .part L_0x8f75454a0, 25, 1;
L_0x8f6d0f160 .part L_0x8f75455e0, 25, 1;
L_0x8f6d0f200 .part L_0x8f75454a0, 26, 1;
L_0x8f6d0f2a0 .part L_0x8f75455e0, 26, 1;
L_0x8f6d0f340 .part L_0x8f75454a0, 26, 1;
L_0x8f6d0f3e0 .part L_0x8f75455e0, 26, 1;
L_0x8f6d0f480 .part L_0x8f75454a0, 27, 1;
L_0x8f6d0f520 .part L_0x8f75455e0, 27, 1;
L_0x8f6d0f5c0 .part L_0x8f75454a0, 27, 1;
L_0x8f6d0f660 .part L_0x8f75455e0, 27, 1;
L_0x8f6d0f700 .part L_0x8f75454a0, 28, 1;
L_0x8f6d0f7a0 .part L_0x8f75455e0, 28, 1;
L_0x8f6d0f840 .part L_0x8f75454a0, 28, 1;
L_0x8f6d0f8e0 .part L_0x8f75455e0, 28, 1;
L_0x8f6d0f980 .part L_0x8f75454a0, 29, 1;
L_0x8f6d0fa20 .part L_0x8f75455e0, 29, 1;
L_0x8f6d0fac0 .part L_0x8f75454a0, 29, 1;
L_0x8f6d0fb60 .part L_0x8f75455e0, 29, 1;
L_0x8f6d0fc00 .part L_0x8f75454a0, 30, 1;
L_0x8f6d0fca0 .part L_0x8f75455e0, 30, 1;
L_0x8f6d0fd40 .part L_0x8f75454a0, 30, 1;
L_0x8f6d0fde0 .part L_0x8f75455e0, 30, 1;
LS_0x8f7545540_0_0 .concat8 [ 1 1 1 1], L_0x8f65d3c60, L_0x8f6c71030, L_0x8f6c71110, L_0x8f6c711f0;
LS_0x8f7545540_0_4 .concat8 [ 1 1 1 1], L_0x8f6c712d0, L_0x8f6c713b0, L_0x8f6c71490, L_0x8f6c71570;
LS_0x8f7545540_0_8 .concat8 [ 1 1 1 1], L_0x8f6c71650, L_0x8f6c71730, L_0x8f6c71810, L_0x8f6c718f0;
LS_0x8f7545540_0_12 .concat8 [ 1 1 1 1], L_0x8f6c719d0, L_0x8f6c71ab0, L_0x8f6c71b90, L_0x8f6c71c70;
LS_0x8f7545540_0_16 .concat8 [ 1 1 1 1], L_0x8f6c71d50, L_0x8f6c71e30, L_0x8f6c71f10, L_0x8f6c71ff0;
LS_0x8f7545540_0_20 .concat8 [ 1 1 1 1], L_0x8f6c720d0, L_0x8f6c721b0, L_0x8f6c72290, L_0x8f6c72370;
LS_0x8f7545540_0_24 .concat8 [ 1 1 1 1], L_0x8f6c72450, L_0x8f6c72530, L_0x8f6c72610, L_0x8f6c726f0;
LS_0x8f7545540_0_28 .concat8 [ 1 1 1 1], L_0x8f6c727d0, L_0x8f6c728b0, L_0x8f6c72990, L_0x8f6c72a70;
LS_0x8f7545540_1_0 .concat8 [ 4 4 4 4], LS_0x8f7545540_0_0, LS_0x8f7545540_0_4, LS_0x8f7545540_0_8, LS_0x8f7545540_0_12;
LS_0x8f7545540_1_4 .concat8 [ 4 4 4 4], LS_0x8f7545540_0_16, LS_0x8f7545540_0_20, LS_0x8f7545540_0_24, LS_0x8f7545540_0_28;
L_0x8f7545540 .concat8 [ 16 16 0 0], LS_0x8f7545540_1_0, LS_0x8f7545540_1_4;
L_0x8f6d0fe80 .part L_0x8f75454a0, 31, 1;
L_0x8f6d0ff20 .part L_0x8f75455e0, 31, 1;
L_0x8f6d10000 .part L_0x8f75454a0, 31, 1;
L_0x8f6d100a0 .part L_0x8f75455e0, 31, 1;
LS_0x8f75455e0_0_0 .concat8 [ 1 1 1 1], L_0x8f68786d0, L_0x8f65d3cd0, L_0x8f6c710a0, L_0x8f6c71180;
LS_0x8f75455e0_0_4 .concat8 [ 1 1 1 1], L_0x8f6c71260, L_0x8f6c71340, L_0x8f6c71420, L_0x8f6c71500;
LS_0x8f75455e0_0_8 .concat8 [ 1 1 1 1], L_0x8f6c715e0, L_0x8f6c716c0, L_0x8f6c717a0, L_0x8f6c71880;
LS_0x8f75455e0_0_12 .concat8 [ 1 1 1 1], L_0x8f6c71960, L_0x8f6c71a40, L_0x8f6c71b20, L_0x8f6c71c00;
LS_0x8f75455e0_0_16 .concat8 [ 1 1 1 1], L_0x8f6c71ce0, L_0x8f6c71dc0, L_0x8f6c71ea0, L_0x8f6c71f80;
LS_0x8f75455e0_0_20 .concat8 [ 1 1 1 1], L_0x8f6c72060, L_0x8f6c72140, L_0x8f6c72220, L_0x8f6c72300;
LS_0x8f75455e0_0_24 .concat8 [ 1 1 1 1], L_0x8f6c723e0, L_0x8f6c724c0, L_0x8f6c725a0, L_0x8f6c72680;
LS_0x8f75455e0_0_28 .concat8 [ 1 1 1 1], L_0x8f6c72760, L_0x8f6c72840, L_0x8f6c72920, L_0x8f6c72a00;
LS_0x8f75455e0_0_32 .concat8 [ 1 0 0 0], L_0x8f6c72ae0;
LS_0x8f75455e0_1_0 .concat8 [ 4 4 4 4], LS_0x8f75455e0_0_0, LS_0x8f75455e0_0_4, LS_0x8f75455e0_0_8, LS_0x8f75455e0_0_12;
LS_0x8f75455e0_1_4 .concat8 [ 4 4 4 4], LS_0x8f75455e0_0_16, LS_0x8f75455e0_0_20, LS_0x8f75455e0_0_24, LS_0x8f75455e0_0_28;
LS_0x8f75455e0_1_8 .concat8 [ 1 0 0 0], LS_0x8f75455e0_0_32;
L_0x8f75455e0 .concat8 [ 16 16 1 0], LS_0x8f75455e0_1_0, LS_0x8f75455e0_1_4, LS_0x8f75455e0_1_8;
S_0x8f64f6d00 .scope generate, "add_one_loop[0]" "add_one_loop[0]" 9 20, 9 20 0, S_0x8f64f6b80;
 .timescale -9 -11;
P_0x8f6c03780 .param/l "i" 1 9 20, +C4<00>;
L_0x8f65d3c60 .functor XOR 1, L_0x8f65db0c0, L_0x8f65db160, C4<0>, C4<0>;
L_0x8f65d3cd0 .functor AND 1, L_0x8f65db200, L_0x8f65db2a0, C4<1>, C4<1>;
v0x8f64fd5e0_0 .net *"_ivl_0", 0 0, L_0x8f65db0c0;  1 drivers
v0x8f64fd680_0 .net *"_ivl_1", 0 0, L_0x8f65db160;  1 drivers
v0x8f64fd720_0 .net *"_ivl_2", 0 0, L_0x8f65d3c60;  1 drivers
v0x8f64fd7c0_0 .net *"_ivl_4", 0 0, L_0x8f65db200;  1 drivers
v0x8f64fd860_0 .net *"_ivl_5", 0 0, L_0x8f65db2a0;  1 drivers
v0x8f64fd900_0 .net *"_ivl_6", 0 0, L_0x8f65d3cd0;  1 drivers
S_0x8f64f6e80 .scope generate, "add_one_loop[1]" "add_one_loop[1]" 9 20, 9 20 0, S_0x8f64f6b80;
 .timescale -9 -11;
P_0x8f6c037c0 .param/l "i" 1 9 20, +C4<01>;
L_0x8f6c71030 .functor XOR 1, L_0x8f65db340, L_0x8f65db3e0, C4<0>, C4<0>;
L_0x8f6c710a0 .functor AND 1, L_0x8f65db480, L_0x8f65db520, C4<1>, C4<1>;
v0x8f64fd9a0_0 .net *"_ivl_0", 0 0, L_0x8f65db340;  1 drivers
v0x8f64fda40_0 .net *"_ivl_1", 0 0, L_0x8f65db3e0;  1 drivers
v0x8f64fdae0_0 .net *"_ivl_2", 0 0, L_0x8f6c71030;  1 drivers
v0x8f64fdb80_0 .net *"_ivl_4", 0 0, L_0x8f65db480;  1 drivers
v0x8f64fdc20_0 .net *"_ivl_5", 0 0, L_0x8f65db520;  1 drivers
v0x8f64fdcc0_0 .net *"_ivl_6", 0 0, L_0x8f6c710a0;  1 drivers
S_0x8f64f7000 .scope generate, "add_one_loop[2]" "add_one_loop[2]" 9 20, 9 20 0, S_0x8f64f6b80;
 .timescale -9 -11;
P_0x8f6c03800 .param/l "i" 1 9 20, +C4<010>;
L_0x8f6c71110 .functor XOR 1, L_0x8f65db5c0, L_0x8f65db660, C4<0>, C4<0>;
L_0x8f6c71180 .functor AND 1, L_0x8f65db700, L_0x8f65db7a0, C4<1>, C4<1>;
v0x8f64fdd60_0 .net *"_ivl_0", 0 0, L_0x8f65db5c0;  1 drivers
v0x8f64fde00_0 .net *"_ivl_1", 0 0, L_0x8f65db660;  1 drivers
v0x8f64fdea0_0 .net *"_ivl_2", 0 0, L_0x8f6c71110;  1 drivers
v0x8f64fdf40_0 .net *"_ivl_4", 0 0, L_0x8f65db700;  1 drivers
v0x8f64fdfe0_0 .net *"_ivl_5", 0 0, L_0x8f65db7a0;  1 drivers
v0x8f64fe080_0 .net *"_ivl_6", 0 0, L_0x8f6c71180;  1 drivers
S_0x8f64f7180 .scope generate, "add_one_loop[3]" "add_one_loop[3]" 9 20, 9 20 0, S_0x8f64f6b80;
 .timescale -9 -11;
P_0x8f6c03840 .param/l "i" 1 9 20, +C4<011>;
L_0x8f6c711f0 .functor XOR 1, L_0x8f65db840, L_0x8f65db8e0, C4<0>, C4<0>;
L_0x8f6c71260 .functor AND 1, L_0x8f65db980, L_0x8f65dba20, C4<1>, C4<1>;
v0x8f64fe120_0 .net *"_ivl_0", 0 0, L_0x8f65db840;  1 drivers
v0x8f64fe1c0_0 .net *"_ivl_1", 0 0, L_0x8f65db8e0;  1 drivers
v0x8f64fe260_0 .net *"_ivl_2", 0 0, L_0x8f6c711f0;  1 drivers
v0x8f64fe300_0 .net *"_ivl_4", 0 0, L_0x8f65db980;  1 drivers
v0x8f64fe3a0_0 .net *"_ivl_5", 0 0, L_0x8f65dba20;  1 drivers
v0x8f64fe440_0 .net *"_ivl_6", 0 0, L_0x8f6c71260;  1 drivers
S_0x8f64f7300 .scope generate, "add_one_loop[4]" "add_one_loop[4]" 9 20, 9 20 0, S_0x8f64f6b80;
 .timescale -9 -11;
P_0x8f6c03880 .param/l "i" 1 9 20, +C4<0100>;
L_0x8f6c712d0 .functor XOR 1, L_0x8f65dbac0, L_0x8f65dbb60, C4<0>, C4<0>;
L_0x8f6c71340 .functor AND 1, L_0x8f65dbc00, L_0x8f65dbca0, C4<1>, C4<1>;
v0x8f64fe4e0_0 .net *"_ivl_0", 0 0, L_0x8f65dbac0;  1 drivers
v0x8f64fe580_0 .net *"_ivl_1", 0 0, L_0x8f65dbb60;  1 drivers
v0x8f64fe620_0 .net *"_ivl_2", 0 0, L_0x8f6c712d0;  1 drivers
v0x8f64fe6c0_0 .net *"_ivl_4", 0 0, L_0x8f65dbc00;  1 drivers
v0x8f64fe760_0 .net *"_ivl_5", 0 0, L_0x8f65dbca0;  1 drivers
v0x8f64fe800_0 .net *"_ivl_6", 0 0, L_0x8f6c71340;  1 drivers
S_0x8f64f7480 .scope generate, "add_one_loop[5]" "add_one_loop[5]" 9 20, 9 20 0, S_0x8f64f6b80;
 .timescale -9 -11;
P_0x8f6c038c0 .param/l "i" 1 9 20, +C4<0101>;
L_0x8f6c713b0 .functor XOR 1, L_0x8f65dbd40, L_0x8f65dbde0, C4<0>, C4<0>;
L_0x8f6c71420 .functor AND 1, L_0x8f65dbe80, L_0x8f65dbf20, C4<1>, C4<1>;
v0x8f64fe8a0_0 .net *"_ivl_0", 0 0, L_0x8f65dbd40;  1 drivers
v0x8f64fe940_0 .net *"_ivl_1", 0 0, L_0x8f65dbde0;  1 drivers
v0x8f64fe9e0_0 .net *"_ivl_2", 0 0, L_0x8f6c713b0;  1 drivers
v0x8f64fea80_0 .net *"_ivl_4", 0 0, L_0x8f65dbe80;  1 drivers
v0x8f64feb20_0 .net *"_ivl_5", 0 0, L_0x8f65dbf20;  1 drivers
v0x8f64febc0_0 .net *"_ivl_6", 0 0, L_0x8f6c71420;  1 drivers
S_0x8f64f7600 .scope generate, "add_one_loop[6]" "add_one_loop[6]" 9 20, 9 20 0, S_0x8f64f6b80;
 .timescale -9 -11;
P_0x8f6c03900 .param/l "i" 1 9 20, +C4<0110>;
L_0x8f6c71490 .functor XOR 1, L_0x8f6d0c000, L_0x8f6d0c0a0, C4<0>, C4<0>;
L_0x8f6c71500 .functor AND 1, L_0x8f6d0c140, L_0x8f6d0c1e0, C4<1>, C4<1>;
v0x8f64fec60_0 .net *"_ivl_0", 0 0, L_0x8f6d0c000;  1 drivers
v0x8f64fed00_0 .net *"_ivl_1", 0 0, L_0x8f6d0c0a0;  1 drivers
v0x8f64feda0_0 .net *"_ivl_2", 0 0, L_0x8f6c71490;  1 drivers
v0x8f64fee40_0 .net *"_ivl_4", 0 0, L_0x8f6d0c140;  1 drivers
v0x8f64feee0_0 .net *"_ivl_5", 0 0, L_0x8f6d0c1e0;  1 drivers
v0x8f64fef80_0 .net *"_ivl_6", 0 0, L_0x8f6c71500;  1 drivers
S_0x8f64f7780 .scope generate, "add_one_loop[7]" "add_one_loop[7]" 9 20, 9 20 0, S_0x8f64f6b80;
 .timescale -9 -11;
P_0x8f6c03940 .param/l "i" 1 9 20, +C4<0111>;
L_0x8f6c71570 .functor XOR 1, L_0x8f6d0c280, L_0x8f6d0c320, C4<0>, C4<0>;
L_0x8f6c715e0 .functor AND 1, L_0x8f6d0c3c0, L_0x8f6d0c460, C4<1>, C4<1>;
v0x8f64ff020_0 .net *"_ivl_0", 0 0, L_0x8f6d0c280;  1 drivers
v0x8f64ff0c0_0 .net *"_ivl_1", 0 0, L_0x8f6d0c320;  1 drivers
v0x8f64ff160_0 .net *"_ivl_2", 0 0, L_0x8f6c71570;  1 drivers
v0x8f64ff200_0 .net *"_ivl_4", 0 0, L_0x8f6d0c3c0;  1 drivers
v0x8f64ff2a0_0 .net *"_ivl_5", 0 0, L_0x8f6d0c460;  1 drivers
v0x8f64ff340_0 .net *"_ivl_6", 0 0, L_0x8f6c715e0;  1 drivers
S_0x8f64f7900 .scope generate, "add_one_loop[8]" "add_one_loop[8]" 9 20, 9 20 0, S_0x8f64f6b80;
 .timescale -9 -11;
P_0x8f6c03980 .param/l "i" 1 9 20, +C4<01000>;
L_0x8f6c71650 .functor XOR 1, L_0x8f6d0c500, L_0x8f6d0c5a0, C4<0>, C4<0>;
L_0x8f6c716c0 .functor AND 1, L_0x8f6d0c640, L_0x8f6d0c6e0, C4<1>, C4<1>;
v0x8f64ff3e0_0 .net *"_ivl_0", 0 0, L_0x8f6d0c500;  1 drivers
v0x8f64ff480_0 .net *"_ivl_1", 0 0, L_0x8f6d0c5a0;  1 drivers
v0x8f64ff520_0 .net *"_ivl_2", 0 0, L_0x8f6c71650;  1 drivers
v0x8f64ff5c0_0 .net *"_ivl_4", 0 0, L_0x8f6d0c640;  1 drivers
v0x8f64ff660_0 .net *"_ivl_5", 0 0, L_0x8f6d0c6e0;  1 drivers
v0x8f64ff700_0 .net *"_ivl_6", 0 0, L_0x8f6c716c0;  1 drivers
S_0x8f64f7a80 .scope generate, "add_one_loop[9]" "add_one_loop[9]" 9 20, 9 20 0, S_0x8f64f6b80;
 .timescale -9 -11;
P_0x8f6c039c0 .param/l "i" 1 9 20, +C4<01001>;
L_0x8f6c71730 .functor XOR 1, L_0x8f6d0c780, L_0x8f6d0c820, C4<0>, C4<0>;
L_0x8f6c717a0 .functor AND 1, L_0x8f6d0c8c0, L_0x8f6d0c960, C4<1>, C4<1>;
v0x8f64ff7a0_0 .net *"_ivl_0", 0 0, L_0x8f6d0c780;  1 drivers
v0x8f64ff840_0 .net *"_ivl_1", 0 0, L_0x8f6d0c820;  1 drivers
v0x8f64ff8e0_0 .net *"_ivl_2", 0 0, L_0x8f6c71730;  1 drivers
v0x8f64ff980_0 .net *"_ivl_4", 0 0, L_0x8f6d0c8c0;  1 drivers
v0x8f64ffa20_0 .net *"_ivl_5", 0 0, L_0x8f6d0c960;  1 drivers
v0x8f64ffac0_0 .net *"_ivl_6", 0 0, L_0x8f6c717a0;  1 drivers
S_0x8f64f7c00 .scope generate, "add_one_loop[10]" "add_one_loop[10]" 9 20, 9 20 0, S_0x8f64f6b80;
 .timescale -9 -11;
P_0x8f6c03a00 .param/l "i" 1 9 20, +C4<01010>;
L_0x8f6c71810 .functor XOR 1, L_0x8f6d0ca00, L_0x8f6d0caa0, C4<0>, C4<0>;
L_0x8f6c71880 .functor AND 1, L_0x8f6d0cb40, L_0x8f6d0cbe0, C4<1>, C4<1>;
v0x8f64ffb60_0 .net *"_ivl_0", 0 0, L_0x8f6d0ca00;  1 drivers
v0x8f64ffc00_0 .net *"_ivl_1", 0 0, L_0x8f6d0caa0;  1 drivers
v0x8f64ffca0_0 .net *"_ivl_2", 0 0, L_0x8f6c71810;  1 drivers
v0x8f64ffd40_0 .net *"_ivl_4", 0 0, L_0x8f6d0cb40;  1 drivers
v0x8f64ffde0_0 .net *"_ivl_5", 0 0, L_0x8f6d0cbe0;  1 drivers
v0x8f64ffe80_0 .net *"_ivl_6", 0 0, L_0x8f6c71880;  1 drivers
S_0x8f64f7d80 .scope generate, "add_one_loop[11]" "add_one_loop[11]" 9 20, 9 20 0, S_0x8f64f6b80;
 .timescale -9 -11;
P_0x8f6c03a40 .param/l "i" 1 9 20, +C4<01011>;
L_0x8f6c718f0 .functor XOR 1, L_0x8f6d0cc80, L_0x8f6d0cd20, C4<0>, C4<0>;
L_0x8f6c71960 .functor AND 1, L_0x8f6d0cdc0, L_0x8f6d0ce60, C4<1>, C4<1>;
v0x8f64fff20_0 .net *"_ivl_0", 0 0, L_0x8f6d0cc80;  1 drivers
v0x8f6500000_0 .net *"_ivl_1", 0 0, L_0x8f6d0cd20;  1 drivers
v0x8f65000a0_0 .net *"_ivl_2", 0 0, L_0x8f6c718f0;  1 drivers
v0x8f6500140_0 .net *"_ivl_4", 0 0, L_0x8f6d0cdc0;  1 drivers
v0x8f65001e0_0 .net *"_ivl_5", 0 0, L_0x8f6d0ce60;  1 drivers
v0x8f6500280_0 .net *"_ivl_6", 0 0, L_0x8f6c71960;  1 drivers
S_0x8f6504000 .scope generate, "add_one_loop[12]" "add_one_loop[12]" 9 20, 9 20 0, S_0x8f64f6b80;
 .timescale -9 -11;
P_0x8f6c03a80 .param/l "i" 1 9 20, +C4<01100>;
L_0x8f6c719d0 .functor XOR 1, L_0x8f6d0cf00, L_0x8f6d0cfa0, C4<0>, C4<0>;
L_0x8f6c71a40 .functor AND 1, L_0x8f6d0d040, L_0x8f6d0d0e0, C4<1>, C4<1>;
v0x8f6500320_0 .net *"_ivl_0", 0 0, L_0x8f6d0cf00;  1 drivers
v0x8f65003c0_0 .net *"_ivl_1", 0 0, L_0x8f6d0cfa0;  1 drivers
v0x8f6500460_0 .net *"_ivl_2", 0 0, L_0x8f6c719d0;  1 drivers
v0x8f6500500_0 .net *"_ivl_4", 0 0, L_0x8f6d0d040;  1 drivers
v0x8f65005a0_0 .net *"_ivl_5", 0 0, L_0x8f6d0d0e0;  1 drivers
v0x8f6500640_0 .net *"_ivl_6", 0 0, L_0x8f6c71a40;  1 drivers
S_0x8f6504180 .scope generate, "add_one_loop[13]" "add_one_loop[13]" 9 20, 9 20 0, S_0x8f64f6b80;
 .timescale -9 -11;
P_0x8f6c03ac0 .param/l "i" 1 9 20, +C4<01101>;
L_0x8f6c71ab0 .functor XOR 1, L_0x8f6d0d180, L_0x8f6d0d220, C4<0>, C4<0>;
L_0x8f6c71b20 .functor AND 1, L_0x8f6d0d2c0, L_0x8f6d0d360, C4<1>, C4<1>;
v0x8f65006e0_0 .net *"_ivl_0", 0 0, L_0x8f6d0d180;  1 drivers
v0x8f6500780_0 .net *"_ivl_1", 0 0, L_0x8f6d0d220;  1 drivers
v0x8f6500820_0 .net *"_ivl_2", 0 0, L_0x8f6c71ab0;  1 drivers
v0x8f65008c0_0 .net *"_ivl_4", 0 0, L_0x8f6d0d2c0;  1 drivers
v0x8f6500960_0 .net *"_ivl_5", 0 0, L_0x8f6d0d360;  1 drivers
v0x8f6500a00_0 .net *"_ivl_6", 0 0, L_0x8f6c71b20;  1 drivers
S_0x8f6504300 .scope generate, "add_one_loop[14]" "add_one_loop[14]" 9 20, 9 20 0, S_0x8f64f6b80;
 .timescale -9 -11;
P_0x8f6c03b00 .param/l "i" 1 9 20, +C4<01110>;
L_0x8f6c71b90 .functor XOR 1, L_0x8f6d0d400, L_0x8f6d0d4a0, C4<0>, C4<0>;
L_0x8f6c71c00 .functor AND 1, L_0x8f6d0d540, L_0x8f6d0d5e0, C4<1>, C4<1>;
v0x8f6500aa0_0 .net *"_ivl_0", 0 0, L_0x8f6d0d400;  1 drivers
v0x8f6500b40_0 .net *"_ivl_1", 0 0, L_0x8f6d0d4a0;  1 drivers
v0x8f6500be0_0 .net *"_ivl_2", 0 0, L_0x8f6c71b90;  1 drivers
v0x8f6500c80_0 .net *"_ivl_4", 0 0, L_0x8f6d0d540;  1 drivers
v0x8f6500d20_0 .net *"_ivl_5", 0 0, L_0x8f6d0d5e0;  1 drivers
v0x8f6500dc0_0 .net *"_ivl_6", 0 0, L_0x8f6c71c00;  1 drivers
S_0x8f6504480 .scope generate, "add_one_loop[15]" "add_one_loop[15]" 9 20, 9 20 0, S_0x8f64f6b80;
 .timescale -9 -11;
P_0x8f6c03b40 .param/l "i" 1 9 20, +C4<01111>;
L_0x8f6c71c70 .functor XOR 1, L_0x8f6d0d680, L_0x8f6d0d720, C4<0>, C4<0>;
L_0x8f6c71ce0 .functor AND 1, L_0x8f6d0d7c0, L_0x8f6d0d860, C4<1>, C4<1>;
v0x8f6500e60_0 .net *"_ivl_0", 0 0, L_0x8f6d0d680;  1 drivers
v0x8f6500f00_0 .net *"_ivl_1", 0 0, L_0x8f6d0d720;  1 drivers
v0x8f6500fa0_0 .net *"_ivl_2", 0 0, L_0x8f6c71c70;  1 drivers
v0x8f6501040_0 .net *"_ivl_4", 0 0, L_0x8f6d0d7c0;  1 drivers
v0x8f65010e0_0 .net *"_ivl_5", 0 0, L_0x8f6d0d860;  1 drivers
v0x8f6501180_0 .net *"_ivl_6", 0 0, L_0x8f6c71ce0;  1 drivers
S_0x8f6504600 .scope generate, "add_one_loop[16]" "add_one_loop[16]" 9 20, 9 20 0, S_0x8f64f6b80;
 .timescale -9 -11;
P_0x8f6c03b80 .param/l "i" 1 9 20, +C4<010000>;
L_0x8f6c71d50 .functor XOR 1, L_0x8f6d0d900, L_0x8f6d0d9a0, C4<0>, C4<0>;
L_0x8f6c71dc0 .functor AND 1, L_0x8f6d0da40, L_0x8f6d0dae0, C4<1>, C4<1>;
v0x8f6501220_0 .net *"_ivl_0", 0 0, L_0x8f6d0d900;  1 drivers
v0x8f65012c0_0 .net *"_ivl_1", 0 0, L_0x8f6d0d9a0;  1 drivers
v0x8f6501360_0 .net *"_ivl_2", 0 0, L_0x8f6c71d50;  1 drivers
v0x8f6501400_0 .net *"_ivl_4", 0 0, L_0x8f6d0da40;  1 drivers
v0x8f65014a0_0 .net *"_ivl_5", 0 0, L_0x8f6d0dae0;  1 drivers
v0x8f6501540_0 .net *"_ivl_6", 0 0, L_0x8f6c71dc0;  1 drivers
S_0x8f6504780 .scope generate, "add_one_loop[17]" "add_one_loop[17]" 9 20, 9 20 0, S_0x8f64f6b80;
 .timescale -9 -11;
P_0x8f6c03bc0 .param/l "i" 1 9 20, +C4<010001>;
L_0x8f6c71e30 .functor XOR 1, L_0x8f6d0db80, L_0x8f6d0dc20, C4<0>, C4<0>;
L_0x8f6c71ea0 .functor AND 1, L_0x8f6d0dcc0, L_0x8f6d0dd60, C4<1>, C4<1>;
v0x8f65015e0_0 .net *"_ivl_0", 0 0, L_0x8f6d0db80;  1 drivers
v0x8f6501680_0 .net *"_ivl_1", 0 0, L_0x8f6d0dc20;  1 drivers
v0x8f6501720_0 .net *"_ivl_2", 0 0, L_0x8f6c71e30;  1 drivers
v0x8f65017c0_0 .net *"_ivl_4", 0 0, L_0x8f6d0dcc0;  1 drivers
v0x8f6501860_0 .net *"_ivl_5", 0 0, L_0x8f6d0dd60;  1 drivers
v0x8f6501900_0 .net *"_ivl_6", 0 0, L_0x8f6c71ea0;  1 drivers
S_0x8f6504900 .scope generate, "add_one_loop[18]" "add_one_loop[18]" 9 20, 9 20 0, S_0x8f64f6b80;
 .timescale -9 -11;
P_0x8f6c03c00 .param/l "i" 1 9 20, +C4<010010>;
L_0x8f6c71f10 .functor XOR 1, L_0x8f6d0de00, L_0x8f6d0dea0, C4<0>, C4<0>;
L_0x8f6c71f80 .functor AND 1, L_0x8f6d0df40, L_0x8f6d0dfe0, C4<1>, C4<1>;
v0x8f65019a0_0 .net *"_ivl_0", 0 0, L_0x8f6d0de00;  1 drivers
v0x8f6501a40_0 .net *"_ivl_1", 0 0, L_0x8f6d0dea0;  1 drivers
v0x8f6501ae0_0 .net *"_ivl_2", 0 0, L_0x8f6c71f10;  1 drivers
v0x8f6501b80_0 .net *"_ivl_4", 0 0, L_0x8f6d0df40;  1 drivers
v0x8f6501c20_0 .net *"_ivl_5", 0 0, L_0x8f6d0dfe0;  1 drivers
v0x8f6501cc0_0 .net *"_ivl_6", 0 0, L_0x8f6c71f80;  1 drivers
S_0x8f6504a80 .scope generate, "add_one_loop[19]" "add_one_loop[19]" 9 20, 9 20 0, S_0x8f64f6b80;
 .timescale -9 -11;
P_0x8f6c03c40 .param/l "i" 1 9 20, +C4<010011>;
L_0x8f6c71ff0 .functor XOR 1, L_0x8f6d0e080, L_0x8f6d0e120, C4<0>, C4<0>;
L_0x8f6c72060 .functor AND 1, L_0x8f6d0e1c0, L_0x8f6d0e260, C4<1>, C4<1>;
v0x8f6501d60_0 .net *"_ivl_0", 0 0, L_0x8f6d0e080;  1 drivers
v0x8f6501e00_0 .net *"_ivl_1", 0 0, L_0x8f6d0e120;  1 drivers
v0x8f6501ea0_0 .net *"_ivl_2", 0 0, L_0x8f6c71ff0;  1 drivers
v0x8f6501f40_0 .net *"_ivl_4", 0 0, L_0x8f6d0e1c0;  1 drivers
v0x8f6501fe0_0 .net *"_ivl_5", 0 0, L_0x8f6d0e260;  1 drivers
v0x8f6502080_0 .net *"_ivl_6", 0 0, L_0x8f6c72060;  1 drivers
S_0x8f6504c00 .scope generate, "add_one_loop[20]" "add_one_loop[20]" 9 20, 9 20 0, S_0x8f64f6b80;
 .timescale -9 -11;
P_0x8f6c03c80 .param/l "i" 1 9 20, +C4<010100>;
L_0x8f6c720d0 .functor XOR 1, L_0x8f6d0e300, L_0x8f6d0e3a0, C4<0>, C4<0>;
L_0x8f6c72140 .functor AND 1, L_0x8f6d0e440, L_0x8f6d0e4e0, C4<1>, C4<1>;
v0x8f6502120_0 .net *"_ivl_0", 0 0, L_0x8f6d0e300;  1 drivers
v0x8f65021c0_0 .net *"_ivl_1", 0 0, L_0x8f6d0e3a0;  1 drivers
v0x8f6502260_0 .net *"_ivl_2", 0 0, L_0x8f6c720d0;  1 drivers
v0x8f6502300_0 .net *"_ivl_4", 0 0, L_0x8f6d0e440;  1 drivers
v0x8f65023a0_0 .net *"_ivl_5", 0 0, L_0x8f6d0e4e0;  1 drivers
v0x8f6502440_0 .net *"_ivl_6", 0 0, L_0x8f6c72140;  1 drivers
S_0x8f6504d80 .scope generate, "add_one_loop[21]" "add_one_loop[21]" 9 20, 9 20 0, S_0x8f64f6b80;
 .timescale -9 -11;
P_0x8f6c03cc0 .param/l "i" 1 9 20, +C4<010101>;
L_0x8f6c721b0 .functor XOR 1, L_0x8f6d0e580, L_0x8f6d0e620, C4<0>, C4<0>;
L_0x8f6c72220 .functor AND 1, L_0x8f6d0e6c0, L_0x8f6d0e760, C4<1>, C4<1>;
v0x8f65024e0_0 .net *"_ivl_0", 0 0, L_0x8f6d0e580;  1 drivers
v0x8f6502580_0 .net *"_ivl_1", 0 0, L_0x8f6d0e620;  1 drivers
v0x8f6502620_0 .net *"_ivl_2", 0 0, L_0x8f6c721b0;  1 drivers
v0x8f65026c0_0 .net *"_ivl_4", 0 0, L_0x8f6d0e6c0;  1 drivers
v0x8f6502760_0 .net *"_ivl_5", 0 0, L_0x8f6d0e760;  1 drivers
v0x8f6502800_0 .net *"_ivl_6", 0 0, L_0x8f6c72220;  1 drivers
S_0x8f6504f00 .scope generate, "add_one_loop[22]" "add_one_loop[22]" 9 20, 9 20 0, S_0x8f64f6b80;
 .timescale -9 -11;
P_0x8f6c03d00 .param/l "i" 1 9 20, +C4<010110>;
L_0x8f6c72290 .functor XOR 1, L_0x8f6d0e800, L_0x8f6d0e8a0, C4<0>, C4<0>;
L_0x8f6c72300 .functor AND 1, L_0x8f6d0e940, L_0x8f6d0e9e0, C4<1>, C4<1>;
v0x8f65028a0_0 .net *"_ivl_0", 0 0, L_0x8f6d0e800;  1 drivers
v0x8f6502940_0 .net *"_ivl_1", 0 0, L_0x8f6d0e8a0;  1 drivers
v0x8f65029e0_0 .net *"_ivl_2", 0 0, L_0x8f6c72290;  1 drivers
v0x8f6502a80_0 .net *"_ivl_4", 0 0, L_0x8f6d0e940;  1 drivers
v0x8f6502b20_0 .net *"_ivl_5", 0 0, L_0x8f6d0e9e0;  1 drivers
v0x8f6502bc0_0 .net *"_ivl_6", 0 0, L_0x8f6c72300;  1 drivers
S_0x8f6505080 .scope generate, "add_one_loop[23]" "add_one_loop[23]" 9 20, 9 20 0, S_0x8f64f6b80;
 .timescale -9 -11;
P_0x8f6c03d40 .param/l "i" 1 9 20, +C4<010111>;
L_0x8f6c72370 .functor XOR 1, L_0x8f6d0ea80, L_0x8f6d0eb20, C4<0>, C4<0>;
L_0x8f6c723e0 .functor AND 1, L_0x8f6d0ebc0, L_0x8f6d0ec60, C4<1>, C4<1>;
v0x8f6502c60_0 .net *"_ivl_0", 0 0, L_0x8f6d0ea80;  1 drivers
v0x8f6502d00_0 .net *"_ivl_1", 0 0, L_0x8f6d0eb20;  1 drivers
v0x8f6502da0_0 .net *"_ivl_2", 0 0, L_0x8f6c72370;  1 drivers
v0x8f6502e40_0 .net *"_ivl_4", 0 0, L_0x8f6d0ebc0;  1 drivers
v0x8f6502ee0_0 .net *"_ivl_5", 0 0, L_0x8f6d0ec60;  1 drivers
v0x8f6502f80_0 .net *"_ivl_6", 0 0, L_0x8f6c723e0;  1 drivers
S_0x8f6505200 .scope generate, "add_one_loop[24]" "add_one_loop[24]" 9 20, 9 20 0, S_0x8f64f6b80;
 .timescale -9 -11;
P_0x8f6c03d80 .param/l "i" 1 9 20, +C4<011000>;
L_0x8f6c72450 .functor XOR 1, L_0x8f6d0ed00, L_0x8f6d0eda0, C4<0>, C4<0>;
L_0x8f6c724c0 .functor AND 1, L_0x8f6d0ee40, L_0x8f6d0eee0, C4<1>, C4<1>;
v0x8f6503020_0 .net *"_ivl_0", 0 0, L_0x8f6d0ed00;  1 drivers
v0x8f65030c0_0 .net *"_ivl_1", 0 0, L_0x8f6d0eda0;  1 drivers
v0x8f6503160_0 .net *"_ivl_2", 0 0, L_0x8f6c72450;  1 drivers
v0x8f6503200_0 .net *"_ivl_4", 0 0, L_0x8f6d0ee40;  1 drivers
v0x8f65032a0_0 .net *"_ivl_5", 0 0, L_0x8f6d0eee0;  1 drivers
v0x8f6503340_0 .net *"_ivl_6", 0 0, L_0x8f6c724c0;  1 drivers
S_0x8f6505380 .scope generate, "add_one_loop[25]" "add_one_loop[25]" 9 20, 9 20 0, S_0x8f64f6b80;
 .timescale -9 -11;
P_0x8f6c03dc0 .param/l "i" 1 9 20, +C4<011001>;
L_0x8f6c72530 .functor XOR 1, L_0x8f6d0ef80, L_0x8f6d0f020, C4<0>, C4<0>;
L_0x8f6c725a0 .functor AND 1, L_0x8f6d0f0c0, L_0x8f6d0f160, C4<1>, C4<1>;
v0x8f65033e0_0 .net *"_ivl_0", 0 0, L_0x8f6d0ef80;  1 drivers
v0x8f6503480_0 .net *"_ivl_1", 0 0, L_0x8f6d0f020;  1 drivers
v0x8f6503520_0 .net *"_ivl_2", 0 0, L_0x8f6c72530;  1 drivers
v0x8f65035c0_0 .net *"_ivl_4", 0 0, L_0x8f6d0f0c0;  1 drivers
v0x8f6503660_0 .net *"_ivl_5", 0 0, L_0x8f6d0f160;  1 drivers
v0x8f6503700_0 .net *"_ivl_6", 0 0, L_0x8f6c725a0;  1 drivers
S_0x8f6505500 .scope generate, "add_one_loop[26]" "add_one_loop[26]" 9 20, 9 20 0, S_0x8f64f6b80;
 .timescale -9 -11;
P_0x8f6c03e00 .param/l "i" 1 9 20, +C4<011010>;
L_0x8f6c72610 .functor XOR 1, L_0x8f6d0f200, L_0x8f6d0f2a0, C4<0>, C4<0>;
L_0x8f6c72680 .functor AND 1, L_0x8f6d0f340, L_0x8f6d0f3e0, C4<1>, C4<1>;
v0x8f65037a0_0 .net *"_ivl_0", 0 0, L_0x8f6d0f200;  1 drivers
v0x8f6503840_0 .net *"_ivl_1", 0 0, L_0x8f6d0f2a0;  1 drivers
v0x8f65038e0_0 .net *"_ivl_2", 0 0, L_0x8f6c72610;  1 drivers
v0x8f6503980_0 .net *"_ivl_4", 0 0, L_0x8f6d0f340;  1 drivers
v0x8f6503a20_0 .net *"_ivl_5", 0 0, L_0x8f6d0f3e0;  1 drivers
v0x8f6503ac0_0 .net *"_ivl_6", 0 0, L_0x8f6c72680;  1 drivers
S_0x8f6505680 .scope generate, "add_one_loop[27]" "add_one_loop[27]" 9 20, 9 20 0, S_0x8f64f6b80;
 .timescale -9 -11;
P_0x8f6c03e40 .param/l "i" 1 9 20, +C4<011011>;
L_0x8f6c726f0 .functor XOR 1, L_0x8f6d0f480, L_0x8f6d0f520, C4<0>, C4<0>;
L_0x8f6c72760 .functor AND 1, L_0x8f6d0f5c0, L_0x8f6d0f660, C4<1>, C4<1>;
v0x8f6503b60_0 .net *"_ivl_0", 0 0, L_0x8f6d0f480;  1 drivers
v0x8f6503c00_0 .net *"_ivl_1", 0 0, L_0x8f6d0f520;  1 drivers
v0x8f6503ca0_0 .net *"_ivl_2", 0 0, L_0x8f6c726f0;  1 drivers
v0x8f6503d40_0 .net *"_ivl_4", 0 0, L_0x8f6d0f5c0;  1 drivers
v0x8f6503de0_0 .net *"_ivl_5", 0 0, L_0x8f6d0f660;  1 drivers
v0x8f6503e80_0 .net *"_ivl_6", 0 0, L_0x8f6c72760;  1 drivers
S_0x8f6505800 .scope generate, "add_one_loop[28]" "add_one_loop[28]" 9 20, 9 20 0, S_0x8f64f6b80;
 .timescale -9 -11;
P_0x8f6c03e80 .param/l "i" 1 9 20, +C4<011100>;
L_0x8f6c727d0 .functor XOR 1, L_0x8f6d0f700, L_0x8f6d0f7a0, C4<0>, C4<0>;
L_0x8f6c72840 .functor AND 1, L_0x8f6d0f840, L_0x8f6d0f8e0, C4<1>, C4<1>;
v0x8f6503f20_0 .net *"_ivl_0", 0 0, L_0x8f6d0f700;  1 drivers
v0x8f6508000_0 .net *"_ivl_1", 0 0, L_0x8f6d0f7a0;  1 drivers
v0x8f65080a0_0 .net *"_ivl_2", 0 0, L_0x8f6c727d0;  1 drivers
v0x8f6508140_0 .net *"_ivl_4", 0 0, L_0x8f6d0f840;  1 drivers
v0x8f65081e0_0 .net *"_ivl_5", 0 0, L_0x8f6d0f8e0;  1 drivers
v0x8f6508280_0 .net *"_ivl_6", 0 0, L_0x8f6c72840;  1 drivers
S_0x8f6505980 .scope generate, "add_one_loop[29]" "add_one_loop[29]" 9 20, 9 20 0, S_0x8f64f6b80;
 .timescale -9 -11;
P_0x8f6c03ec0 .param/l "i" 1 9 20, +C4<011101>;
L_0x8f6c728b0 .functor XOR 1, L_0x8f6d0f980, L_0x8f6d0fa20, C4<0>, C4<0>;
L_0x8f6c72920 .functor AND 1, L_0x8f6d0fac0, L_0x8f6d0fb60, C4<1>, C4<1>;
v0x8f6508320_0 .net *"_ivl_0", 0 0, L_0x8f6d0f980;  1 drivers
v0x8f65083c0_0 .net *"_ivl_1", 0 0, L_0x8f6d0fa20;  1 drivers
v0x8f6508460_0 .net *"_ivl_2", 0 0, L_0x8f6c728b0;  1 drivers
v0x8f6508500_0 .net *"_ivl_4", 0 0, L_0x8f6d0fac0;  1 drivers
v0x8f65085a0_0 .net *"_ivl_5", 0 0, L_0x8f6d0fb60;  1 drivers
v0x8f6508640_0 .net *"_ivl_6", 0 0, L_0x8f6c72920;  1 drivers
S_0x8f6505b00 .scope generate, "add_one_loop[30]" "add_one_loop[30]" 9 20, 9 20 0, S_0x8f64f6b80;
 .timescale -9 -11;
P_0x8f6c03f00 .param/l "i" 1 9 20, +C4<011110>;
L_0x8f6c72990 .functor XOR 1, L_0x8f6d0fc00, L_0x8f6d0fca0, C4<0>, C4<0>;
L_0x8f6c72a00 .functor AND 1, L_0x8f6d0fd40, L_0x8f6d0fde0, C4<1>, C4<1>;
v0x8f65086e0_0 .net *"_ivl_0", 0 0, L_0x8f6d0fc00;  1 drivers
v0x8f6508780_0 .net *"_ivl_1", 0 0, L_0x8f6d0fca0;  1 drivers
v0x8f6508820_0 .net *"_ivl_2", 0 0, L_0x8f6c72990;  1 drivers
v0x8f65088c0_0 .net *"_ivl_4", 0 0, L_0x8f6d0fd40;  1 drivers
v0x8f6508960_0 .net *"_ivl_5", 0 0, L_0x8f6d0fde0;  1 drivers
v0x8f6508a00_0 .net *"_ivl_6", 0 0, L_0x8f6c72a00;  1 drivers
S_0x8f6505c80 .scope generate, "add_one_loop[31]" "add_one_loop[31]" 9 20, 9 20 0, S_0x8f64f6b80;
 .timescale -9 -11;
P_0x8f6c03f40 .param/l "i" 1 9 20, +C4<011111>;
L_0x8f6c72a70 .functor XOR 1, L_0x8f6d0fe80, L_0x8f6d0ff20, C4<0>, C4<0>;
L_0x8f6c72ae0 .functor AND 1, L_0x8f6d10000, L_0x8f6d100a0, C4<1>, C4<1>;
v0x8f6508aa0_0 .net *"_ivl_0", 0 0, L_0x8f6d0fe80;  1 drivers
v0x8f6508b40_0 .net *"_ivl_1", 0 0, L_0x8f6d0ff20;  1 drivers
v0x8f6508be0_0 .net *"_ivl_2", 0 0, L_0x8f6c72a70;  1 drivers
v0x8f6508c80_0 .net *"_ivl_4", 0 0, L_0x8f6d10000;  1 drivers
v0x8f6508d20_0 .net *"_ivl_5", 0 0, L_0x8f6d100a0;  1 drivers
v0x8f6508dc0_0 .net *"_ivl_6", 0 0, L_0x8f6c72ae0;  1 drivers
S_0x8f6505e00 .scope generate, "inv_loop[0]" "inv_loop[0]" 9 11, 9 11 0, S_0x8f64f6b80;
 .timescale -9 -11;
P_0x8f6c03f80 .param/l "i" 1 9 11, +C4<00>;
L_0x8f65d2e60 .functor NOT 1, L_0x8f65d9cc0, C4<0>, C4<0>, C4<0>;
v0x8f6508e60_0 .net *"_ivl_0", 0 0, L_0x8f65d9cc0;  1 drivers
v0x8f6508f00_0 .net *"_ivl_1", 0 0, L_0x8f65d2e60;  1 drivers
S_0x8f6505f80 .scope generate, "inv_loop[1]" "inv_loop[1]" 9 11, 9 11 0, S_0x8f64f6b80;
 .timescale -9 -11;
P_0x8f6c03fc0 .param/l "i" 1 9 11, +C4<01>;
L_0x8f65d2ed0 .functor NOT 1, L_0x8f65d9d60, C4<0>, C4<0>, C4<0>;
v0x8f6508fa0_0 .net *"_ivl_0", 0 0, L_0x8f65d9d60;  1 drivers
v0x8f6509040_0 .net *"_ivl_1", 0 0, L_0x8f65d2ed0;  1 drivers
S_0x8f6506100 .scope generate, "inv_loop[2]" "inv_loop[2]" 9 11, 9 11 0, S_0x8f64f6b80;
 .timescale -9 -11;
P_0x8f650c000 .param/l "i" 1 9 11, +C4<010>;
L_0x8f65d2f40 .functor NOT 1, L_0x8f65d9e00, C4<0>, C4<0>, C4<0>;
v0x8f65090e0_0 .net *"_ivl_0", 0 0, L_0x8f65d9e00;  1 drivers
v0x8f6509180_0 .net *"_ivl_1", 0 0, L_0x8f65d2f40;  1 drivers
S_0x8f6506280 .scope generate, "inv_loop[3]" "inv_loop[3]" 9 11, 9 11 0, S_0x8f64f6b80;
 .timescale -9 -11;
P_0x8f6510000 .param/l "i" 1 9 11, +C4<011>;
L_0x8f65d2fb0 .functor NOT 1, L_0x8f65d9ea0, C4<0>, C4<0>, C4<0>;
v0x8f6509220_0 .net *"_ivl_0", 0 0, L_0x8f65d9ea0;  1 drivers
v0x8f65092c0_0 .net *"_ivl_1", 0 0, L_0x8f65d2fb0;  1 drivers
S_0x8f6506400 .scope generate, "inv_loop[4]" "inv_loop[4]" 9 11, 9 11 0, S_0x8f64f6b80;
 .timescale -9 -11;
P_0x8f6510040 .param/l "i" 1 9 11, +C4<0100>;
L_0x8f65d3020 .functor NOT 1, L_0x8f65d9f40, C4<0>, C4<0>, C4<0>;
v0x8f6509360_0 .net *"_ivl_0", 0 0, L_0x8f65d9f40;  1 drivers
v0x8f6509400_0 .net *"_ivl_1", 0 0, L_0x8f65d3020;  1 drivers
S_0x8f6506580 .scope generate, "inv_loop[5]" "inv_loop[5]" 9 11, 9 11 0, S_0x8f64f6b80;
 .timescale -9 -11;
P_0x8f6510080 .param/l "i" 1 9 11, +C4<0101>;
L_0x8f65d3090 .functor NOT 1, L_0x8f65d9fe0, C4<0>, C4<0>, C4<0>;
v0x8f65094a0_0 .net *"_ivl_0", 0 0, L_0x8f65d9fe0;  1 drivers
v0x8f6509540_0 .net *"_ivl_1", 0 0, L_0x8f65d3090;  1 drivers
S_0x8f6506700 .scope generate, "inv_loop[6]" "inv_loop[6]" 9 11, 9 11 0, S_0x8f64f6b80;
 .timescale -9 -11;
P_0x8f65100c0 .param/l "i" 1 9 11, +C4<0110>;
L_0x8f65d3100 .functor NOT 1, L_0x8f65da080, C4<0>, C4<0>, C4<0>;
v0x8f65095e0_0 .net *"_ivl_0", 0 0, L_0x8f65da080;  1 drivers
v0x8f6509680_0 .net *"_ivl_1", 0 0, L_0x8f65d3100;  1 drivers
S_0x8f6506880 .scope generate, "inv_loop[7]" "inv_loop[7]" 9 11, 9 11 0, S_0x8f64f6b80;
 .timescale -9 -11;
P_0x8f6510100 .param/l "i" 1 9 11, +C4<0111>;
L_0x8f65d3170 .functor NOT 1, L_0x8f65da120, C4<0>, C4<0>, C4<0>;
v0x8f6509720_0 .net *"_ivl_0", 0 0, L_0x8f65da120;  1 drivers
v0x8f65097c0_0 .net *"_ivl_1", 0 0, L_0x8f65d3170;  1 drivers
S_0x8f6506a00 .scope generate, "inv_loop[8]" "inv_loop[8]" 9 11, 9 11 0, S_0x8f64f6b80;
 .timescale -9 -11;
P_0x8f6510140 .param/l "i" 1 9 11, +C4<01000>;
L_0x8f65d31e0 .functor NOT 1, L_0x8f65da1c0, C4<0>, C4<0>, C4<0>;
v0x8f6509860_0 .net *"_ivl_0", 0 0, L_0x8f65da1c0;  1 drivers
v0x8f6509900_0 .net *"_ivl_1", 0 0, L_0x8f65d31e0;  1 drivers
S_0x8f6506b80 .scope generate, "inv_loop[9]" "inv_loop[9]" 9 11, 9 11 0, S_0x8f64f6b80;
 .timescale -9 -11;
P_0x8f6510180 .param/l "i" 1 9 11, +C4<01001>;
L_0x8f65d3250 .functor NOT 1, L_0x8f65da260, C4<0>, C4<0>, C4<0>;
v0x8f65099a0_0 .net *"_ivl_0", 0 0, L_0x8f65da260;  1 drivers
v0x8f6509a40_0 .net *"_ivl_1", 0 0, L_0x8f65d3250;  1 drivers
S_0x8f6506d00 .scope generate, "inv_loop[10]" "inv_loop[10]" 9 11, 9 11 0, S_0x8f64f6b80;
 .timescale -9 -11;
P_0x8f65101c0 .param/l "i" 1 9 11, +C4<01010>;
L_0x8f65d32c0 .functor NOT 1, L_0x8f65da300, C4<0>, C4<0>, C4<0>;
v0x8f6509ae0_0 .net *"_ivl_0", 0 0, L_0x8f65da300;  1 drivers
v0x8f6509b80_0 .net *"_ivl_1", 0 0, L_0x8f65d32c0;  1 drivers
S_0x8f6506e80 .scope generate, "inv_loop[11]" "inv_loop[11]" 9 11, 9 11 0, S_0x8f64f6b80;
 .timescale -9 -11;
P_0x8f6510200 .param/l "i" 1 9 11, +C4<01011>;
L_0x8f65d3330 .functor NOT 1, L_0x8f65da3a0, C4<0>, C4<0>, C4<0>;
v0x8f6509c20_0 .net *"_ivl_0", 0 0, L_0x8f65da3a0;  1 drivers
v0x8f6509cc0_0 .net *"_ivl_1", 0 0, L_0x8f65d3330;  1 drivers
S_0x8f6507000 .scope generate, "inv_loop[12]" "inv_loop[12]" 9 11, 9 11 0, S_0x8f64f6b80;
 .timescale -9 -11;
P_0x8f6510240 .param/l "i" 1 9 11, +C4<01100>;
L_0x8f65d3410 .functor NOT 1, L_0x8f65da440, C4<0>, C4<0>, C4<0>;
v0x8f6509d60_0 .net *"_ivl_0", 0 0, L_0x8f65da440;  1 drivers
v0x8f6509e00_0 .net *"_ivl_1", 0 0, L_0x8f65d3410;  1 drivers
S_0x8f6507180 .scope generate, "inv_loop[13]" "inv_loop[13]" 9 11, 9 11 0, S_0x8f64f6b80;
 .timescale -9 -11;
P_0x8f6510280 .param/l "i" 1 9 11, +C4<01101>;
L_0x8f65d3480 .functor NOT 1, L_0x8f65da4e0, C4<0>, C4<0>, C4<0>;
v0x8f6509ea0_0 .net *"_ivl_0", 0 0, L_0x8f65da4e0;  1 drivers
v0x8f6509f40_0 .net *"_ivl_1", 0 0, L_0x8f65d3480;  1 drivers
S_0x8f6507300 .scope generate, "inv_loop[14]" "inv_loop[14]" 9 11, 9 11 0, S_0x8f64f6b80;
 .timescale -9 -11;
P_0x8f65102c0 .param/l "i" 1 9 11, +C4<01110>;
L_0x8f65d33a0 .functor NOT 1, L_0x8f65da580, C4<0>, C4<0>, C4<0>;
v0x8f6509fe0_0 .net *"_ivl_0", 0 0, L_0x8f65da580;  1 drivers
v0x8f650a080_0 .net *"_ivl_1", 0 0, L_0x8f65d33a0;  1 drivers
S_0x8f6507480 .scope generate, "inv_loop[15]" "inv_loop[15]" 9 11, 9 11 0, S_0x8f64f6b80;
 .timescale -9 -11;
P_0x8f6510300 .param/l "i" 1 9 11, +C4<01111>;
L_0x8f65d34f0 .functor NOT 1, L_0x8f65da620, C4<0>, C4<0>, C4<0>;
v0x8f650a120_0 .net *"_ivl_0", 0 0, L_0x8f65da620;  1 drivers
v0x8f650a1c0_0 .net *"_ivl_1", 0 0, L_0x8f65d34f0;  1 drivers
S_0x8f6507600 .scope generate, "inv_loop[16]" "inv_loop[16]" 9 11, 9 11 0, S_0x8f64f6b80;
 .timescale -9 -11;
P_0x8f6510340 .param/l "i" 1 9 11, +C4<010000>;
L_0x8f65d3560 .functor NOT 1, L_0x8f65da6c0, C4<0>, C4<0>, C4<0>;
v0x8f650a260_0 .net *"_ivl_0", 0 0, L_0x8f65da6c0;  1 drivers
v0x8f650a300_0 .net *"_ivl_1", 0 0, L_0x8f65d3560;  1 drivers
S_0x8f6507780 .scope generate, "inv_loop[17]" "inv_loop[17]" 9 11, 9 11 0, S_0x8f64f6b80;
 .timescale -9 -11;
P_0x8f6510380 .param/l "i" 1 9 11, +C4<010001>;
L_0x8f65d35d0 .functor NOT 1, L_0x8f65da760, C4<0>, C4<0>, C4<0>;
v0x8f650a3a0_0 .net *"_ivl_0", 0 0, L_0x8f65da760;  1 drivers
v0x8f650a440_0 .net *"_ivl_1", 0 0, L_0x8f65d35d0;  1 drivers
S_0x8f6507900 .scope generate, "inv_loop[18]" "inv_loop[18]" 9 11, 9 11 0, S_0x8f64f6b80;
 .timescale -9 -11;
P_0x8f65103c0 .param/l "i" 1 9 11, +C4<010010>;
L_0x8f65d3640 .functor NOT 1, L_0x8f65da800, C4<0>, C4<0>, C4<0>;
v0x8f650a4e0_0 .net *"_ivl_0", 0 0, L_0x8f65da800;  1 drivers
v0x8f650a580_0 .net *"_ivl_1", 0 0, L_0x8f65d3640;  1 drivers
S_0x8f6507a80 .scope generate, "inv_loop[19]" "inv_loop[19]" 9 11, 9 11 0, S_0x8f64f6b80;
 .timescale -9 -11;
P_0x8f6510400 .param/l "i" 1 9 11, +C4<010011>;
L_0x8f65d36b0 .functor NOT 1, L_0x8f65da8a0, C4<0>, C4<0>, C4<0>;
v0x8f650a620_0 .net *"_ivl_0", 0 0, L_0x8f65da8a0;  1 drivers
v0x8f650a6c0_0 .net *"_ivl_1", 0 0, L_0x8f65d36b0;  1 drivers
S_0x8f6507c00 .scope generate, "inv_loop[20]" "inv_loop[20]" 9 11, 9 11 0, S_0x8f64f6b80;
 .timescale -9 -11;
P_0x8f6510440 .param/l "i" 1 9 11, +C4<010100>;
L_0x8f65d3720 .functor NOT 1, L_0x8f65da940, C4<0>, C4<0>, C4<0>;
v0x8f650a760_0 .net *"_ivl_0", 0 0, L_0x8f65da940;  1 drivers
v0x8f650a800_0 .net *"_ivl_1", 0 0, L_0x8f65d3720;  1 drivers
S_0x8f6507d80 .scope generate, "inv_loop[21]" "inv_loop[21]" 9 11, 9 11 0, S_0x8f64f6b80;
 .timescale -9 -11;
P_0x8f6510480 .param/l "i" 1 9 11, +C4<010101>;
L_0x8f65d3790 .functor NOT 1, L_0x8f65da9e0, C4<0>, C4<0>, C4<0>;
v0x8f650a8a0_0 .net *"_ivl_0", 0 0, L_0x8f65da9e0;  1 drivers
v0x8f650a940_0 .net *"_ivl_1", 0 0, L_0x8f65d3790;  1 drivers
S_0x8f6514000 .scope generate, "inv_loop[22]" "inv_loop[22]" 9 11, 9 11 0, S_0x8f64f6b80;
 .timescale -9 -11;
P_0x8f65104c0 .param/l "i" 1 9 11, +C4<010110>;
L_0x8f65d3800 .functor NOT 1, L_0x8f65daa80, C4<0>, C4<0>, C4<0>;
v0x8f650a9e0_0 .net *"_ivl_0", 0 0, L_0x8f65daa80;  1 drivers
v0x8f650aa80_0 .net *"_ivl_1", 0 0, L_0x8f65d3800;  1 drivers
S_0x8f6514180 .scope generate, "inv_loop[23]" "inv_loop[23]" 9 11, 9 11 0, S_0x8f64f6b80;
 .timescale -9 -11;
P_0x8f6510500 .param/l "i" 1 9 11, +C4<010111>;
L_0x8f65d3870 .functor NOT 1, L_0x8f65dab20, C4<0>, C4<0>, C4<0>;
v0x8f650ab20_0 .net *"_ivl_0", 0 0, L_0x8f65dab20;  1 drivers
v0x8f650abc0_0 .net *"_ivl_1", 0 0, L_0x8f65d3870;  1 drivers
S_0x8f6514300 .scope generate, "inv_loop[24]" "inv_loop[24]" 9 11, 9 11 0, S_0x8f64f6b80;
 .timescale -9 -11;
P_0x8f6510540 .param/l "i" 1 9 11, +C4<011000>;
L_0x8f65d38e0 .functor NOT 1, L_0x8f65dabc0, C4<0>, C4<0>, C4<0>;
v0x8f650ac60_0 .net *"_ivl_0", 0 0, L_0x8f65dabc0;  1 drivers
v0x8f650ad00_0 .net *"_ivl_1", 0 0, L_0x8f65d38e0;  1 drivers
S_0x8f6514480 .scope generate, "inv_loop[25]" "inv_loop[25]" 9 11, 9 11 0, S_0x8f64f6b80;
 .timescale -9 -11;
P_0x8f6510580 .param/l "i" 1 9 11, +C4<011001>;
L_0x8f65d3950 .functor NOT 1, L_0x8f65dac60, C4<0>, C4<0>, C4<0>;
v0x8f650ada0_0 .net *"_ivl_0", 0 0, L_0x8f65dac60;  1 drivers
v0x8f650ae40_0 .net *"_ivl_1", 0 0, L_0x8f65d3950;  1 drivers
S_0x8f6514600 .scope generate, "inv_loop[26]" "inv_loop[26]" 9 11, 9 11 0, S_0x8f64f6b80;
 .timescale -9 -11;
P_0x8f65105c0 .param/l "i" 1 9 11, +C4<011010>;
L_0x8f65d39c0 .functor NOT 1, L_0x8f65dad00, C4<0>, C4<0>, C4<0>;
v0x8f650aee0_0 .net *"_ivl_0", 0 0, L_0x8f65dad00;  1 drivers
v0x8f650af80_0 .net *"_ivl_1", 0 0, L_0x8f65d39c0;  1 drivers
S_0x8f6514780 .scope generate, "inv_loop[27]" "inv_loop[27]" 9 11, 9 11 0, S_0x8f64f6b80;
 .timescale -9 -11;
P_0x8f6510600 .param/l "i" 1 9 11, +C4<011011>;
L_0x8f65d3a30 .functor NOT 1, L_0x8f65dada0, C4<0>, C4<0>, C4<0>;
v0x8f650b020_0 .net *"_ivl_0", 0 0, L_0x8f65dada0;  1 drivers
v0x8f650b0c0_0 .net *"_ivl_1", 0 0, L_0x8f65d3a30;  1 drivers
S_0x8f6514900 .scope generate, "inv_loop[28]" "inv_loop[28]" 9 11, 9 11 0, S_0x8f64f6b80;
 .timescale -9 -11;
P_0x8f6510640 .param/l "i" 1 9 11, +C4<011100>;
L_0x8f65d3aa0 .functor NOT 1, L_0x8f65dae40, C4<0>, C4<0>, C4<0>;
v0x8f650b160_0 .net *"_ivl_0", 0 0, L_0x8f65dae40;  1 drivers
v0x8f650b200_0 .net *"_ivl_1", 0 0, L_0x8f65d3aa0;  1 drivers
S_0x8f6514a80 .scope generate, "inv_loop[29]" "inv_loop[29]" 9 11, 9 11 0, S_0x8f64f6b80;
 .timescale -9 -11;
P_0x8f6510680 .param/l "i" 1 9 11, +C4<011101>;
L_0x8f65d3b10 .functor NOT 1, L_0x8f65daee0, C4<0>, C4<0>, C4<0>;
v0x8f650b2a0_0 .net *"_ivl_0", 0 0, L_0x8f65daee0;  1 drivers
v0x8f650b340_0 .net *"_ivl_1", 0 0, L_0x8f65d3b10;  1 drivers
S_0x8f6514c00 .scope generate, "inv_loop[30]" "inv_loop[30]" 9 11, 9 11 0, S_0x8f64f6b80;
 .timescale -9 -11;
P_0x8f65106c0 .param/l "i" 1 9 11, +C4<011110>;
L_0x8f65d3b80 .functor NOT 1, L_0x8f65daf80, C4<0>, C4<0>, C4<0>;
v0x8f650b3e0_0 .net *"_ivl_0", 0 0, L_0x8f65daf80;  1 drivers
v0x8f650b480_0 .net *"_ivl_1", 0 0, L_0x8f65d3b80;  1 drivers
S_0x8f6514d80 .scope generate, "inv_loop[31]" "inv_loop[31]" 9 11, 9 11 0, S_0x8f64f6b80;
 .timescale -9 -11;
P_0x8f6510700 .param/l "i" 1 9 11, +C4<011111>;
L_0x8f65d3bf0 .functor NOT 1, L_0x8f65db020, C4<0>, C4<0>, C4<0>;
v0x8f650b520_0 .net *"_ivl_0", 0 0, L_0x8f65db020;  1 drivers
v0x8f650b5c0_0 .net *"_ivl_1", 0 0, L_0x8f65d3bf0;  1 drivers
S_0x8f6514f00 .scope module, "not_unit" "not_" 4 80, 10 1 0, S_0x104db3e30;
 .timescale -9 -11;
    .port_info 0 /INPUT 32 "A";
    .port_info 1 /OUTPUT 32 "C";
v0x8f651a1c0_0 .net "A", 31 0, v0x8f6542440_0;  alias, 1 drivers
v0x8f651a260_0 .net "C", 31 0, L_0x8f7545360;  alias, 1 drivers
L_0x8f65d88c0 .part v0x8f6542440_0, 0, 1;
L_0x8f65d8960 .part v0x8f6542440_0, 1, 1;
L_0x8f65d8a00 .part v0x8f6542440_0, 2, 1;
L_0x8f65d8aa0 .part v0x8f6542440_0, 3, 1;
L_0x8f65d8b40 .part v0x8f6542440_0, 4, 1;
L_0x8f65d8be0 .part v0x8f6542440_0, 5, 1;
L_0x8f65d8c80 .part v0x8f6542440_0, 6, 1;
L_0x8f65d8d20 .part v0x8f6542440_0, 7, 1;
L_0x8f65d8dc0 .part v0x8f6542440_0, 8, 1;
L_0x8f65d8e60 .part v0x8f6542440_0, 9, 1;
L_0x8f65d8f00 .part v0x8f6542440_0, 10, 1;
L_0x8f65d8fa0 .part v0x8f6542440_0, 11, 1;
L_0x8f65d9040 .part v0x8f6542440_0, 12, 1;
L_0x8f65d90e0 .part v0x8f6542440_0, 13, 1;
L_0x8f65d9180 .part v0x8f6542440_0, 14, 1;
L_0x8f65d9220 .part v0x8f6542440_0, 15, 1;
L_0x8f65d92c0 .part v0x8f6542440_0, 16, 1;
L_0x8f65d9360 .part v0x8f6542440_0, 17, 1;
L_0x8f65d9400 .part v0x8f6542440_0, 18, 1;
L_0x8f65d94a0 .part v0x8f6542440_0, 19, 1;
L_0x8f65d9540 .part v0x8f6542440_0, 20, 1;
L_0x8f65d95e0 .part v0x8f6542440_0, 21, 1;
L_0x8f65d9680 .part v0x8f6542440_0, 22, 1;
L_0x8f65d9720 .part v0x8f6542440_0, 23, 1;
L_0x8f65d97c0 .part v0x8f6542440_0, 24, 1;
L_0x8f65d9860 .part v0x8f6542440_0, 25, 1;
L_0x8f65d9900 .part v0x8f6542440_0, 26, 1;
L_0x8f65d99a0 .part v0x8f6542440_0, 27, 1;
L_0x8f65d9a40 .part v0x8f6542440_0, 28, 1;
L_0x8f65d9ae0 .part v0x8f6542440_0, 29, 1;
L_0x8f65d9b80 .part v0x8f6542440_0, 30, 1;
LS_0x8f7545360_0_0 .concat8 [ 1 1 1 1], L_0x8f7544000, L_0x8f75440a0, L_0x8f7544140, L_0x8f75441e0;
LS_0x8f7545360_0_4 .concat8 [ 1 1 1 1], L_0x8f7544280, L_0x8f7544320, L_0x8f75443c0, L_0x8f7544460;
LS_0x8f7545360_0_8 .concat8 [ 1 1 1 1], L_0x8f7544500, L_0x8f75445a0, L_0x8f7544640, L_0x8f75446e0;
LS_0x8f7545360_0_12 .concat8 [ 1 1 1 1], L_0x8f7544780, L_0x8f7544820, L_0x8f75448c0, L_0x8f7544960;
LS_0x8f7545360_0_16 .concat8 [ 1 1 1 1], L_0x8f7544a00, L_0x8f7544aa0, L_0x8f7544b40, L_0x8f7544be0;
LS_0x8f7545360_0_20 .concat8 [ 1 1 1 1], L_0x8f7544c80, L_0x8f7544d20, L_0x8f7544dc0, L_0x8f7544e60;
LS_0x8f7545360_0_24 .concat8 [ 1 1 1 1], L_0x8f7544f00, L_0x8f7544fa0, L_0x8f7545040, L_0x8f75450e0;
LS_0x8f7545360_0_28 .concat8 [ 1 1 1 1], L_0x8f7545180, L_0x8f7545220, L_0x8f75452c0, L_0x8f7545400;
LS_0x8f7545360_1_0 .concat8 [ 4 4 4 4], LS_0x8f7545360_0_0, LS_0x8f7545360_0_4, LS_0x8f7545360_0_8, LS_0x8f7545360_0_12;
LS_0x8f7545360_1_4 .concat8 [ 4 4 4 4], LS_0x8f7545360_0_16, LS_0x8f7545360_0_20, LS_0x8f7545360_0_24, LS_0x8f7545360_0_28;
L_0x8f7545360 .concat8 [ 16 16 0 0], LS_0x8f7545360_1_0, LS_0x8f7545360_1_4;
L_0x8f65d9c20 .part v0x8f6542440_0, 31, 1;
S_0x8f6515080 .scope generate, "loop[0]" "loop[0]" 10 8, 10 8 0, S_0x8f6514f00;
 .timescale -9 -11;
P_0x8f6510740 .param/l "i" 1 10 8, +C4<00>;
v0x8f650b980_0 .net *"_ivl_0", 0 0, L_0x8f65d88c0;  1 drivers
v0x8f650ba20_0 .net *"_ivl_2", 0 0, L_0x8f7544000;  1 drivers
L_0x8f7544000 .reduce/nor L_0x8f65d88c0;
S_0x8f6515200 .scope generate, "loop[1]" "loop[1]" 10 8, 10 8 0, S_0x8f6514f00;
 .timescale -9 -11;
P_0x8f6510780 .param/l "i" 1 10 8, +C4<01>;
v0x8f650bac0_0 .net *"_ivl_0", 0 0, L_0x8f65d8960;  1 drivers
v0x8f650bb60_0 .net *"_ivl_2", 0 0, L_0x8f75440a0;  1 drivers
L_0x8f75440a0 .reduce/nor L_0x8f65d8960;
S_0x8f6515380 .scope generate, "loop[2]" "loop[2]" 10 8, 10 8 0, S_0x8f6514f00;
 .timescale -9 -11;
P_0x8f65107c0 .param/l "i" 1 10 8, +C4<010>;
v0x8f650bc00_0 .net *"_ivl_0", 0 0, L_0x8f65d8a00;  1 drivers
v0x8f650bca0_0 .net *"_ivl_2", 0 0, L_0x8f7544140;  1 drivers
L_0x8f7544140 .reduce/nor L_0x8f65d8a00;
S_0x8f6515500 .scope generate, "loop[3]" "loop[3]" 10 8, 10 8 0, S_0x8f6514f00;
 .timescale -9 -11;
P_0x8f6510800 .param/l "i" 1 10 8, +C4<011>;
v0x8f650bd40_0 .net *"_ivl_0", 0 0, L_0x8f65d8aa0;  1 drivers
v0x8f650bde0_0 .net *"_ivl_2", 0 0, L_0x8f75441e0;  1 drivers
L_0x8f75441e0 .reduce/nor L_0x8f65d8aa0;
S_0x8f6515680 .scope generate, "loop[4]" "loop[4]" 10 8, 10 8 0, S_0x8f6514f00;
 .timescale -9 -11;
P_0x8f6510840 .param/l "i" 1 10 8, +C4<0100>;
v0x8f650be80_0 .net *"_ivl_0", 0 0, L_0x8f65d8b40;  1 drivers
v0x8f650bf20_0 .net *"_ivl_2", 0 0, L_0x8f7544280;  1 drivers
L_0x8f7544280 .reduce/nor L_0x8f65d8b40;
S_0x8f6515800 .scope generate, "loop[5]" "loop[5]" 10 8, 10 8 0, S_0x8f6514f00;
 .timescale -9 -11;
P_0x8f6510880 .param/l "i" 1 10 8, +C4<0101>;
v0x8f6518000_0 .net *"_ivl_0", 0 0, L_0x8f65d8be0;  1 drivers
v0x8f65180a0_0 .net *"_ivl_2", 0 0, L_0x8f7544320;  1 drivers
L_0x8f7544320 .reduce/nor L_0x8f65d8be0;
S_0x8f6515980 .scope generate, "loop[6]" "loop[6]" 10 8, 10 8 0, S_0x8f6514f00;
 .timescale -9 -11;
P_0x8f65108c0 .param/l "i" 1 10 8, +C4<0110>;
v0x8f6518140_0 .net *"_ivl_0", 0 0, L_0x8f65d8c80;  1 drivers
v0x8f65181e0_0 .net *"_ivl_2", 0 0, L_0x8f75443c0;  1 drivers
L_0x8f75443c0 .reduce/nor L_0x8f65d8c80;
S_0x8f6515b00 .scope generate, "loop[7]" "loop[7]" 10 8, 10 8 0, S_0x8f6514f00;
 .timescale -9 -11;
P_0x8f6510900 .param/l "i" 1 10 8, +C4<0111>;
v0x8f6518280_0 .net *"_ivl_0", 0 0, L_0x8f65d8d20;  1 drivers
v0x8f6518320_0 .net *"_ivl_2", 0 0, L_0x8f7544460;  1 drivers
L_0x8f7544460 .reduce/nor L_0x8f65d8d20;
S_0x8f6515c80 .scope generate, "loop[8]" "loop[8]" 10 8, 10 8 0, S_0x8f6514f00;
 .timescale -9 -11;
P_0x8f6510940 .param/l "i" 1 10 8, +C4<01000>;
v0x8f65183c0_0 .net *"_ivl_0", 0 0, L_0x8f65d8dc0;  1 drivers
v0x8f6518460_0 .net *"_ivl_2", 0 0, L_0x8f7544500;  1 drivers
L_0x8f7544500 .reduce/nor L_0x8f65d8dc0;
S_0x8f6515e00 .scope generate, "loop[9]" "loop[9]" 10 8, 10 8 0, S_0x8f6514f00;
 .timescale -9 -11;
P_0x8f6510980 .param/l "i" 1 10 8, +C4<01001>;
v0x8f6518500_0 .net *"_ivl_0", 0 0, L_0x8f65d8e60;  1 drivers
v0x8f65185a0_0 .net *"_ivl_2", 0 0, L_0x8f75445a0;  1 drivers
L_0x8f75445a0 .reduce/nor L_0x8f65d8e60;
S_0x8f6515f80 .scope generate, "loop[10]" "loop[10]" 10 8, 10 8 0, S_0x8f6514f00;
 .timescale -9 -11;
P_0x8f65109c0 .param/l "i" 1 10 8, +C4<01010>;
v0x8f6518640_0 .net *"_ivl_0", 0 0, L_0x8f65d8f00;  1 drivers
v0x8f65186e0_0 .net *"_ivl_2", 0 0, L_0x8f7544640;  1 drivers
L_0x8f7544640 .reduce/nor L_0x8f65d8f00;
S_0x8f6516100 .scope generate, "loop[11]" "loop[11]" 10 8, 10 8 0, S_0x8f6514f00;
 .timescale -9 -11;
P_0x8f6510a00 .param/l "i" 1 10 8, +C4<01011>;
v0x8f6518780_0 .net *"_ivl_0", 0 0, L_0x8f65d8fa0;  1 drivers
v0x8f6518820_0 .net *"_ivl_2", 0 0, L_0x8f75446e0;  1 drivers
L_0x8f75446e0 .reduce/nor L_0x8f65d8fa0;
S_0x8f6516280 .scope generate, "loop[12]" "loop[12]" 10 8, 10 8 0, S_0x8f6514f00;
 .timescale -9 -11;
P_0x8f6510a40 .param/l "i" 1 10 8, +C4<01100>;
v0x8f65188c0_0 .net *"_ivl_0", 0 0, L_0x8f65d9040;  1 drivers
v0x8f6518960_0 .net *"_ivl_2", 0 0, L_0x8f7544780;  1 drivers
L_0x8f7544780 .reduce/nor L_0x8f65d9040;
S_0x8f6516400 .scope generate, "loop[13]" "loop[13]" 10 8, 10 8 0, S_0x8f6514f00;
 .timescale -9 -11;
P_0x8f6510a80 .param/l "i" 1 10 8, +C4<01101>;
v0x8f6518a00_0 .net *"_ivl_0", 0 0, L_0x8f65d90e0;  1 drivers
v0x8f6518aa0_0 .net *"_ivl_2", 0 0, L_0x8f7544820;  1 drivers
L_0x8f7544820 .reduce/nor L_0x8f65d90e0;
S_0x8f6516580 .scope generate, "loop[14]" "loop[14]" 10 8, 10 8 0, S_0x8f6514f00;
 .timescale -9 -11;
P_0x8f6510ac0 .param/l "i" 1 10 8, +C4<01110>;
v0x8f6518b40_0 .net *"_ivl_0", 0 0, L_0x8f65d9180;  1 drivers
v0x8f6518be0_0 .net *"_ivl_2", 0 0, L_0x8f75448c0;  1 drivers
L_0x8f75448c0 .reduce/nor L_0x8f65d9180;
S_0x8f6516700 .scope generate, "loop[15]" "loop[15]" 10 8, 10 8 0, S_0x8f6514f00;
 .timescale -9 -11;
P_0x8f6510b00 .param/l "i" 1 10 8, +C4<01111>;
v0x8f6518c80_0 .net *"_ivl_0", 0 0, L_0x8f65d9220;  1 drivers
v0x8f6518d20_0 .net *"_ivl_2", 0 0, L_0x8f7544960;  1 drivers
L_0x8f7544960 .reduce/nor L_0x8f65d9220;
S_0x8f6516880 .scope generate, "loop[16]" "loop[16]" 10 8, 10 8 0, S_0x8f6514f00;
 .timescale -9 -11;
P_0x8f6510b40 .param/l "i" 1 10 8, +C4<010000>;
v0x8f6518dc0_0 .net *"_ivl_0", 0 0, L_0x8f65d92c0;  1 drivers
v0x8f6518e60_0 .net *"_ivl_2", 0 0, L_0x8f7544a00;  1 drivers
L_0x8f7544a00 .reduce/nor L_0x8f65d92c0;
S_0x8f6516a00 .scope generate, "loop[17]" "loop[17]" 10 8, 10 8 0, S_0x8f6514f00;
 .timescale -9 -11;
P_0x8f6510b80 .param/l "i" 1 10 8, +C4<010001>;
v0x8f6518f00_0 .net *"_ivl_0", 0 0, L_0x8f65d9360;  1 drivers
v0x8f6518fa0_0 .net *"_ivl_2", 0 0, L_0x8f7544aa0;  1 drivers
L_0x8f7544aa0 .reduce/nor L_0x8f65d9360;
S_0x8f6516b80 .scope generate, "loop[18]" "loop[18]" 10 8, 10 8 0, S_0x8f6514f00;
 .timescale -9 -11;
P_0x8f6510bc0 .param/l "i" 1 10 8, +C4<010010>;
v0x8f6519040_0 .net *"_ivl_0", 0 0, L_0x8f65d9400;  1 drivers
v0x8f65190e0_0 .net *"_ivl_2", 0 0, L_0x8f7544b40;  1 drivers
L_0x8f7544b40 .reduce/nor L_0x8f65d9400;
S_0x8f6516d00 .scope generate, "loop[19]" "loop[19]" 10 8, 10 8 0, S_0x8f6514f00;
 .timescale -9 -11;
P_0x8f6510c00 .param/l "i" 1 10 8, +C4<010011>;
v0x8f6519180_0 .net *"_ivl_0", 0 0, L_0x8f65d94a0;  1 drivers
v0x8f6519220_0 .net *"_ivl_2", 0 0, L_0x8f7544be0;  1 drivers
L_0x8f7544be0 .reduce/nor L_0x8f65d94a0;
S_0x8f6516e80 .scope generate, "loop[20]" "loop[20]" 10 8, 10 8 0, S_0x8f6514f00;
 .timescale -9 -11;
P_0x8f6510c40 .param/l "i" 1 10 8, +C4<010100>;
v0x8f65192c0_0 .net *"_ivl_0", 0 0, L_0x8f65d9540;  1 drivers
v0x8f6519360_0 .net *"_ivl_2", 0 0, L_0x8f7544c80;  1 drivers
L_0x8f7544c80 .reduce/nor L_0x8f65d9540;
S_0x8f6517000 .scope generate, "loop[21]" "loop[21]" 10 8, 10 8 0, S_0x8f6514f00;
 .timescale -9 -11;
P_0x8f6510c80 .param/l "i" 1 10 8, +C4<010101>;
v0x8f6519400_0 .net *"_ivl_0", 0 0, L_0x8f65d95e0;  1 drivers
v0x8f65194a0_0 .net *"_ivl_2", 0 0, L_0x8f7544d20;  1 drivers
L_0x8f7544d20 .reduce/nor L_0x8f65d95e0;
S_0x8f6517180 .scope generate, "loop[22]" "loop[22]" 10 8, 10 8 0, S_0x8f6514f00;
 .timescale -9 -11;
P_0x8f6510cc0 .param/l "i" 1 10 8, +C4<010110>;
v0x8f6519540_0 .net *"_ivl_0", 0 0, L_0x8f65d9680;  1 drivers
v0x8f65195e0_0 .net *"_ivl_2", 0 0, L_0x8f7544dc0;  1 drivers
L_0x8f7544dc0 .reduce/nor L_0x8f65d9680;
S_0x8f6517300 .scope generate, "loop[23]" "loop[23]" 10 8, 10 8 0, S_0x8f6514f00;
 .timescale -9 -11;
P_0x8f6510d00 .param/l "i" 1 10 8, +C4<010111>;
v0x8f6519680_0 .net *"_ivl_0", 0 0, L_0x8f65d9720;  1 drivers
v0x8f6519720_0 .net *"_ivl_2", 0 0, L_0x8f7544e60;  1 drivers
L_0x8f7544e60 .reduce/nor L_0x8f65d9720;
S_0x8f6517480 .scope generate, "loop[24]" "loop[24]" 10 8, 10 8 0, S_0x8f6514f00;
 .timescale -9 -11;
P_0x8f6510d40 .param/l "i" 1 10 8, +C4<011000>;
v0x8f65197c0_0 .net *"_ivl_0", 0 0, L_0x8f65d97c0;  1 drivers
v0x8f6519860_0 .net *"_ivl_2", 0 0, L_0x8f7544f00;  1 drivers
L_0x8f7544f00 .reduce/nor L_0x8f65d97c0;
S_0x8f6517600 .scope generate, "loop[25]" "loop[25]" 10 8, 10 8 0, S_0x8f6514f00;
 .timescale -9 -11;
P_0x8f6510d80 .param/l "i" 1 10 8, +C4<011001>;
v0x8f6519900_0 .net *"_ivl_0", 0 0, L_0x8f65d9860;  1 drivers
v0x8f65199a0_0 .net *"_ivl_2", 0 0, L_0x8f7544fa0;  1 drivers
L_0x8f7544fa0 .reduce/nor L_0x8f65d9860;
S_0x8f6517780 .scope generate, "loop[26]" "loop[26]" 10 8, 10 8 0, S_0x8f6514f00;
 .timescale -9 -11;
P_0x8f6510dc0 .param/l "i" 1 10 8, +C4<011010>;
v0x8f6519a40_0 .net *"_ivl_0", 0 0, L_0x8f65d9900;  1 drivers
v0x8f6519ae0_0 .net *"_ivl_2", 0 0, L_0x8f7545040;  1 drivers
L_0x8f7545040 .reduce/nor L_0x8f65d9900;
S_0x8f6517900 .scope generate, "loop[27]" "loop[27]" 10 8, 10 8 0, S_0x8f6514f00;
 .timescale -9 -11;
P_0x8f6510e00 .param/l "i" 1 10 8, +C4<011011>;
v0x8f6519b80_0 .net *"_ivl_0", 0 0, L_0x8f65d99a0;  1 drivers
v0x8f6519c20_0 .net *"_ivl_2", 0 0, L_0x8f75450e0;  1 drivers
L_0x8f75450e0 .reduce/nor L_0x8f65d99a0;
S_0x8f6517a80 .scope generate, "loop[28]" "loop[28]" 10 8, 10 8 0, S_0x8f6514f00;
 .timescale -9 -11;
P_0x8f6510e40 .param/l "i" 1 10 8, +C4<011100>;
v0x8f6519cc0_0 .net *"_ivl_0", 0 0, L_0x8f65d9a40;  1 drivers
v0x8f6519d60_0 .net *"_ivl_2", 0 0, L_0x8f7545180;  1 drivers
L_0x8f7545180 .reduce/nor L_0x8f65d9a40;
S_0x8f6517c00 .scope generate, "loop[29]" "loop[29]" 10 8, 10 8 0, S_0x8f6514f00;
 .timescale -9 -11;
P_0x8f6510e80 .param/l "i" 1 10 8, +C4<011101>;
v0x8f6519e00_0 .net *"_ivl_0", 0 0, L_0x8f65d9ae0;  1 drivers
v0x8f6519ea0_0 .net *"_ivl_2", 0 0, L_0x8f7545220;  1 drivers
L_0x8f7545220 .reduce/nor L_0x8f65d9ae0;
S_0x8f6517d80 .scope generate, "loop[30]" "loop[30]" 10 8, 10 8 0, S_0x8f6514f00;
 .timescale -9 -11;
P_0x8f6510ec0 .param/l "i" 1 10 8, +C4<011110>;
v0x8f6519f40_0 .net *"_ivl_0", 0 0, L_0x8f65d9b80;  1 drivers
v0x8f6519fe0_0 .net *"_ivl_2", 0 0, L_0x8f75452c0;  1 drivers
L_0x8f75452c0 .reduce/nor L_0x8f65d9b80;
S_0x8f651c000 .scope generate, "loop[31]" "loop[31]" 10 8, 10 8 0, S_0x8f6514f00;
 .timescale -9 -11;
P_0x8f6510f00 .param/l "i" 1 10 8, +C4<011111>;
v0x8f651a080_0 .net *"_ivl_0", 0 0, L_0x8f65d9c20;  1 drivers
v0x8f651a120_0 .net *"_ivl_2", 0 0, L_0x8f7545400;  1 drivers
L_0x8f7545400 .reduce/nor L_0x8f65d9c20;
S_0x8f651c180 .scope module, "or_unit" "or_" 4 74, 11 1 0, S_0x104db3e30;
 .timescale -9 -11;
    .port_info 0 /INPUT 32 "A";
    .port_info 1 /INPUT 32 "B";
    .port_info 2 /OUTPUT 32 "C";
v0x8f6525f40_0 .net "A", 31 0, v0x8f6542440_0;  alias, 1 drivers
v0x8f6525fe0_0 .net "B", 31 0, v0x8f6529f40_0;  alias, 1 drivers
v0x8f6526080_0 .net "C", 31 0, L_0x8f70dbf20;  alias, 1 drivers
L_0x8f65d6080 .part v0x8f6542440_0, 0, 1;
L_0x8f65d6120 .part v0x8f6529f40_0, 0, 1;
L_0x8f65d61c0 .part v0x8f6542440_0, 1, 1;
L_0x8f65d6260 .part v0x8f6529f40_0, 1, 1;
L_0x8f65d6300 .part v0x8f6542440_0, 2, 1;
L_0x8f65d63a0 .part v0x8f6529f40_0, 2, 1;
L_0x8f65d6440 .part v0x8f6542440_0, 3, 1;
L_0x8f65d64e0 .part v0x8f6529f40_0, 3, 1;
L_0x8f65d6580 .part v0x8f6542440_0, 4, 1;
L_0x8f65d6620 .part v0x8f6529f40_0, 4, 1;
L_0x8f65d66c0 .part v0x8f6542440_0, 5, 1;
L_0x8f65d6760 .part v0x8f6529f40_0, 5, 1;
L_0x8f65d6800 .part v0x8f6542440_0, 6, 1;
L_0x8f65d68a0 .part v0x8f6529f40_0, 6, 1;
L_0x8f65d6940 .part v0x8f6542440_0, 7, 1;
L_0x8f65d69e0 .part v0x8f6529f40_0, 7, 1;
L_0x8f65d6a80 .part v0x8f6542440_0, 8, 1;
L_0x8f65d6b20 .part v0x8f6529f40_0, 8, 1;
L_0x8f65d6bc0 .part v0x8f6542440_0, 9, 1;
L_0x8f65d6c60 .part v0x8f6529f40_0, 9, 1;
L_0x8f65d6d00 .part v0x8f6542440_0, 10, 1;
L_0x8f65d6da0 .part v0x8f6529f40_0, 10, 1;
L_0x8f65d6e40 .part v0x8f6542440_0, 11, 1;
L_0x8f65d6ee0 .part v0x8f6529f40_0, 11, 1;
L_0x8f65d6f80 .part v0x8f6542440_0, 12, 1;
L_0x8f65d7020 .part v0x8f6529f40_0, 12, 1;
L_0x8f65d70c0 .part v0x8f6542440_0, 13, 1;
L_0x8f65d7160 .part v0x8f6529f40_0, 13, 1;
L_0x8f65d7200 .part v0x8f6542440_0, 14, 1;
L_0x8f65d72a0 .part v0x8f6529f40_0, 14, 1;
L_0x8f65d7340 .part v0x8f6542440_0, 15, 1;
L_0x8f65d73e0 .part v0x8f6529f40_0, 15, 1;
L_0x8f65d7480 .part v0x8f6542440_0, 16, 1;
L_0x8f65d7520 .part v0x8f6529f40_0, 16, 1;
L_0x8f65d75c0 .part v0x8f6542440_0, 17, 1;
L_0x8f65d7660 .part v0x8f6529f40_0, 17, 1;
L_0x8f65d7700 .part v0x8f6542440_0, 18, 1;
L_0x8f65d77a0 .part v0x8f6529f40_0, 18, 1;
L_0x8f65d7840 .part v0x8f6542440_0, 19, 1;
L_0x8f65d78e0 .part v0x8f6529f40_0, 19, 1;
L_0x8f65d7980 .part v0x8f6542440_0, 20, 1;
L_0x8f65d7a20 .part v0x8f6529f40_0, 20, 1;
L_0x8f65d7ac0 .part v0x8f6542440_0, 21, 1;
L_0x8f65d7b60 .part v0x8f6529f40_0, 21, 1;
L_0x8f65d7c00 .part v0x8f6542440_0, 22, 1;
L_0x8f65d7ca0 .part v0x8f6529f40_0, 22, 1;
L_0x8f65d7d40 .part v0x8f6542440_0, 23, 1;
L_0x8f65d7de0 .part v0x8f6529f40_0, 23, 1;
L_0x8f65d7e80 .part v0x8f6542440_0, 24, 1;
L_0x8f65d7f20 .part v0x8f6529f40_0, 24, 1;
L_0x8f65d8000 .part v0x8f6542440_0, 25, 1;
L_0x8f65d80a0 .part v0x8f6529f40_0, 25, 1;
L_0x8f65d8140 .part v0x8f6542440_0, 26, 1;
L_0x8f65d81e0 .part v0x8f6529f40_0, 26, 1;
L_0x8f65d8280 .part v0x8f6542440_0, 27, 1;
L_0x8f65d8320 .part v0x8f6529f40_0, 27, 1;
L_0x8f65d83c0 .part v0x8f6542440_0, 28, 1;
L_0x8f65d8460 .part v0x8f6529f40_0, 28, 1;
L_0x8f65d8500 .part v0x8f6542440_0, 29, 1;
L_0x8f65d85a0 .part v0x8f6529f40_0, 29, 1;
L_0x8f65d8640 .part v0x8f6542440_0, 30, 1;
L_0x8f65d86e0 .part v0x8f6529f40_0, 30, 1;
LS_0x8f70dbf20_0_0 .concat8 [ 1 1 1 1], L_0x8f65d2060, L_0x8f65d20d0, L_0x8f65d2140, L_0x8f65d21b0;
LS_0x8f70dbf20_0_4 .concat8 [ 1 1 1 1], L_0x8f65d2220, L_0x8f65d2290, L_0x8f65d2370, L_0x8f65d2300;
LS_0x8f70dbf20_0_8 .concat8 [ 1 1 1 1], L_0x8f65d23e0, L_0x8f65d2450, L_0x8f65d24c0, L_0x8f65d2530;
LS_0x8f70dbf20_0_12 .concat8 [ 1 1 1 1], L_0x8f65d25a0, L_0x8f65d2610, L_0x8f65d2680, L_0x8f65d26f0;
LS_0x8f70dbf20_0_16 .concat8 [ 1 1 1 1], L_0x8f65d2760, L_0x8f65d27d0, L_0x8f65d2840, L_0x8f65d28b0;
LS_0x8f70dbf20_0_20 .concat8 [ 1 1 1 1], L_0x8f65d2920, L_0x8f65d2990, L_0x8f65d2a00, L_0x8f65d2a70;
LS_0x8f70dbf20_0_24 .concat8 [ 1 1 1 1], L_0x8f65d2ae0, L_0x8f65d2b50, L_0x8f65d2bc0, L_0x8f65d2c30;
LS_0x8f70dbf20_0_28 .concat8 [ 1 1 1 1], L_0x8f65d2ca0, L_0x8f65d2d10, L_0x8f65d2d80, L_0x8f65d2df0;
LS_0x8f70dbf20_1_0 .concat8 [ 4 4 4 4], LS_0x8f70dbf20_0_0, LS_0x8f70dbf20_0_4, LS_0x8f70dbf20_0_8, LS_0x8f70dbf20_0_12;
LS_0x8f70dbf20_1_4 .concat8 [ 4 4 4 4], LS_0x8f70dbf20_0_16, LS_0x8f70dbf20_0_20, LS_0x8f70dbf20_0_24, LS_0x8f70dbf20_0_28;
L_0x8f70dbf20 .concat8 [ 16 16 0 0], LS_0x8f70dbf20_1_0, LS_0x8f70dbf20_1_4;
L_0x8f65d8780 .part v0x8f6542440_0, 31, 1;
L_0x8f65d8820 .part v0x8f6529f40_0, 31, 1;
S_0x8f651c300 .scope generate, "loop[0]" "loop[0]" 11 9, 11 9 0, S_0x8f651c180;
 .timescale -9 -11;
P_0x8f6510f40 .param/l "i" 1 11 9, +C4<00>;
L_0x8f65d2060 .functor OR 1, L_0x8f65d6080, L_0x8f65d6120, C4<0>, C4<0>;
v0x8f651a300_0 .net *"_ivl_0", 0 0, L_0x8f65d6080;  1 drivers
v0x8f651a3a0_0 .net *"_ivl_1", 0 0, L_0x8f65d6120;  1 drivers
v0x8f651a440_0 .net *"_ivl_2", 0 0, L_0x8f65d2060;  1 drivers
S_0x8f651c480 .scope generate, "loop[1]" "loop[1]" 11 9, 11 9 0, S_0x8f651c180;
 .timescale -9 -11;
P_0x8f6510f80 .param/l "i" 1 11 9, +C4<01>;
L_0x8f65d20d0 .functor OR 1, L_0x8f65d61c0, L_0x8f65d6260, C4<0>, C4<0>;
v0x8f651a4e0_0 .net *"_ivl_0", 0 0, L_0x8f65d61c0;  1 drivers
v0x8f651a580_0 .net *"_ivl_1", 0 0, L_0x8f65d6260;  1 drivers
v0x8f651a620_0 .net *"_ivl_2", 0 0, L_0x8f65d20d0;  1 drivers
S_0x8f651c600 .scope generate, "loop[2]" "loop[2]" 11 9, 11 9 0, S_0x8f651c180;
 .timescale -9 -11;
P_0x8f6510fc0 .param/l "i" 1 11 9, +C4<010>;
L_0x8f65d2140 .functor OR 1, L_0x8f65d6300, L_0x8f65d63a0, C4<0>, C4<0>;
v0x8f651a6c0_0 .net *"_ivl_0", 0 0, L_0x8f65d6300;  1 drivers
v0x8f651a760_0 .net *"_ivl_1", 0 0, L_0x8f65d63a0;  1 drivers
v0x8f651a800_0 .net *"_ivl_2", 0 0, L_0x8f65d2140;  1 drivers
S_0x8f651c780 .scope generate, "loop[3]" "loop[3]" 11 9, 11 9 0, S_0x8f651c180;
 .timescale -9 -11;
P_0x8f6511000 .param/l "i" 1 11 9, +C4<011>;
L_0x8f65d21b0 .functor OR 1, L_0x8f65d6440, L_0x8f65d64e0, C4<0>, C4<0>;
v0x8f651a8a0_0 .net *"_ivl_0", 0 0, L_0x8f65d6440;  1 drivers
v0x8f651a940_0 .net *"_ivl_1", 0 0, L_0x8f65d64e0;  1 drivers
v0x8f651a9e0_0 .net *"_ivl_2", 0 0, L_0x8f65d21b0;  1 drivers
S_0x8f651c900 .scope generate, "loop[4]" "loop[4]" 11 9, 11 9 0, S_0x8f651c180;
 .timescale -9 -11;
P_0x8f6511040 .param/l "i" 1 11 9, +C4<0100>;
L_0x8f65d2220 .functor OR 1, L_0x8f65d6580, L_0x8f65d6620, C4<0>, C4<0>;
v0x8f651aa80_0 .net *"_ivl_0", 0 0, L_0x8f65d6580;  1 drivers
v0x8f651ab20_0 .net *"_ivl_1", 0 0, L_0x8f65d6620;  1 drivers
v0x8f651abc0_0 .net *"_ivl_2", 0 0, L_0x8f65d2220;  1 drivers
S_0x8f651ca80 .scope generate, "loop[5]" "loop[5]" 11 9, 11 9 0, S_0x8f651c180;
 .timescale -9 -11;
P_0x8f6511080 .param/l "i" 1 11 9, +C4<0101>;
L_0x8f65d2290 .functor OR 1, L_0x8f65d66c0, L_0x8f65d6760, C4<0>, C4<0>;
v0x8f651ac60_0 .net *"_ivl_0", 0 0, L_0x8f65d66c0;  1 drivers
v0x8f651ad00_0 .net *"_ivl_1", 0 0, L_0x8f65d6760;  1 drivers
v0x8f651ada0_0 .net *"_ivl_2", 0 0, L_0x8f65d2290;  1 drivers
S_0x8f651cc00 .scope generate, "loop[6]" "loop[6]" 11 9, 11 9 0, S_0x8f651c180;
 .timescale -9 -11;
P_0x8f65110c0 .param/l "i" 1 11 9, +C4<0110>;
L_0x8f65d2370 .functor OR 1, L_0x8f65d6800, L_0x8f65d68a0, C4<0>, C4<0>;
v0x8f651ae40_0 .net *"_ivl_0", 0 0, L_0x8f65d6800;  1 drivers
v0x8f651aee0_0 .net *"_ivl_1", 0 0, L_0x8f65d68a0;  1 drivers
v0x8f651af80_0 .net *"_ivl_2", 0 0, L_0x8f65d2370;  1 drivers
S_0x8f651cd80 .scope generate, "loop[7]" "loop[7]" 11 9, 11 9 0, S_0x8f651c180;
 .timescale -9 -11;
P_0x8f6511100 .param/l "i" 1 11 9, +C4<0111>;
L_0x8f65d2300 .functor OR 1, L_0x8f65d6940, L_0x8f65d69e0, C4<0>, C4<0>;
v0x8f651b020_0 .net *"_ivl_0", 0 0, L_0x8f65d6940;  1 drivers
v0x8f651b0c0_0 .net *"_ivl_1", 0 0, L_0x8f65d69e0;  1 drivers
v0x8f651b160_0 .net *"_ivl_2", 0 0, L_0x8f65d2300;  1 drivers
S_0x8f651cf00 .scope generate, "loop[8]" "loop[8]" 11 9, 11 9 0, S_0x8f651c180;
 .timescale -9 -11;
P_0x8f6511140 .param/l "i" 1 11 9, +C4<01000>;
L_0x8f65d23e0 .functor OR 1, L_0x8f65d6a80, L_0x8f65d6b20, C4<0>, C4<0>;
v0x8f651b200_0 .net *"_ivl_0", 0 0, L_0x8f65d6a80;  1 drivers
v0x8f651b2a0_0 .net *"_ivl_1", 0 0, L_0x8f65d6b20;  1 drivers
v0x8f651b340_0 .net *"_ivl_2", 0 0, L_0x8f65d23e0;  1 drivers
S_0x8f651d080 .scope generate, "loop[9]" "loop[9]" 11 9, 11 9 0, S_0x8f651c180;
 .timescale -9 -11;
P_0x8f6511180 .param/l "i" 1 11 9, +C4<01001>;
L_0x8f65d2450 .functor OR 1, L_0x8f65d6bc0, L_0x8f65d6c60, C4<0>, C4<0>;
v0x8f651b3e0_0 .net *"_ivl_0", 0 0, L_0x8f65d6bc0;  1 drivers
v0x8f651b480_0 .net *"_ivl_1", 0 0, L_0x8f65d6c60;  1 drivers
v0x8f651b520_0 .net *"_ivl_2", 0 0, L_0x8f65d2450;  1 drivers
S_0x8f651d200 .scope generate, "loop[10]" "loop[10]" 11 9, 11 9 0, S_0x8f651c180;
 .timescale -9 -11;
P_0x8f65111c0 .param/l "i" 1 11 9, +C4<01010>;
L_0x8f65d24c0 .functor OR 1, L_0x8f65d6d00, L_0x8f65d6da0, C4<0>, C4<0>;
v0x8f651b5c0_0 .net *"_ivl_0", 0 0, L_0x8f65d6d00;  1 drivers
v0x8f651b660_0 .net *"_ivl_1", 0 0, L_0x8f65d6da0;  1 drivers
v0x8f651b700_0 .net *"_ivl_2", 0 0, L_0x8f65d24c0;  1 drivers
S_0x8f651d380 .scope generate, "loop[11]" "loop[11]" 11 9, 11 9 0, S_0x8f651c180;
 .timescale -9 -11;
P_0x8f6511200 .param/l "i" 1 11 9, +C4<01011>;
L_0x8f65d2530 .functor OR 1, L_0x8f65d6e40, L_0x8f65d6ee0, C4<0>, C4<0>;
v0x8f651b7a0_0 .net *"_ivl_0", 0 0, L_0x8f65d6e40;  1 drivers
v0x8f651b840_0 .net *"_ivl_1", 0 0, L_0x8f65d6ee0;  1 drivers
v0x8f651b8e0_0 .net *"_ivl_2", 0 0, L_0x8f65d2530;  1 drivers
S_0x8f651d500 .scope generate, "loop[12]" "loop[12]" 11 9, 11 9 0, S_0x8f651c180;
 .timescale -9 -11;
P_0x8f6511240 .param/l "i" 1 11 9, +C4<01100>;
L_0x8f65d25a0 .functor OR 1, L_0x8f65d6f80, L_0x8f65d7020, C4<0>, C4<0>;
v0x8f651b980_0 .net *"_ivl_0", 0 0, L_0x8f65d6f80;  1 drivers
v0x8f651ba20_0 .net *"_ivl_1", 0 0, L_0x8f65d7020;  1 drivers
v0x8f651bac0_0 .net *"_ivl_2", 0 0, L_0x8f65d25a0;  1 drivers
S_0x8f651d680 .scope generate, "loop[13]" "loop[13]" 11 9, 11 9 0, S_0x8f651c180;
 .timescale -9 -11;
P_0x8f6511280 .param/l "i" 1 11 9, +C4<01101>;
L_0x8f65d2610 .functor OR 1, L_0x8f65d70c0, L_0x8f65d7160, C4<0>, C4<0>;
v0x8f651bb60_0 .net *"_ivl_0", 0 0, L_0x8f65d70c0;  1 drivers
v0x8f651bc00_0 .net *"_ivl_1", 0 0, L_0x8f65d7160;  1 drivers
v0x8f651bca0_0 .net *"_ivl_2", 0 0, L_0x8f65d2610;  1 drivers
S_0x8f651d800 .scope generate, "loop[14]" "loop[14]" 11 9, 11 9 0, S_0x8f651c180;
 .timescale -9 -11;
P_0x8f65112c0 .param/l "i" 1 11 9, +C4<01110>;
L_0x8f65d2680 .functor OR 1, L_0x8f65d7200, L_0x8f65d72a0, C4<0>, C4<0>;
v0x8f651bd40_0 .net *"_ivl_0", 0 0, L_0x8f65d7200;  1 drivers
v0x8f651bde0_0 .net *"_ivl_1", 0 0, L_0x8f65d72a0;  1 drivers
v0x8f651be80_0 .net *"_ivl_2", 0 0, L_0x8f65d2680;  1 drivers
S_0x8f651d980 .scope generate, "loop[15]" "loop[15]" 11 9, 11 9 0, S_0x8f651c180;
 .timescale -9 -11;
P_0x8f6511300 .param/l "i" 1 11 9, +C4<01111>;
L_0x8f65d26f0 .functor OR 1, L_0x8f65d7340, L_0x8f65d73e0, C4<0>, C4<0>;
v0x8f651bf20_0 .net *"_ivl_0", 0 0, L_0x8f65d7340;  1 drivers
v0x8f6524000_0 .net *"_ivl_1", 0 0, L_0x8f65d73e0;  1 drivers
v0x8f65240a0_0 .net *"_ivl_2", 0 0, L_0x8f65d26f0;  1 drivers
S_0x8f651db00 .scope generate, "loop[16]" "loop[16]" 11 9, 11 9 0, S_0x8f651c180;
 .timescale -9 -11;
P_0x8f6511340 .param/l "i" 1 11 9, +C4<010000>;
L_0x8f65d2760 .functor OR 1, L_0x8f65d7480, L_0x8f65d7520, C4<0>, C4<0>;
v0x8f6524140_0 .net *"_ivl_0", 0 0, L_0x8f65d7480;  1 drivers
v0x8f65241e0_0 .net *"_ivl_1", 0 0, L_0x8f65d7520;  1 drivers
v0x8f6524280_0 .net *"_ivl_2", 0 0, L_0x8f65d2760;  1 drivers
S_0x8f651dc80 .scope generate, "loop[17]" "loop[17]" 11 9, 11 9 0, S_0x8f651c180;
 .timescale -9 -11;
P_0x8f6511380 .param/l "i" 1 11 9, +C4<010001>;
L_0x8f65d27d0 .functor OR 1, L_0x8f65d75c0, L_0x8f65d7660, C4<0>, C4<0>;
v0x8f6524320_0 .net *"_ivl_0", 0 0, L_0x8f65d75c0;  1 drivers
v0x8f65243c0_0 .net *"_ivl_1", 0 0, L_0x8f65d7660;  1 drivers
v0x8f6524460_0 .net *"_ivl_2", 0 0, L_0x8f65d27d0;  1 drivers
S_0x8f651de00 .scope generate, "loop[18]" "loop[18]" 11 9, 11 9 0, S_0x8f651c180;
 .timescale -9 -11;
P_0x8f65113c0 .param/l "i" 1 11 9, +C4<010010>;
L_0x8f65d2840 .functor OR 1, L_0x8f65d7700, L_0x8f65d77a0, C4<0>, C4<0>;
v0x8f6524500_0 .net *"_ivl_0", 0 0, L_0x8f65d7700;  1 drivers
v0x8f65245a0_0 .net *"_ivl_1", 0 0, L_0x8f65d77a0;  1 drivers
v0x8f6524640_0 .net *"_ivl_2", 0 0, L_0x8f65d2840;  1 drivers
S_0x8f651df80 .scope generate, "loop[19]" "loop[19]" 11 9, 11 9 0, S_0x8f651c180;
 .timescale -9 -11;
P_0x8f6511400 .param/l "i" 1 11 9, +C4<010011>;
L_0x8f65d28b0 .functor OR 1, L_0x8f65d7840, L_0x8f65d78e0, C4<0>, C4<0>;
v0x8f65246e0_0 .net *"_ivl_0", 0 0, L_0x8f65d7840;  1 drivers
v0x8f6524780_0 .net *"_ivl_1", 0 0, L_0x8f65d78e0;  1 drivers
v0x8f6524820_0 .net *"_ivl_2", 0 0, L_0x8f65d28b0;  1 drivers
S_0x8f651e100 .scope generate, "loop[20]" "loop[20]" 11 9, 11 9 0, S_0x8f651c180;
 .timescale -9 -11;
P_0x8f6511440 .param/l "i" 1 11 9, +C4<010100>;
L_0x8f65d2920 .functor OR 1, L_0x8f65d7980, L_0x8f65d7a20, C4<0>, C4<0>;
v0x8f65248c0_0 .net *"_ivl_0", 0 0, L_0x8f65d7980;  1 drivers
v0x8f6524960_0 .net *"_ivl_1", 0 0, L_0x8f65d7a20;  1 drivers
v0x8f6524a00_0 .net *"_ivl_2", 0 0, L_0x8f65d2920;  1 drivers
S_0x8f651e280 .scope generate, "loop[21]" "loop[21]" 11 9, 11 9 0, S_0x8f651c180;
 .timescale -9 -11;
P_0x8f6511480 .param/l "i" 1 11 9, +C4<010101>;
L_0x8f65d2990 .functor OR 1, L_0x8f65d7ac0, L_0x8f65d7b60, C4<0>, C4<0>;
v0x8f6524aa0_0 .net *"_ivl_0", 0 0, L_0x8f65d7ac0;  1 drivers
v0x8f6524b40_0 .net *"_ivl_1", 0 0, L_0x8f65d7b60;  1 drivers
v0x8f6524be0_0 .net *"_ivl_2", 0 0, L_0x8f65d2990;  1 drivers
S_0x8f651e400 .scope generate, "loop[22]" "loop[22]" 11 9, 11 9 0, S_0x8f651c180;
 .timescale -9 -11;
P_0x8f65114c0 .param/l "i" 1 11 9, +C4<010110>;
L_0x8f65d2a00 .functor OR 1, L_0x8f65d7c00, L_0x8f65d7ca0, C4<0>, C4<0>;
v0x8f6524c80_0 .net *"_ivl_0", 0 0, L_0x8f65d7c00;  1 drivers
v0x8f6524d20_0 .net *"_ivl_1", 0 0, L_0x8f65d7ca0;  1 drivers
v0x8f6524dc0_0 .net *"_ivl_2", 0 0, L_0x8f65d2a00;  1 drivers
S_0x8f651e580 .scope generate, "loop[23]" "loop[23]" 11 9, 11 9 0, S_0x8f651c180;
 .timescale -9 -11;
P_0x8f6511500 .param/l "i" 1 11 9, +C4<010111>;
L_0x8f65d2a70 .functor OR 1, L_0x8f65d7d40, L_0x8f65d7de0, C4<0>, C4<0>;
v0x8f6524e60_0 .net *"_ivl_0", 0 0, L_0x8f65d7d40;  1 drivers
v0x8f6524f00_0 .net *"_ivl_1", 0 0, L_0x8f65d7de0;  1 drivers
v0x8f6524fa0_0 .net *"_ivl_2", 0 0, L_0x8f65d2a70;  1 drivers
S_0x8f651e700 .scope generate, "loop[24]" "loop[24]" 11 9, 11 9 0, S_0x8f651c180;
 .timescale -9 -11;
P_0x8f6511540 .param/l "i" 1 11 9, +C4<011000>;
L_0x8f65d2ae0 .functor OR 1, L_0x8f65d7e80, L_0x8f65d7f20, C4<0>, C4<0>;
v0x8f6525040_0 .net *"_ivl_0", 0 0, L_0x8f65d7e80;  1 drivers
v0x8f65250e0_0 .net *"_ivl_1", 0 0, L_0x8f65d7f20;  1 drivers
v0x8f6525180_0 .net *"_ivl_2", 0 0, L_0x8f65d2ae0;  1 drivers
S_0x8f651e880 .scope generate, "loop[25]" "loop[25]" 11 9, 11 9 0, S_0x8f651c180;
 .timescale -9 -11;
P_0x8f6511580 .param/l "i" 1 11 9, +C4<011001>;
L_0x8f65d2b50 .functor OR 1, L_0x8f65d8000, L_0x8f65d80a0, C4<0>, C4<0>;
v0x8f6525220_0 .net *"_ivl_0", 0 0, L_0x8f65d8000;  1 drivers
v0x8f65252c0_0 .net *"_ivl_1", 0 0, L_0x8f65d80a0;  1 drivers
v0x8f6525360_0 .net *"_ivl_2", 0 0, L_0x8f65d2b50;  1 drivers
S_0x8f651ea00 .scope generate, "loop[26]" "loop[26]" 11 9, 11 9 0, S_0x8f651c180;
 .timescale -9 -11;
P_0x8f65115c0 .param/l "i" 1 11 9, +C4<011010>;
L_0x8f65d2bc0 .functor OR 1, L_0x8f65d8140, L_0x8f65d81e0, C4<0>, C4<0>;
v0x8f6525400_0 .net *"_ivl_0", 0 0, L_0x8f65d8140;  1 drivers
v0x8f65254a0_0 .net *"_ivl_1", 0 0, L_0x8f65d81e0;  1 drivers
v0x8f6525540_0 .net *"_ivl_2", 0 0, L_0x8f65d2bc0;  1 drivers
S_0x8f651eb80 .scope generate, "loop[27]" "loop[27]" 11 9, 11 9 0, S_0x8f651c180;
 .timescale -9 -11;
P_0x8f6511600 .param/l "i" 1 11 9, +C4<011011>;
L_0x8f65d2c30 .functor OR 1, L_0x8f65d8280, L_0x8f65d8320, C4<0>, C4<0>;
v0x8f65255e0_0 .net *"_ivl_0", 0 0, L_0x8f65d8280;  1 drivers
v0x8f6525680_0 .net *"_ivl_1", 0 0, L_0x8f65d8320;  1 drivers
v0x8f6525720_0 .net *"_ivl_2", 0 0, L_0x8f65d2c30;  1 drivers
S_0x8f651ed00 .scope generate, "loop[28]" "loop[28]" 11 9, 11 9 0, S_0x8f651c180;
 .timescale -9 -11;
P_0x8f6511640 .param/l "i" 1 11 9, +C4<011100>;
L_0x8f65d2ca0 .functor OR 1, L_0x8f65d83c0, L_0x8f65d8460, C4<0>, C4<0>;
v0x8f65257c0_0 .net *"_ivl_0", 0 0, L_0x8f65d83c0;  1 drivers
v0x8f6525860_0 .net *"_ivl_1", 0 0, L_0x8f65d8460;  1 drivers
v0x8f6525900_0 .net *"_ivl_2", 0 0, L_0x8f65d2ca0;  1 drivers
S_0x8f651ee80 .scope generate, "loop[29]" "loop[29]" 11 9, 11 9 0, S_0x8f651c180;
 .timescale -9 -11;
P_0x8f6511680 .param/l "i" 1 11 9, +C4<011101>;
L_0x8f65d2d10 .functor OR 1, L_0x8f65d8500, L_0x8f65d85a0, C4<0>, C4<0>;
v0x8f65259a0_0 .net *"_ivl_0", 0 0, L_0x8f65d8500;  1 drivers
v0x8f6525a40_0 .net *"_ivl_1", 0 0, L_0x8f65d85a0;  1 drivers
v0x8f6525ae0_0 .net *"_ivl_2", 0 0, L_0x8f65d2d10;  1 drivers
S_0x8f651f000 .scope generate, "loop[30]" "loop[30]" 11 9, 11 9 0, S_0x8f651c180;
 .timescale -9 -11;
P_0x8f65116c0 .param/l "i" 1 11 9, +C4<011110>;
L_0x8f65d2d80 .functor OR 1, L_0x8f65d8640, L_0x8f65d86e0, C4<0>, C4<0>;
v0x8f6525b80_0 .net *"_ivl_0", 0 0, L_0x8f65d8640;  1 drivers
v0x8f6525c20_0 .net *"_ivl_1", 0 0, L_0x8f65d86e0;  1 drivers
v0x8f6525cc0_0 .net *"_ivl_2", 0 0, L_0x8f65d2d80;  1 drivers
S_0x8f651f180 .scope generate, "loop[31]" "loop[31]" 11 9, 11 9 0, S_0x8f651c180;
 .timescale -9 -11;
P_0x8f6511700 .param/l "i" 1 11 9, +C4<011111>;
L_0x8f65d2df0 .functor OR 1, L_0x8f65d8780, L_0x8f65d8820, C4<0>, C4<0>;
v0x8f6525d60_0 .net *"_ivl_0", 0 0, L_0x8f65d8780;  1 drivers
v0x8f6525e00_0 .net *"_ivl_1", 0 0, L_0x8f65d8820;  1 drivers
v0x8f6525ea0_0 .net *"_ivl_2", 0 0, L_0x8f65d2df0;  1 drivers
S_0x8f651f300 .scope module, "pcinc_unit" "pcinc" 4 120, 12 1 0, S_0x104db3e30;
 .timescale -9 -11;
    .port_info 0 /INPUT 32 "B";
    .port_info 1 /OUTPUT 32 "sum";
v0x8f6526120_0 .net "B", 31 0, v0x8f6529f40_0;  alias, 1 drivers
L_0x8f6878838 .functor BUFT 1, C4<00000000000000000000000000000001>, C4<0>, C4<0>, C4<0>;
v0x8f65261c0_0 .net/2u *"_ivl_0", 31 0, L_0x8f6878838;  1 drivers
v0x8f6526260_0 .net "sum", 31 0, L_0x8f7149900;  alias, 1 drivers
L_0x8f7149900 .arith/sum 32, v0x8f6529f40_0, L_0x8f6878838;
S_0x8f651f480 .scope module, "rotl_unit" "rotl" 4 114, 13 1 0, S_0x104db3e30;
 .timescale -9 -11;
    .port_info 0 /INPUT 32 "A";
    .port_info 1 /INPUT 5 "B";
    .port_info 2 /OUTPUT 32 "C";
L_0x8f6c72bc0 .functor OR 32, L_0x8f7149720, L_0x8f7149860, C4<00000000000000000000000000000000>, C4<00000000000000000000000000000000>;
v0x8f6526300_0 .net "A", 31 0, v0x8f6542440_0;  alias, 1 drivers
v0x8f65263a0_0 .net "B", 4 0, L_0x8f6d103c0;  1 drivers
v0x8f6526440_0 .net "C", 31 0, L_0x8f6c72bc0;  alias, 1 drivers
v0x8f65264e0_0 .net *"_ivl_0", 31 0, L_0x8f7149720;  1 drivers
v0x8f6526580_0 .net *"_ivl_10", 31 0, L_0x8f7149860;  1 drivers
L_0x8f68787a8 .functor BUFT 1, C4<00000000000000000000000000100000>, C4<0>, C4<0>, C4<0>;
v0x8f6526620_0 .net/2u *"_ivl_2", 31 0, L_0x8f68787a8;  1 drivers
v0x8f65266c0_0 .net *"_ivl_4", 31 0, L_0x8f7545720;  1 drivers
L_0x8f68787f0 .functor BUFT 1, C4<000000000000000000000000000>, C4<0>, C4<0>, C4<0>;
v0x8f6526760_0 .net *"_ivl_7", 26 0, L_0x8f68787f0;  1 drivers
v0x8f6526800_0 .net *"_ivl_8", 31 0, L_0x8f71497c0;  1 drivers
L_0x8f7149720 .shift/l 32, v0x8f6542440_0, L_0x8f6d103c0;
L_0x8f7545720 .concat [ 5 27 0 0], L_0x8f6d103c0, L_0x8f68787f0;
L_0x8f71497c0 .arith/sub 32, L_0x8f68787a8, L_0x8f7545720;
L_0x8f7149860 .shift/r 32, v0x8f6542440_0, L_0x8f71497c0;
S_0x8f651f600 .scope module, "rotr_unit" "rotr" 4 108, 14 1 0, S_0x104db3e30;
 .timescale -9 -11;
    .port_info 0 /INPUT 32 "A";
    .port_info 1 /INPUT 5 "B";
    .port_info 2 /OUTPUT 32 "C";
L_0x8f6c72b50 .functor OR 32, L_0x8f7149540, L_0x8f7149680, C4<00000000000000000000000000000000>, C4<00000000000000000000000000000000>;
v0x8f65268a0_0 .net "A", 31 0, v0x8f6542440_0;  alias, 1 drivers
v0x8f6526940_0 .net "B", 4 0, L_0x8f6d10320;  1 drivers
v0x8f65269e0_0 .net "C", 31 0, L_0x8f6c72b50;  alias, 1 drivers
v0x8f6526a80_0 .net *"_ivl_0", 31 0, L_0x8f7149540;  1 drivers
v0x8f6526b20_0 .net *"_ivl_10", 31 0, L_0x8f7149680;  1 drivers
L_0x8f6878718 .functor BUFT 1, C4<00000000000000000000000000100000>, C4<0>, C4<0>, C4<0>;
v0x8f6526bc0_0 .net/2u *"_ivl_2", 31 0, L_0x8f6878718;  1 drivers
v0x8f6526c60_0 .net *"_ivl_4", 31 0, L_0x8f7545680;  1 drivers
L_0x8f6878760 .functor BUFT 1, C4<000000000000000000000000000>, C4<0>, C4<0>, C4<0>;
v0x8f6526d00_0 .net *"_ivl_7", 26 0, L_0x8f6878760;  1 drivers
v0x8f6526da0_0 .net *"_ivl_8", 31 0, L_0x8f71495e0;  1 drivers
L_0x8f7149540 .shift/r 32, v0x8f6542440_0, L_0x8f6d10320;
L_0x8f7545680 .concat [ 5 27 0 0], L_0x8f6d10320, L_0x8f6878760;
L_0x8f71495e0 .arith/sub 32, L_0x8f6878718, L_0x8f7545680;
L_0x8f7149680 .shift/l 32, v0x8f6542440_0, L_0x8f71495e0;
S_0x8f651f780 .scope module, "shiftl_unit" "shiftl" 4 102, 15 1 0, S_0x104db3e30;
 .timescale -9 -11;
    .port_info 0 /INPUT 32 "A";
    .port_info 1 /INPUT 5 "B";
    .port_info 2 /OUTPUT 32 "C";
v0x8f6526e40_0 .net "A", 31 0, v0x8f6542440_0;  alias, 1 drivers
v0x8f6526ee0_0 .net "B", 4 0, L_0x8f6d10280;  1 drivers
v0x8f6526f80_0 .var "C", 31 0;
v0x8f6527020_0 .var/i "i", 31 0;
E_0x8f7523840 .event anyedge, v0x8f6526ee0_0, v0x8f6cfc6e0_0;
S_0x8f651f900 .scope module, "shr_unit" "shiftr" 4 90, 16 1 0, S_0x104db3e30;
 .timescale -9 -11;
    .port_info 0 /INPUT 32 "A";
    .port_info 1 /INPUT 5 "B";
    .port_info 2 /OUTPUT 32 "C";
v0x8f65270c0_0 .net "A", 31 0, v0x8f6542440_0;  alias, 1 drivers
v0x8f6527160_0 .net "B", 4 0, L_0x8f6d10140;  1 drivers
v0x8f6527200_0 .var "C", 31 0;
v0x8f65272a0_0 .var/i "i", 31 0;
E_0x8f7523880 .event anyedge, v0x8f6527160_0, v0x8f6cfc6e0_0;
S_0x8f651fa80 .scope module, "shra_unit" "shiftra" 4 96, 17 1 0, S_0x104db3e30;
 .timescale -9 -11;
    .port_info 0 /INPUT 32 "A";
    .port_info 1 /INPUT 5 "B";
    .port_info 2 /OUTPUT 32 "C";
v0x8f6527340_0 .net "A", 31 0, v0x8f6542440_0;  alias, 1 drivers
v0x8f65273e0_0 .net "B", 4 0, L_0x8f6d101e0;  1 drivers
v0x8f6527480_0 .net "C", 31 0, L_0x8f71494a0;  alias, 1 drivers
L_0x8f71494a0 .shift/r 32, v0x8f6542440_0, L_0x8f6d101e0;
S_0x8f651fc00 .scope module, "sub_unit" "subtractor" 4 50, 18 1 0, S_0x104db3e30;
 .timescale -9 -11;
    .port_info 0 /INPUT 32 "A";
    .port_info 1 /INPUT 32 "B";
    .port_info 2 /OUTPUT 32 "Result";
v0x8f6527520_0 .net "A", 31 0, v0x8f6542440_0;  alias, 1 drivers
v0x8f65275c0_0 .net "B", 31 0, v0x8f6529f40_0;  alias, 1 drivers
v0x8f6527660_0 .var "LocalCarry", 32 0;
v0x8f6527700_0 .var "Result", 31 0;
v0x8f65277a0_0 .var "TwosCompB", 31 0;
v0x8f6527840_0 .var/i "i", 31 0;
E_0x8f75238c0 .event anyedge, v0x8f6cfc780_0, v0x8f6cfc6e0_0;
S_0x8f651fd80 .scope module, "u_bus" "bus" 3 104, 19 2 0, S_0x104da6c30;
 .timescale -9 -11;
    .port_info 0 /INPUT 32 "r0";
    .port_info 1 /INPUT 32 "r1";
    .port_info 2 /INPUT 32 "r2";
    .port_info 3 /INPUT 32 "r3";
    .port_info 4 /INPUT 32 "r4";
    .port_info 5 /INPUT 32 "r5";
    .port_info 6 /INPUT 32 "r6";
    .port_info 7 /INPUT 32 "r7";
    .port_info 8 /INPUT 32 "r8";
    .port_info 9 /INPUT 32 "r9";
    .port_info 10 /INPUT 32 "r10";
    .port_info 11 /INPUT 32 "r11";
    .port_info 12 /INPUT 32 "r12";
    .port_info 13 /INPUT 32 "r13";
    .port_info 14 /INPUT 32 "r14";
    .port_info 15 /INPUT 32 "r15";
    .port_info 16 /INPUT 32 "hi";
    .port_info 17 /INPUT 32 "lo";
    .port_info 18 /INPUT 32 "zhi";
    .port_info 19 /INPUT 32 "zlo";
    .port_info 20 /INPUT 32 "pc";
    .port_info 21 /INPUT 32 "mdr";
    .port_info 22 /INPUT 32 "in_port";
    .port_info 23 /INPUT 32 "c_signext";
    .port_info 24 /INPUT 16 "r_out";
    .port_info 25 /INPUT 1 "hi_out";
    .port_info 26 /INPUT 1 "lo_out";
    .port_info 27 /INPUT 1 "zhi_out";
    .port_info 28 /INPUT 1 "zlo_out";
    .port_info 29 /INPUT 1 "pc_out";
    .port_info 30 /INPUT 1 "mdr_out";
    .port_info 31 /INPUT 1 "in_port_out";
    .port_info 32 /INPUT 1 "c_out";
    .port_info 33 /OUTPUT 32 "bus_out";
    .port_info 34 /OUTPUT 1 "bus_valid";
    .port_info 35 /OUTPUT 1 "bus_multi";
L_0x8f65d0c40 .functor BUFZ 16, L_0x8f65ce440, C4<0000000000000000>, C4<0000000000000000>, C4<0000000000000000>;
L_0x8f65d0cb0 .functor BUFZ 1, o0x8f684c470, C4<0>, C4<0>, C4<0>;
L_0x8f65d0d20 .functor BUFZ 1, o0x8f684c4d0, C4<0>, C4<0>, C4<0>;
L_0x8f65d0d90 .functor BUFZ 1, o0x8f684c590, C4<0>, C4<0>, C4<0>;
L_0x8f65d0e00 .functor BUFZ 1, o0x8f684c5c0, C4<0>, C4<0>, C4<0>;
L_0x8f65d0e70 .functor BUFZ 1, o0x8f684c530, C4<0>, C4<0>, C4<0>;
L_0x8f65d0ee0 .functor BUFZ 1, o0x8f684c500, C4<0>, C4<0>, C4<0>;
L_0x8f65d0f50 .functor BUFZ 1, o0x8f684c4a0, C4<0>, C4<0>, C4<0>;
L_0x8f65d0fc0 .functor BUFZ 1, o0x8f684c440, C4<0>, C4<0>, C4<0>;
v0x8f652a080_0 .net *"_ivl_11", 0 0, L_0x8f65d0d20;  1 drivers
v0x8f652a120_0 .net *"_ivl_15", 0 0, L_0x8f65d0d90;  1 drivers
v0x8f652a1c0_0 .net *"_ivl_19", 0 0, L_0x8f65d0e00;  1 drivers
v0x8f652a260_0 .net *"_ivl_23", 0 0, L_0x8f65d0e70;  1 drivers
v0x8f652a300_0 .net *"_ivl_27", 0 0, L_0x8f65d0ee0;  1 drivers
v0x8f652a3a0_0 .net *"_ivl_3", 15 0, L_0x8f65d0c40;  1 drivers
v0x8f652a440_0 .net *"_ivl_31", 0 0, L_0x8f65d0f50;  1 drivers
v0x8f652a4e0_0 .net *"_ivl_35", 0 0, L_0x8f65d0fc0;  1 drivers
L_0x8f6878328 .functor BUFT 1, C4<00000000>, C4<0>, C4<0>, C4<0>;
v0x8f652a580_0 .net/2u *"_ivl_39", 7 0, L_0x8f6878328;  1 drivers
v0x8f652a620_0 .net *"_ivl_7", 0 0, L_0x8f65d0cb0;  1 drivers
v0x8f652a6c0_0 .net "bus_multi", 0 0, L_0x8f65d10a0;  1 drivers
v0x8f652a760_0 .net "bus_out", 31 0, v0x8f6529f40_0;  alias, 1 drivers
v0x8f652a800_0 .net "bus_valid", 0 0, L_0x8f70dbc00;  1 drivers
v0x8f652a8a0_0 .net "c_out", 0 0, o0x8f684c440;  alias, 0 drivers
v0x8f652a940_0 .net "c_signext", 31 0, L_0x8f65d00e0;  alias, 1 drivers
v0x8f652a9e0_0 .net "hi", 31 0, v0x8f6541180_0;  alias, 1 drivers
v0x8f652aa80_0 .net "hi_out", 0 0, o0x8f684c470;  alias, 0 drivers
v0x8f652ab20_0 .net "in_port", 31 0, v0x8f6535220_0;  alias, 1 drivers
v0x8f652abc0_0 .net "in_port_out", 0 0, o0x8f684c4a0;  alias, 0 drivers
v0x8f652ac60_0 .net "lo", 31 0, v0x8f65417c0_0;  alias, 1 drivers
v0x8f652ad00_0 .net "lo_out", 0 0, o0x8f684c4d0;  alias, 0 drivers
v0x8f652ada0_0 .net "mdr", 31 0, v0x8f6535720_0;  alias, 1 drivers
v0x8f652ae40_0 .net "mdr_out", 0 0, o0x8f684c500;  alias, 0 drivers
v0x8f652aee0_0 .net "onehot", 31 0, L_0x8f70dbb60;  1 drivers
v0x8f652af80_0 .net "pc", 31 0, v0x8f6541e00_0;  alias, 1 drivers
v0x8f652b020_0 .net "pc_out", 0 0, o0x8f684c530;  alias, 0 drivers
v0x8f652b0c0_0 .net "r0", 31 0, L_0x8f65d0150;  alias, 1 drivers
v0x8f652b160_0 .net "r1", 31 0, L_0x8f65d01c0;  alias, 1 drivers
v0x8f652b200_0 .net "r10", 31 0, L_0x8f65d05b0;  alias, 1 drivers
v0x8f652b2a0_0 .net "r11", 31 0, L_0x8f65d0620;  alias, 1 drivers
v0x8f652b340_0 .net "r12", 31 0, L_0x8f65d0690;  alias, 1 drivers
v0x8f652b3e0_0 .net "r13", 31 0, L_0x8f65d0700;  alias, 1 drivers
v0x8f652b480_0 .net "r14", 31 0, L_0x8f65d0770;  alias, 1 drivers
v0x8f652b520_0 .net "r15", 31 0, L_0x8f65d07e0;  alias, 1 drivers
v0x8f652b5c0_0 .net "r2", 31 0, L_0x8f65d0230;  alias, 1 drivers
v0x8f652b660_0 .net "r3", 31 0, L_0x8f65d02a0;  alias, 1 drivers
v0x8f652b700_0 .net "r4", 31 0, L_0x8f65d0310;  alias, 1 drivers
v0x8f652b7a0_0 .net "r5", 31 0, L_0x8f65d0380;  alias, 1 drivers
v0x8f652b840_0 .net "r6", 31 0, L_0x8f65d03f0;  alias, 1 drivers
v0x8f652b8e0_0 .net "r7", 31 0, L_0x8f65d0460;  alias, 1 drivers
v0x8f652b980_0 .net "r8", 31 0, L_0x8f65d04d0;  alias, 1 drivers
v0x8f652ba20_0 .net "r9", 31 0, L_0x8f65d0540;  alias, 1 drivers
v0x8f652bac0_0 .net "r_out", 15 0, L_0x8f65ce440;  alias, 1 drivers
v0x8f652bb60_0 .net "sel", 4 0, v0x8f6528a00_0;  1 drivers
v0x8f652bc00_0 .net "zhi", 31 0, v0x8f6542760_0;  alias, 1 drivers
v0x8f652bca0_0 .net "zhi_out", 0 0, o0x8f684c590;  alias, 0 drivers
v0x8f652bd40_0 .net "zlo", 31 0, v0x8f6542a80_0;  alias, 1 drivers
v0x8f652bde0_0 .net "zlo_out", 0 0, o0x8f684c5c0;  alias, 0 drivers
LS_0x8f70dbb60_0_0 .concat8 [ 16 1 1 1], L_0x8f65d0c40, L_0x8f65d0cb0, L_0x8f65d0d20, L_0x8f65d0d90;
LS_0x8f70dbb60_0_4 .concat8 [ 1 1 1 1], L_0x8f65d0e00, L_0x8f65d0e70, L_0x8f65d0ee0, L_0x8f65d0f50;
LS_0x8f70dbb60_0_8 .concat8 [ 1 8 0 0], L_0x8f65d0fc0, L_0x8f6878328;
L_0x8f70dbb60 .concat8 [ 19 4 9 0], LS_0x8f70dbb60_0_0, LS_0x8f70dbb60_0_4, LS_0x8f70dbb60_0_8;
S_0x8f652c000 .scope module, "u_enc" "encoder32to5" 19 51, 20 1 0, S_0x8f651fd80;
 .timescale -9 -11;
    .port_info 0 /INPUT 32 "onehot";
    .port_info 1 /OUTPUT 5 "sel";
    .port_info 2 /OUTPUT 1 "valid";
    .port_info 3 /OUTPUT 1 "multi";
L_0x8f65d1030 .functor AND 32, L_0x8f70dbb60, L_0x8f7149360, C4<11111111111111111111111111111111>, C4<11111111111111111111111111111111>;
L_0x8f65d10a0 .functor AND 1, L_0x8f70dbca0, L_0x8f70dbd40, C4<1>, C4<1>;
v0x8f6528460_0 .net *"_ivl_10", 31 0, L_0x8f65d1030;  1 drivers
L_0x8f6878400 .functor BUFT 1, C4<00000000000000000000000000000000>, C4<0>, C4<0>, C4<0>;
v0x8f6528500_0 .net/2u *"_ivl_12", 31 0, L_0x8f6878400;  1 drivers
v0x8f65285a0_0 .net *"_ivl_14", 0 0, L_0x8f70dbd40;  1 drivers
L_0x8f6878370 .functor BUFT 1, C4<00000000000000000000000000000000>, C4<0>, C4<0>, C4<0>;
v0x8f6528640_0 .net/2u *"_ivl_2", 31 0, L_0x8f6878370;  1 drivers
v0x8f65286e0_0 .net *"_ivl_4", 0 0, L_0x8f70dbca0;  1 drivers
L_0x8f68783b8 .functor BUFT 1, C4<00000000000000000000000000000001>, C4<0>, C4<0>, C4<0>;
v0x8f6528780_0 .net/2u *"_ivl_6", 31 0, L_0x8f68783b8;  1 drivers
v0x8f6528820_0 .net *"_ivl_8", 31 0, L_0x8f7149360;  1 drivers
v0x8f65288c0_0 .net "multi", 0 0, L_0x8f65d10a0;  alias, 1 drivers
v0x8f6528960_0 .net "onehot", 31 0, L_0x8f70dbb60;  alias, 1 drivers
v0x8f6528a00_0 .var "sel", 4 0;
v0x8f6528aa0_0 .net "valid", 0 0, L_0x8f70dbc00;  alias, 1 drivers
E_0x8f7523900 .event anyedge, v0x8f6528960_0;
L_0x8f70dbc00 .reduce/or L_0x8f70dbb60;
L_0x8f70dbca0 .cmp/ne 32, L_0x8f70dbb60, L_0x8f6878370;
L_0x8f7149360 .arith/sub 32, L_0x8f70dbb60, L_0x8f68783b8;
L_0x8f70dbd40 .cmp/ne 32, L_0x8f65d1030, L_0x8f6878400;
S_0x8f652c180 .scope module, "u_mux" "bus_mux32" 19 59, 21 2 0, S_0x8f651fd80;
 .timescale -9 -11;
    .port_info 0 /INPUT 5 "sel";
    .port_info 1 /INPUT 32 "in0";
    .port_info 2 /INPUT 32 "in1";
    .port_info 3 /INPUT 32 "in2";
    .port_info 4 /INPUT 32 "in3";
    .port_info 5 /INPUT 32 "in4";
    .port_info 6 /INPUT 32 "in5";
    .port_info 7 /INPUT 32 "in6";
    .port_info 8 /INPUT 32 "in7";
    .port_info 9 /INPUT 32 "in8";
    .port_info 10 /INPUT 32 "in9";
    .port_info 11 /INPUT 32 "in10";
    .port_info 12 /INPUT 32 "in11";
    .port_info 13 /INPUT 32 "in12";
    .port_info 14 /INPUT 32 "in13";
    .port_info 15 /INPUT 32 "in14";
    .port_info 16 /INPUT 32 "in15";
    .port_info 17 /INPUT 32 "in16";
    .port_info 18 /INPUT 32 "in17";
    .port_info 19 /INPUT 32 "in18";
    .port_info 20 /INPUT 32 "in19";
    .port_info 21 /INPUT 32 "in20";
    .port_info 22 /INPUT 32 "in21";
    .port_info 23 /INPUT 32 "in22";
    .port_info 24 /INPUT 32 "in23";
    .port_info 25 /INPUT 32 "in24";
    .port_info 26 /INPUT 32 "in25";
    .port_info 27 /INPUT 32 "in26";
    .port_info 28 /INPUT 32 "in27";
    .port_info 29 /INPUT 32 "in28";
    .port_info 30 /INPUT 32 "in29";
    .port_info 31 /INPUT 32 "in30";
    .port_info 32 /INPUT 32 "in31";
    .port_info 33 /OUTPUT 32 "out";
v0x8f6528b40_0 .net "in0", 31 0, L_0x8f65d0150;  alias, 1 drivers
v0x8f6528be0_0 .net "in1", 31 0, L_0x8f65d01c0;  alias, 1 drivers
v0x8f6528c80_0 .net "in10", 31 0, L_0x8f65d05b0;  alias, 1 drivers
v0x8f6528d20_0 .net "in11", 31 0, L_0x8f65d0620;  alias, 1 drivers
v0x8f6528dc0_0 .net "in12", 31 0, L_0x8f65d0690;  alias, 1 drivers
v0x8f6528e60_0 .net "in13", 31 0, L_0x8f65d0700;  alias, 1 drivers
v0x8f6528f00_0 .net "in14", 31 0, L_0x8f65d0770;  alias, 1 drivers
v0x8f6528fa0_0 .net "in15", 31 0, L_0x8f65d07e0;  alias, 1 drivers
v0x8f6529040_0 .net "in16", 31 0, v0x8f6541180_0;  alias, 1 drivers
v0x8f65290e0_0 .net "in17", 31 0, v0x8f65417c0_0;  alias, 1 drivers
v0x8f6529180_0 .net "in18", 31 0, v0x8f6542760_0;  alias, 1 drivers
v0x8f6529220_0 .net "in19", 31 0, v0x8f6542a80_0;  alias, 1 drivers
v0x8f65292c0_0 .net "in2", 31 0, L_0x8f65d0230;  alias, 1 drivers
v0x8f6529360_0 .net "in20", 31 0, v0x8f6541e00_0;  alias, 1 drivers
v0x8f6529400_0 .net "in21", 31 0, v0x8f6535720_0;  alias, 1 drivers
v0x8f65294a0_0 .net "in22", 31 0, v0x8f6535220_0;  alias, 1 drivers
v0x8f6529540_0 .net "in23", 31 0, L_0x8f65d00e0;  alias, 1 drivers
L_0x8f6878448 .functor BUFT 1, C4<00000000000000000000000000000000>, C4<0>, C4<0>, C4<0>;
v0x8f65295e0_0 .net "in24", 31 0, L_0x8f6878448;  1 drivers
L_0x8f6878490 .functor BUFT 1, C4<00000000000000000000000000000000>, C4<0>, C4<0>, C4<0>;
v0x8f6529680_0 .net "in25", 31 0, L_0x8f6878490;  1 drivers
L_0x8f68784d8 .functor BUFT 1, C4<00000000000000000000000000000000>, C4<0>, C4<0>, C4<0>;
v0x8f6529720_0 .net "in26", 31 0, L_0x8f68784d8;  1 drivers
L_0x8f6878520 .functor BUFT 1, C4<00000000000000000000000000000000>, C4<0>, C4<0>, C4<0>;
v0x8f65297c0_0 .net "in27", 31 0, L_0x8f6878520;  1 drivers
L_0x8f6878568 .functor BUFT 1, C4<00000000000000000000000000000000>, C4<0>, C4<0>, C4<0>;
v0x8f6529860_0 .net "in28", 31 0, L_0x8f6878568;  1 drivers
L_0x8f68785b0 .functor BUFT 1, C4<00000000000000000000000000000000>, C4<0>, C4<0>, C4<0>;
v0x8f6529900_0 .net "in29", 31 0, L_0x8f68785b0;  1 drivers
v0x8f65299a0_0 .net "in3", 31 0, L_0x8f65d02a0;  alias, 1 drivers
L_0x8f68785f8 .functor BUFT 1, C4<00000000000000000000000000000000>, C4<0>, C4<0>, C4<0>;
v0x8f6529a40_0 .net "in30", 31 0, L_0x8f68785f8;  1 drivers
L_0x8f6878640 .functor BUFT 1, C4<00000000000000000000000000000000>, C4<0>, C4<0>, C4<0>;
v0x8f6529ae0_0 .net "in31", 31 0, L_0x8f6878640;  1 drivers
v0x8f6529b80_0 .net "in4", 31 0, L_0x8f65d0310;  alias, 1 drivers
v0x8f6529c20_0 .net "in5", 31 0, L_0x8f65d0380;  alias, 1 drivers
v0x8f6529cc0_0 .net "in6", 31 0, L_0x8f65d03f0;  alias, 1 drivers
v0x8f6529d60_0 .net "in7", 31 0, L_0x8f65d0460;  alias, 1 drivers
v0x8f6529e00_0 .net "in8", 31 0, L_0x8f65d04d0;  alias, 1 drivers
v0x8f6529ea0_0 .net "in9", 31 0, L_0x8f65d0540;  alias, 1 drivers
v0x8f6529f40_0 .var "out", 31 0;
v0x8f6529fe0_0 .net "sel", 4 0, v0x8f6528a00_0;  alias, 1 drivers
E_0x8f7523940/0 .event anyedge, v0x8f6528a00_0, v0x8f6528b40_0, v0x8f6528be0_0, v0x8f65292c0_0;
E_0x8f7523940/1 .event anyedge, v0x8f65299a0_0, v0x8f6529b80_0, v0x8f6529c20_0, v0x8f6529cc0_0;
E_0x8f7523940/2 .event anyedge, v0x8f6529d60_0, v0x8f6529e00_0, v0x8f6529ea0_0, v0x8f6528c80_0;
E_0x8f7523940/3 .event anyedge, v0x8f6528d20_0, v0x8f6528dc0_0, v0x8f6528e60_0, v0x8f6528f00_0;
E_0x8f7523940/4 .event anyedge, v0x8f6528fa0_0, v0x8f6529040_0, v0x8f65290e0_0, v0x8f6529180_0;
E_0x8f7523940/5 .event anyedge, v0x8f6529220_0, v0x8f6529360_0, v0x8f6529400_0, v0x8f65294a0_0;
E_0x8f7523940/6 .event anyedge, v0x8f6529540_0, v0x8f65295e0_0, v0x8f6529680_0, v0x8f6529720_0;
E_0x8f7523940/7 .event anyedge, v0x8f65297c0_0, v0x8f6529860_0, v0x8f6529900_0, v0x8f6529a40_0;
E_0x8f7523940/8 .event anyedge, v0x8f6529ae0_0;
E_0x8f7523940 .event/or E_0x8f7523940/0, E_0x8f7523940/1, E_0x8f7523940/2, E_0x8f7523940/3, E_0x8f7523940/4, E_0x8f7523940/5, E_0x8f7523940/6, E_0x8f7523940/7, E_0x8f7523940/8;
S_0x8f652c300 .scope module, "u_conff" "conff" 3 85, 22 2 0, S_0x104da6c30;
 .timescale -9 -11;
    .port_info 0 /INPUT 32 "bus_in";
    .port_info 1 /INPUT 2 "irIn";
    .port_info 2 /INPUT 1 "con_in";
    .port_info 3 /INPUT 1 "clk";
    .port_info 4 /INPUT 1 "reset";
    .port_info 5 /OUTPUT 1 "q";
L_0x8f6878250 .functor BUFT 1, C4<0>, C4<0>, C4<0>, C4<0>;
L_0x8f65d0850 .functor XNOR 1, L_0x8f65cf200, L_0x8f6878250, C4<0>, C4<0>;
L_0x8f6878298 .functor BUFT 1, C4<1>, C4<0>, C4<0>, C4<0>;
L_0x8f65d08c0 .functor XNOR 1, L_0x8f65cf2a0, L_0x8f6878298, C4<0>, C4<0>;
L_0x8f65d0930 .functor AND 1, L_0x8f65cf340, L_0x8f70dba20, C4<1>, C4<1>;
L_0x8f65d09a0 .functor AND 1, L_0x8f65cf3e0, L_0x8f70dbac0, C4<1>, C4<1>;
L_0x8f65d0a10 .functor OR 1, L_0x8f65d0930, L_0x8f65d09a0, C4<0>, C4<0>;
L_0x8f65d0a80 .functor AND 1, L_0x8f65cf480, L_0x8f65d0850, C4<1>, C4<1>;
L_0x8f65d0af0 .functor OR 1, L_0x8f65d0a10, L_0x8f65d0a80, C4<0>, C4<0>;
L_0x8f65d0b60 .functor AND 1, L_0x8f65cf520, L_0x8f65d08c0, C4<1>, C4<1>;
L_0x8f65d0bd0 .functor OR 1, L_0x8f65d0af0, L_0x8f65d0b60, C4<0>, C4<0>;
L_0x8f68781c0 .functor BUFT 1, C4<00000000000000000000000000000000>, C4<0>, C4<0>, C4<0>;
v0x8f652be80_0 .net/2u *"_ivl_0", 31 0, L_0x8f68781c0;  1 drivers
v0x8f652bf20_0 .net/2u *"_ivl_10", 0 0, L_0x8f6878250;  1 drivers
v0x8f6534000_0 .net *"_ivl_15", 0 0, L_0x8f65cf2a0;  1 drivers
v0x8f65340a0_0 .net/2u *"_ivl_16", 0 0, L_0x8f6878298;  1 drivers
L_0x8f68782e0 .functor BUFT 1, C4<0001>, C4<0>, C4<0>, C4<0>;
v0x8f6534140_0 .net/2u *"_ivl_20", 3 0, L_0x8f68782e0;  1 drivers
v0x8f65341e0_0 .net *"_ivl_25", 0 0, L_0x8f65cf340;  1 drivers
v0x8f6534280_0 .net *"_ivl_26", 0 0, L_0x8f65d0930;  1 drivers
v0x8f6534320_0 .net *"_ivl_29", 0 0, L_0x8f65cf3e0;  1 drivers
v0x8f65343c0_0 .net *"_ivl_30", 0 0, L_0x8f65d09a0;  1 drivers
v0x8f6534460_0 .net *"_ivl_32", 0 0, L_0x8f65d0a10;  1 drivers
v0x8f6534500_0 .net *"_ivl_35", 0 0, L_0x8f65cf480;  1 drivers
v0x8f65345a0_0 .net *"_ivl_36", 0 0, L_0x8f65d0a80;  1 drivers
v0x8f6534640_0 .net *"_ivl_38", 0 0, L_0x8f65d0af0;  1 drivers
L_0x8f6878208 .functor BUFT 1, C4<00000000000000000000000000000000>, C4<0>, C4<0>, C4<0>;
v0x8f65346e0_0 .net/2u *"_ivl_4", 31 0, L_0x8f6878208;  1 drivers
v0x8f6534780_0 .net *"_ivl_41", 0 0, L_0x8f65cf520;  1 drivers
v0x8f6534820_0 .net *"_ivl_42", 0 0, L_0x8f65d0b60;  1 drivers
v0x8f65348c0_0 .net *"_ivl_9", 0 0, L_0x8f65cf200;  1 drivers
v0x8f6534960_0 .net "bus_in", 31 0, v0x8f6529f40_0;  alias, 1 drivers
v0x8f6534a00_0 .net "clk", 0 0, o0x8f684cfe0;  alias, 0 drivers
v0x8f6534aa0_0 .net "con_in", 0 0, o0x8f684d010;  alias, 0 drivers
v0x8f6534b40_0 .net "condition_met", 0 0, L_0x8f65d0bd0;  1 drivers
v0x8f6534be0_0 .net "decoded", 3 0, L_0x8f71492c0;  1 drivers
v0x8f6534c80_0 .net "irIn", 1 0, L_0x8f65cf5c0;  1 drivers
v0x8f6534d20_0 .net "is_neg", 0 0, L_0x8f65d08c0;  1 drivers
v0x8f6534dc0_0 .net "is_nonzero", 0 0, L_0x8f70dbac0;  1 drivers
v0x8f6534e60_0 .net "is_pos", 0 0, L_0x8f65d0850;  1 drivers
v0x8f6534f00_0 .net "is_zero", 0 0, L_0x8f70dba20;  1 drivers
v0x8f6534fa0_0 .var "q", 0 0;
v0x8f6535040_0 .net "reset", 0 0, o0x8f684d1c0;  alias, 0 drivers
E_0x8f7523980 .event posedge, v0x8f6534a00_0;
L_0x8f70dba20 .cmp/eq 32, v0x8f6529f40_0, L_0x8f68781c0;
L_0x8f70dbac0 .cmp/ne 32, v0x8f6529f40_0, L_0x8f6878208;
L_0x8f65cf200 .part v0x8f6529f40_0, 31, 1;
L_0x8f65cf2a0 .part v0x8f6529f40_0, 31, 1;
L_0x8f71492c0 .shift/l 4, L_0x8f68782e0, L_0x8f65cf5c0;
L_0x8f65cf340 .part L_0x8f71492c0, 0, 1;
L_0x8f65cf3e0 .part L_0x8f71492c0, 1, 1;
L_0x8f65cf480 .part L_0x8f71492c0, 2, 1;
L_0x8f65cf520 .part L_0x8f71492c0, 3, 1;
S_0x8f652c480 .scope module, "u_inport" "reg32" 3 56, 23 1 0, S_0x104da6c30;
 .timescale -9 -11;
    .port_info 0 /INPUT 1 "clk";
    .port_info 1 /INPUT 1 "reset";
    .port_info 2 /INPUT 1 "wr_en";
    .port_info 3 /INPUT 32 "d";
    .port_info 4 /OUTPUT 32 "q";
v0x8f65350e0_0 .net "clk", 0 0, o0x8f684cfe0;  alias, 0 drivers
v0x8f6535180_0 .net "d", 31 0, o0x8f684d310;  alias, 0 drivers
v0x8f6535220_0 .var "q", 31 0;
v0x8f65352c0_0 .net "reset", 0 0, o0x8f684d1c0;  alias, 0 drivers
L_0x8f6878130 .functor BUFT 1, C4<1>, C4<0>, C4<0>, C4<0>;
v0x8f6535360_0 .net "wr_en", 0 0, L_0x8f6878130;  1 drivers
S_0x8f652c600 .scope module, "u_mdr" "mdr" 3 94, 24 1 0, S_0x104da6c30;
 .timescale -9 -11;
    .port_info 0 /INPUT 1 "clk";
    .port_info 1 /INPUT 1 "reset";
    .port_info 2 /INPUT 1 "mdr_in";
    .port_info 3 /INPUT 1 "read";
    .port_info 4 /INPUT 32 "bus_mux_out";
    .port_info 5 /INPUT 32 "mdatain";
    .port_info 6 /OUTPUT 32 "q";
v0x8f6535400_0 .net "bus_mux_out", 31 0, v0x8f6529f40_0;  alias, 1 drivers
v0x8f65354a0_0 .net "clk", 0 0, o0x8f684cfe0;  alias, 0 drivers
v0x8f6535540_0 .net "mdatain", 31 0, v0x8f6535e00_0;  alias, 1 drivers
v0x8f65355e0_0 .net "mdmux_out", 31 0, L_0x8f65cf660;  1 drivers
v0x8f6535680_0 .net "mdr_in", 0 0, o0x8f684d4c0;  alias, 0 drivers
v0x8f6535720_0 .var "q", 31 0;
v0x8f65357c0_0 .net "read", 0 0, o0x8f684d4f0;  alias, 0 drivers
v0x8f6535860_0 .net "reset", 0 0, o0x8f684d1c0;  alias, 0 drivers
L_0x8f65cf660 .functor MUXZ 32, v0x8f6529f40_0, v0x8f6535e00_0, o0x8f684d4f0, C4<>;
S_0x8f652c780 .scope module, "u_outport" "reg32" 3 64, 23 1 0, S_0x104da6c30;
 .timescale -9 -11;
    .port_info 0 /INPUT 1 "clk";
    .port_info 1 /INPUT 1 "reset";
    .port_info 2 /INPUT 1 "wr_en";
    .port_info 3 /INPUT 32 "d";
    .port_info 4 /OUTPUT 32 "q";
v0x8f6535900_0 .net "clk", 0 0, o0x8f684cfe0;  alias, 0 drivers
v0x8f65359a0_0 .net "d", 31 0, v0x8f6529f40_0;  alias, 1 drivers
v0x8f6535a40_0 .var "q", 31 0;
v0x8f6535ae0_0 .net "reset", 0 0, o0x8f684d1c0;  alias, 0 drivers
v0x8f6535b80_0 .net "wr_en", 0 0, o0x8f684d6a0;  alias, 0 drivers
S_0x8f652c900 .scope module, "u_ram" "ram" 3 99, 25 1 0, S_0x104da6c30;
 .timescale -9 -11;
    .port_info 0 /INPUT 1 "read";
    .port_info 1 /INPUT 1 "write";
    .port_info 2 /INPUT 1 "clk";
    .port_info 3 /INPUT 32 "dataIn";
    .port_info 4 /INPUT 9 "addrIn";
    .port_info 5 /OUTPUT 32 "dataOut";
v0x8f6535c20_0 .net "addrIn", 8 0, L_0x8f65cf700;  1 drivers
v0x8f6535cc0_0 .net "clk", 0 0, o0x8f684cfe0;  alias, 0 drivers
v0x8f6535d60_0 .net "dataIn", 31 0, v0x8f6535720_0;  alias, 1 drivers
v0x8f6535e00_0 .var "dataOut", 31 0;
v0x8f6535ea0 .array "memData", 511 0, 31 0;
v0x8f6535f40_0 .net "read", 0 0, o0x8f684d4f0;  alias, 0 drivers
v0x8f6535fe0_0 .var/i "ri", 31 0;
v0x8f6536080_0 .net "write", 0 0, o0x8f6853820;  alias, 0 drivers
v0x8f6535ea0_0 .array/port v0x8f6535ea0, 0;
v0x8f6535ea0_1 .array/port v0x8f6535ea0, 1;
E_0x8f7523a00/0 .event anyedge, v0x8f65357c0_0, v0x8f6535c20_0, v0x8f6535ea0_0, v0x8f6535ea0_1;
v0x8f6535ea0_2 .array/port v0x8f6535ea0, 2;
v0x8f6535ea0_3 .array/port v0x8f6535ea0, 3;
v0x8f6535ea0_4 .array/port v0x8f6535ea0, 4;
v0x8f6535ea0_5 .array/port v0x8f6535ea0, 5;
E_0x8f7523a00/1 .event anyedge, v0x8f6535ea0_2, v0x8f6535ea0_3, v0x8f6535ea0_4, v0x8f6535ea0_5;
v0x8f6535ea0_6 .array/port v0x8f6535ea0, 6;
v0x8f6535ea0_7 .array/port v0x8f6535ea0, 7;
v0x8f6535ea0_8 .array/port v0x8f6535ea0, 8;
v0x8f6535ea0_9 .array/port v0x8f6535ea0, 9;
E_0x8f7523a00/2 .event anyedge, v0x8f6535ea0_6, v0x8f6535ea0_7, v0x8f6535ea0_8, v0x8f6535ea0_9;
v0x8f6535ea0_10 .array/port v0x8f6535ea0, 10;
v0x8f6535ea0_11 .array/port v0x8f6535ea0, 11;
v0x8f6535ea0_12 .array/port v0x8f6535ea0, 12;
v0x8f6535ea0_13 .array/port v0x8f6535ea0, 13;
E_0x8f7523a00/3 .event anyedge, v0x8f6535ea0_10, v0x8f6535ea0_11, v0x8f6535ea0_12, v0x8f6535ea0_13;
v0x8f6535ea0_14 .array/port v0x8f6535ea0, 14;
v0x8f6535ea0_15 .array/port v0x8f6535ea0, 15;
v0x8f6535ea0_16 .array/port v0x8f6535ea0, 16;
v0x8f6535ea0_17 .array/port v0x8f6535ea0, 17;
E_0x8f7523a00/4 .event anyedge, v0x8f6535ea0_14, v0x8f6535ea0_15, v0x8f6535ea0_16, v0x8f6535ea0_17;
v0x8f6535ea0_18 .array/port v0x8f6535ea0, 18;
v0x8f6535ea0_19 .array/port v0x8f6535ea0, 19;
v0x8f6535ea0_20 .array/port v0x8f6535ea0, 20;
v0x8f6535ea0_21 .array/port v0x8f6535ea0, 21;
E_0x8f7523a00/5 .event anyedge, v0x8f6535ea0_18, v0x8f6535ea0_19, v0x8f6535ea0_20, v0x8f6535ea0_21;
v0x8f6535ea0_22 .array/port v0x8f6535ea0, 22;
v0x8f6535ea0_23 .array/port v0x8f6535ea0, 23;
v0x8f6535ea0_24 .array/port v0x8f6535ea0, 24;
v0x8f6535ea0_25 .array/port v0x8f6535ea0, 25;
E_0x8f7523a00/6 .event anyedge, v0x8f6535ea0_22, v0x8f6535ea0_23, v0x8f6535ea0_24, v0x8f6535ea0_25;
v0x8f6535ea0_26 .array/port v0x8f6535ea0, 26;
v0x8f6535ea0_27 .array/port v0x8f6535ea0, 27;
v0x8f6535ea0_28 .array/port v0x8f6535ea0, 28;
v0x8f6535ea0_29 .array/port v0x8f6535ea0, 29;
E_0x8f7523a00/7 .event anyedge, v0x8f6535ea0_26, v0x8f6535ea0_27, v0x8f6535ea0_28, v0x8f6535ea0_29;
v0x8f6535ea0_30 .array/port v0x8f6535ea0, 30;
v0x8f6535ea0_31 .array/port v0x8f6535ea0, 31;
v0x8f6535ea0_32 .array/port v0x8f6535ea0, 32;
v0x8f6535ea0_33 .array/port v0x8f6535ea0, 33;
E_0x8f7523a00/8 .event anyedge, v0x8f6535ea0_30, v0x8f6535ea0_31, v0x8f6535ea0_32, v0x8f6535ea0_33;
v0x8f6535ea0_34 .array/port v0x8f6535ea0, 34;
v0x8f6535ea0_35 .array/port v0x8f6535ea0, 35;
v0x8f6535ea0_36 .array/port v0x8f6535ea0, 36;
v0x8f6535ea0_37 .array/port v0x8f6535ea0, 37;
E_0x8f7523a00/9 .event anyedge, v0x8f6535ea0_34, v0x8f6535ea0_35, v0x8f6535ea0_36, v0x8f6535ea0_37;
v0x8f6535ea0_38 .array/port v0x8f6535ea0, 38;
v0x8f6535ea0_39 .array/port v0x8f6535ea0, 39;
v0x8f6535ea0_40 .array/port v0x8f6535ea0, 40;
v0x8f6535ea0_41 .array/port v0x8f6535ea0, 41;
E_0x8f7523a00/10 .event anyedge, v0x8f6535ea0_38, v0x8f6535ea0_39, v0x8f6535ea0_40, v0x8f6535ea0_41;
v0x8f6535ea0_42 .array/port v0x8f6535ea0, 42;
v0x8f6535ea0_43 .array/port v0x8f6535ea0, 43;
v0x8f6535ea0_44 .array/port v0x8f6535ea0, 44;
v0x8f6535ea0_45 .array/port v0x8f6535ea0, 45;
E_0x8f7523a00/11 .event anyedge, v0x8f6535ea0_42, v0x8f6535ea0_43, v0x8f6535ea0_44, v0x8f6535ea0_45;
v0x8f6535ea0_46 .array/port v0x8f6535ea0, 46;
v0x8f6535ea0_47 .array/port v0x8f6535ea0, 47;
v0x8f6535ea0_48 .array/port v0x8f6535ea0, 48;
v0x8f6535ea0_49 .array/port v0x8f6535ea0, 49;
E_0x8f7523a00/12 .event anyedge, v0x8f6535ea0_46, v0x8f6535ea0_47, v0x8f6535ea0_48, v0x8f6535ea0_49;
v0x8f6535ea0_50 .array/port v0x8f6535ea0, 50;
v0x8f6535ea0_51 .array/port v0x8f6535ea0, 51;
v0x8f6535ea0_52 .array/port v0x8f6535ea0, 52;
v0x8f6535ea0_53 .array/port v0x8f6535ea0, 53;
E_0x8f7523a00/13 .event anyedge, v0x8f6535ea0_50, v0x8f6535ea0_51, v0x8f6535ea0_52, v0x8f6535ea0_53;
v0x8f6535ea0_54 .array/port v0x8f6535ea0, 54;
v0x8f6535ea0_55 .array/port v0x8f6535ea0, 55;
v0x8f6535ea0_56 .array/port v0x8f6535ea0, 56;
v0x8f6535ea0_57 .array/port v0x8f6535ea0, 57;
E_0x8f7523a00/14 .event anyedge, v0x8f6535ea0_54, v0x8f6535ea0_55, v0x8f6535ea0_56, v0x8f6535ea0_57;
v0x8f6535ea0_58 .array/port v0x8f6535ea0, 58;
v0x8f6535ea0_59 .array/port v0x8f6535ea0, 59;
v0x8f6535ea0_60 .array/port v0x8f6535ea0, 60;
v0x8f6535ea0_61 .array/port v0x8f6535ea0, 61;
E_0x8f7523a00/15 .event anyedge, v0x8f6535ea0_58, v0x8f6535ea0_59, v0x8f6535ea0_60, v0x8f6535ea0_61;
v0x8f6535ea0_62 .array/port v0x8f6535ea0, 62;
v0x8f6535ea0_63 .array/port v0x8f6535ea0, 63;
v0x8f6535ea0_64 .array/port v0x8f6535ea0, 64;
v0x8f6535ea0_65 .array/port v0x8f6535ea0, 65;
E_0x8f7523a00/16 .event anyedge, v0x8f6535ea0_62, v0x8f6535ea0_63, v0x8f6535ea0_64, v0x8f6535ea0_65;
v0x8f6535ea0_66 .array/port v0x8f6535ea0, 66;
v0x8f6535ea0_67 .array/port v0x8f6535ea0, 67;
v0x8f6535ea0_68 .array/port v0x8f6535ea0, 68;
v0x8f6535ea0_69 .array/port v0x8f6535ea0, 69;
E_0x8f7523a00/17 .event anyedge, v0x8f6535ea0_66, v0x8f6535ea0_67, v0x8f6535ea0_68, v0x8f6535ea0_69;
v0x8f6535ea0_70 .array/port v0x8f6535ea0, 70;
v0x8f6535ea0_71 .array/port v0x8f6535ea0, 71;
v0x8f6535ea0_72 .array/port v0x8f6535ea0, 72;
v0x8f6535ea0_73 .array/port v0x8f6535ea0, 73;
E_0x8f7523a00/18 .event anyedge, v0x8f6535ea0_70, v0x8f6535ea0_71, v0x8f6535ea0_72, v0x8f6535ea0_73;
v0x8f6535ea0_74 .array/port v0x8f6535ea0, 74;
v0x8f6535ea0_75 .array/port v0x8f6535ea0, 75;
v0x8f6535ea0_76 .array/port v0x8f6535ea0, 76;
v0x8f6535ea0_77 .array/port v0x8f6535ea0, 77;
E_0x8f7523a00/19 .event anyedge, v0x8f6535ea0_74, v0x8f6535ea0_75, v0x8f6535ea0_76, v0x8f6535ea0_77;
v0x8f6535ea0_78 .array/port v0x8f6535ea0, 78;
v0x8f6535ea0_79 .array/port v0x8f6535ea0, 79;
v0x8f6535ea0_80 .array/port v0x8f6535ea0, 80;
v0x8f6535ea0_81 .array/port v0x8f6535ea0, 81;
E_0x8f7523a00/20 .event anyedge, v0x8f6535ea0_78, v0x8f6535ea0_79, v0x8f6535ea0_80, v0x8f6535ea0_81;
v0x8f6535ea0_82 .array/port v0x8f6535ea0, 82;
v0x8f6535ea0_83 .array/port v0x8f6535ea0, 83;
v0x8f6535ea0_84 .array/port v0x8f6535ea0, 84;
v0x8f6535ea0_85 .array/port v0x8f6535ea0, 85;
E_0x8f7523a00/21 .event anyedge, v0x8f6535ea0_82, v0x8f6535ea0_83, v0x8f6535ea0_84, v0x8f6535ea0_85;
v0x8f6535ea0_86 .array/port v0x8f6535ea0, 86;
v0x8f6535ea0_87 .array/port v0x8f6535ea0, 87;
v0x8f6535ea0_88 .array/port v0x8f6535ea0, 88;
v0x8f6535ea0_89 .array/port v0x8f6535ea0, 89;
E_0x8f7523a00/22 .event anyedge, v0x8f6535ea0_86, v0x8f6535ea0_87, v0x8f6535ea0_88, v0x8f6535ea0_89;
v0x8f6535ea0_90 .array/port v0x8f6535ea0, 90;
v0x8f6535ea0_91 .array/port v0x8f6535ea0, 91;
v0x8f6535ea0_92 .array/port v0x8f6535ea0, 92;
v0x8f6535ea0_93 .array/port v0x8f6535ea0, 93;
E_0x8f7523a00/23 .event anyedge, v0x8f6535ea0_90, v0x8f6535ea0_91, v0x8f6535ea0_92, v0x8f6535ea0_93;
v0x8f6535ea0_94 .array/port v0x8f6535ea0, 94;
v0x8f6535ea0_95 .array/port v0x8f6535ea0, 95;
v0x8f6535ea0_96 .array/port v0x8f6535ea0, 96;
v0x8f6535ea0_97 .array/port v0x8f6535ea0, 97;
E_0x8f7523a00/24 .event anyedge, v0x8f6535ea0_94, v0x8f6535ea0_95, v0x8f6535ea0_96, v0x8f6535ea0_97;
v0x8f6535ea0_98 .array/port v0x8f6535ea0, 98;
v0x8f6535ea0_99 .array/port v0x8f6535ea0, 99;
v0x8f6535ea0_100 .array/port v0x8f6535ea0, 100;
v0x8f6535ea0_101 .array/port v0x8f6535ea0, 101;
E_0x8f7523a00/25 .event anyedge, v0x8f6535ea0_98, v0x8f6535ea0_99, v0x8f6535ea0_100, v0x8f6535ea0_101;
v0x8f6535ea0_102 .array/port v0x8f6535ea0, 102;
v0x8f6535ea0_103 .array/port v0x8f6535ea0, 103;
v0x8f6535ea0_104 .array/port v0x8f6535ea0, 104;
v0x8f6535ea0_105 .array/port v0x8f6535ea0, 105;
E_0x8f7523a00/26 .event anyedge, v0x8f6535ea0_102, v0x8f6535ea0_103, v0x8f6535ea0_104, v0x8f6535ea0_105;
v0x8f6535ea0_106 .array/port v0x8f6535ea0, 106;
v0x8f6535ea0_107 .array/port v0x8f6535ea0, 107;
v0x8f6535ea0_108 .array/port v0x8f6535ea0, 108;
v0x8f6535ea0_109 .array/port v0x8f6535ea0, 109;
E_0x8f7523a00/27 .event anyedge, v0x8f6535ea0_106, v0x8f6535ea0_107, v0x8f6535ea0_108, v0x8f6535ea0_109;
v0x8f6535ea0_110 .array/port v0x8f6535ea0, 110;
v0x8f6535ea0_111 .array/port v0x8f6535ea0, 111;
v0x8f6535ea0_112 .array/port v0x8f6535ea0, 112;
v0x8f6535ea0_113 .array/port v0x8f6535ea0, 113;
E_0x8f7523a00/28 .event anyedge, v0x8f6535ea0_110, v0x8f6535ea0_111, v0x8f6535ea0_112, v0x8f6535ea0_113;
v0x8f6535ea0_114 .array/port v0x8f6535ea0, 114;
v0x8f6535ea0_115 .array/port v0x8f6535ea0, 115;
v0x8f6535ea0_116 .array/port v0x8f6535ea0, 116;
v0x8f6535ea0_117 .array/port v0x8f6535ea0, 117;
E_0x8f7523a00/29 .event anyedge, v0x8f6535ea0_114, v0x8f6535ea0_115, v0x8f6535ea0_116, v0x8f6535ea0_117;
v0x8f6535ea0_118 .array/port v0x8f6535ea0, 118;
v0x8f6535ea0_119 .array/port v0x8f6535ea0, 119;
v0x8f6535ea0_120 .array/port v0x8f6535ea0, 120;
v0x8f6535ea0_121 .array/port v0x8f6535ea0, 121;
E_0x8f7523a00/30 .event anyedge, v0x8f6535ea0_118, v0x8f6535ea0_119, v0x8f6535ea0_120, v0x8f6535ea0_121;
v0x8f6535ea0_122 .array/port v0x8f6535ea0, 122;
v0x8f6535ea0_123 .array/port v0x8f6535ea0, 123;
v0x8f6535ea0_124 .array/port v0x8f6535ea0, 124;
v0x8f6535ea0_125 .array/port v0x8f6535ea0, 125;
E_0x8f7523a00/31 .event anyedge, v0x8f6535ea0_122, v0x8f6535ea0_123, v0x8f6535ea0_124, v0x8f6535ea0_125;
v0x8f6535ea0_126 .array/port v0x8f6535ea0, 126;
v0x8f6535ea0_127 .array/port v0x8f6535ea0, 127;
v0x8f6535ea0_128 .array/port v0x8f6535ea0, 128;
v0x8f6535ea0_129 .array/port v0x8f6535ea0, 129;
E_0x8f7523a00/32 .event anyedge, v0x8f6535ea0_126, v0x8f6535ea0_127, v0x8f6535ea0_128, v0x8f6535ea0_129;
v0x8f6535ea0_130 .array/port v0x8f6535ea0, 130;
v0x8f6535ea0_131 .array/port v0x8f6535ea0, 131;
v0x8f6535ea0_132 .array/port v0x8f6535ea0, 132;
v0x8f6535ea0_133 .array/port v0x8f6535ea0, 133;
E_0x8f7523a00/33 .event anyedge, v0x8f6535ea0_130, v0x8f6535ea0_131, v0x8f6535ea0_132, v0x8f6535ea0_133;
v0x8f6535ea0_134 .array/port v0x8f6535ea0, 134;
v0x8f6535ea0_135 .array/port v0x8f6535ea0, 135;
v0x8f6535ea0_136 .array/port v0x8f6535ea0, 136;
v0x8f6535ea0_137 .array/port v0x8f6535ea0, 137;
E_0x8f7523a00/34 .event anyedge, v0x8f6535ea0_134, v0x8f6535ea0_135, v0x8f6535ea0_136, v0x8f6535ea0_137;
v0x8f6535ea0_138 .array/port v0x8f6535ea0, 138;
v0x8f6535ea0_139 .array/port v0x8f6535ea0, 139;
v0x8f6535ea0_140 .array/port v0x8f6535ea0, 140;
v0x8f6535ea0_141 .array/port v0x8f6535ea0, 141;
E_0x8f7523a00/35 .event anyedge, v0x8f6535ea0_138, v0x8f6535ea0_139, v0x8f6535ea0_140, v0x8f6535ea0_141;
v0x8f6535ea0_142 .array/port v0x8f6535ea0, 142;
v0x8f6535ea0_143 .array/port v0x8f6535ea0, 143;
v0x8f6535ea0_144 .array/port v0x8f6535ea0, 144;
v0x8f6535ea0_145 .array/port v0x8f6535ea0, 145;
E_0x8f7523a00/36 .event anyedge, v0x8f6535ea0_142, v0x8f6535ea0_143, v0x8f6535ea0_144, v0x8f6535ea0_145;
v0x8f6535ea0_146 .array/port v0x8f6535ea0, 146;
v0x8f6535ea0_147 .array/port v0x8f6535ea0, 147;
v0x8f6535ea0_148 .array/port v0x8f6535ea0, 148;
v0x8f6535ea0_149 .array/port v0x8f6535ea0, 149;
E_0x8f7523a00/37 .event anyedge, v0x8f6535ea0_146, v0x8f6535ea0_147, v0x8f6535ea0_148, v0x8f6535ea0_149;
v0x8f6535ea0_150 .array/port v0x8f6535ea0, 150;
v0x8f6535ea0_151 .array/port v0x8f6535ea0, 151;
v0x8f6535ea0_152 .array/port v0x8f6535ea0, 152;
v0x8f6535ea0_153 .array/port v0x8f6535ea0, 153;
E_0x8f7523a00/38 .event anyedge, v0x8f6535ea0_150, v0x8f6535ea0_151, v0x8f6535ea0_152, v0x8f6535ea0_153;
v0x8f6535ea0_154 .array/port v0x8f6535ea0, 154;
v0x8f6535ea0_155 .array/port v0x8f6535ea0, 155;
v0x8f6535ea0_156 .array/port v0x8f6535ea0, 156;
v0x8f6535ea0_157 .array/port v0x8f6535ea0, 157;
E_0x8f7523a00/39 .event anyedge, v0x8f6535ea0_154, v0x8f6535ea0_155, v0x8f6535ea0_156, v0x8f6535ea0_157;
v0x8f6535ea0_158 .array/port v0x8f6535ea0, 158;
v0x8f6535ea0_159 .array/port v0x8f6535ea0, 159;
v0x8f6535ea0_160 .array/port v0x8f6535ea0, 160;
v0x8f6535ea0_161 .array/port v0x8f6535ea0, 161;
E_0x8f7523a00/40 .event anyedge, v0x8f6535ea0_158, v0x8f6535ea0_159, v0x8f6535ea0_160, v0x8f6535ea0_161;
v0x8f6535ea0_162 .array/port v0x8f6535ea0, 162;
v0x8f6535ea0_163 .array/port v0x8f6535ea0, 163;
v0x8f6535ea0_164 .array/port v0x8f6535ea0, 164;
v0x8f6535ea0_165 .array/port v0x8f6535ea0, 165;
E_0x8f7523a00/41 .event anyedge, v0x8f6535ea0_162, v0x8f6535ea0_163, v0x8f6535ea0_164, v0x8f6535ea0_165;
v0x8f6535ea0_166 .array/port v0x8f6535ea0, 166;
v0x8f6535ea0_167 .array/port v0x8f6535ea0, 167;
v0x8f6535ea0_168 .array/port v0x8f6535ea0, 168;
v0x8f6535ea0_169 .array/port v0x8f6535ea0, 169;
E_0x8f7523a00/42 .event anyedge, v0x8f6535ea0_166, v0x8f6535ea0_167, v0x8f6535ea0_168, v0x8f6535ea0_169;
v0x8f6535ea0_170 .array/port v0x8f6535ea0, 170;
v0x8f6535ea0_171 .array/port v0x8f6535ea0, 171;
v0x8f6535ea0_172 .array/port v0x8f6535ea0, 172;
v0x8f6535ea0_173 .array/port v0x8f6535ea0, 173;
E_0x8f7523a00/43 .event anyedge, v0x8f6535ea0_170, v0x8f6535ea0_171, v0x8f6535ea0_172, v0x8f6535ea0_173;
v0x8f6535ea0_174 .array/port v0x8f6535ea0, 174;
v0x8f6535ea0_175 .array/port v0x8f6535ea0, 175;
v0x8f6535ea0_176 .array/port v0x8f6535ea0, 176;
v0x8f6535ea0_177 .array/port v0x8f6535ea0, 177;
E_0x8f7523a00/44 .event anyedge, v0x8f6535ea0_174, v0x8f6535ea0_175, v0x8f6535ea0_176, v0x8f6535ea0_177;
v0x8f6535ea0_178 .array/port v0x8f6535ea0, 178;
v0x8f6535ea0_179 .array/port v0x8f6535ea0, 179;
v0x8f6535ea0_180 .array/port v0x8f6535ea0, 180;
v0x8f6535ea0_181 .array/port v0x8f6535ea0, 181;
E_0x8f7523a00/45 .event anyedge, v0x8f6535ea0_178, v0x8f6535ea0_179, v0x8f6535ea0_180, v0x8f6535ea0_181;
v0x8f6535ea0_182 .array/port v0x8f6535ea0, 182;
v0x8f6535ea0_183 .array/port v0x8f6535ea0, 183;
v0x8f6535ea0_184 .array/port v0x8f6535ea0, 184;
v0x8f6535ea0_185 .array/port v0x8f6535ea0, 185;
E_0x8f7523a00/46 .event anyedge, v0x8f6535ea0_182, v0x8f6535ea0_183, v0x8f6535ea0_184, v0x8f6535ea0_185;
v0x8f6535ea0_186 .array/port v0x8f6535ea0, 186;
v0x8f6535ea0_187 .array/port v0x8f6535ea0, 187;
v0x8f6535ea0_188 .array/port v0x8f6535ea0, 188;
v0x8f6535ea0_189 .array/port v0x8f6535ea0, 189;
E_0x8f7523a00/47 .event anyedge, v0x8f6535ea0_186, v0x8f6535ea0_187, v0x8f6535ea0_188, v0x8f6535ea0_189;
v0x8f6535ea0_190 .array/port v0x8f6535ea0, 190;
v0x8f6535ea0_191 .array/port v0x8f6535ea0, 191;
v0x8f6535ea0_192 .array/port v0x8f6535ea0, 192;
v0x8f6535ea0_193 .array/port v0x8f6535ea0, 193;
E_0x8f7523a00/48 .event anyedge, v0x8f6535ea0_190, v0x8f6535ea0_191, v0x8f6535ea0_192, v0x8f6535ea0_193;
v0x8f6535ea0_194 .array/port v0x8f6535ea0, 194;
v0x8f6535ea0_195 .array/port v0x8f6535ea0, 195;
v0x8f6535ea0_196 .array/port v0x8f6535ea0, 196;
v0x8f6535ea0_197 .array/port v0x8f6535ea0, 197;
E_0x8f7523a00/49 .event anyedge, v0x8f6535ea0_194, v0x8f6535ea0_195, v0x8f6535ea0_196, v0x8f6535ea0_197;
v0x8f6535ea0_198 .array/port v0x8f6535ea0, 198;
v0x8f6535ea0_199 .array/port v0x8f6535ea0, 199;
v0x8f6535ea0_200 .array/port v0x8f6535ea0, 200;
v0x8f6535ea0_201 .array/port v0x8f6535ea0, 201;
E_0x8f7523a00/50 .event anyedge, v0x8f6535ea0_198, v0x8f6535ea0_199, v0x8f6535ea0_200, v0x8f6535ea0_201;
v0x8f6535ea0_202 .array/port v0x8f6535ea0, 202;
v0x8f6535ea0_203 .array/port v0x8f6535ea0, 203;
v0x8f6535ea0_204 .array/port v0x8f6535ea0, 204;
v0x8f6535ea0_205 .array/port v0x8f6535ea0, 205;
E_0x8f7523a00/51 .event anyedge, v0x8f6535ea0_202, v0x8f6535ea0_203, v0x8f6535ea0_204, v0x8f6535ea0_205;
v0x8f6535ea0_206 .array/port v0x8f6535ea0, 206;
v0x8f6535ea0_207 .array/port v0x8f6535ea0, 207;
v0x8f6535ea0_208 .array/port v0x8f6535ea0, 208;
v0x8f6535ea0_209 .array/port v0x8f6535ea0, 209;
E_0x8f7523a00/52 .event anyedge, v0x8f6535ea0_206, v0x8f6535ea0_207, v0x8f6535ea0_208, v0x8f6535ea0_209;
v0x8f6535ea0_210 .array/port v0x8f6535ea0, 210;
v0x8f6535ea0_211 .array/port v0x8f6535ea0, 211;
v0x8f6535ea0_212 .array/port v0x8f6535ea0, 212;
v0x8f6535ea0_213 .array/port v0x8f6535ea0, 213;
E_0x8f7523a00/53 .event anyedge, v0x8f6535ea0_210, v0x8f6535ea0_211, v0x8f6535ea0_212, v0x8f6535ea0_213;
v0x8f6535ea0_214 .array/port v0x8f6535ea0, 214;
v0x8f6535ea0_215 .array/port v0x8f6535ea0, 215;
v0x8f6535ea0_216 .array/port v0x8f6535ea0, 216;
v0x8f6535ea0_217 .array/port v0x8f6535ea0, 217;
E_0x8f7523a00/54 .event anyedge, v0x8f6535ea0_214, v0x8f6535ea0_215, v0x8f6535ea0_216, v0x8f6535ea0_217;
v0x8f6535ea0_218 .array/port v0x8f6535ea0, 218;
v0x8f6535ea0_219 .array/port v0x8f6535ea0, 219;
v0x8f6535ea0_220 .array/port v0x8f6535ea0, 220;
v0x8f6535ea0_221 .array/port v0x8f6535ea0, 221;
E_0x8f7523a00/55 .event anyedge, v0x8f6535ea0_218, v0x8f6535ea0_219, v0x8f6535ea0_220, v0x8f6535ea0_221;
v0x8f6535ea0_222 .array/port v0x8f6535ea0, 222;
v0x8f6535ea0_223 .array/port v0x8f6535ea0, 223;
v0x8f6535ea0_224 .array/port v0x8f6535ea0, 224;
v0x8f6535ea0_225 .array/port v0x8f6535ea0, 225;
E_0x8f7523a00/56 .event anyedge, v0x8f6535ea0_222, v0x8f6535ea0_223, v0x8f6535ea0_224, v0x8f6535ea0_225;
v0x8f6535ea0_226 .array/port v0x8f6535ea0, 226;
v0x8f6535ea0_227 .array/port v0x8f6535ea0, 227;
v0x8f6535ea0_228 .array/port v0x8f6535ea0, 228;
v0x8f6535ea0_229 .array/port v0x8f6535ea0, 229;
E_0x8f7523a00/57 .event anyedge, v0x8f6535ea0_226, v0x8f6535ea0_227, v0x8f6535ea0_228, v0x8f6535ea0_229;
v0x8f6535ea0_230 .array/port v0x8f6535ea0, 230;
v0x8f6535ea0_231 .array/port v0x8f6535ea0, 231;
v0x8f6535ea0_232 .array/port v0x8f6535ea0, 232;
v0x8f6535ea0_233 .array/port v0x8f6535ea0, 233;
E_0x8f7523a00/58 .event anyedge, v0x8f6535ea0_230, v0x8f6535ea0_231, v0x8f6535ea0_232, v0x8f6535ea0_233;
v0x8f6535ea0_234 .array/port v0x8f6535ea0, 234;
v0x8f6535ea0_235 .array/port v0x8f6535ea0, 235;
v0x8f6535ea0_236 .array/port v0x8f6535ea0, 236;
v0x8f6535ea0_237 .array/port v0x8f6535ea0, 237;
E_0x8f7523a00/59 .event anyedge, v0x8f6535ea0_234, v0x8f6535ea0_235, v0x8f6535ea0_236, v0x8f6535ea0_237;
v0x8f6535ea0_238 .array/port v0x8f6535ea0, 238;
v0x8f6535ea0_239 .array/port v0x8f6535ea0, 239;
v0x8f6535ea0_240 .array/port v0x8f6535ea0, 240;
v0x8f6535ea0_241 .array/port v0x8f6535ea0, 241;
E_0x8f7523a00/60 .event anyedge, v0x8f6535ea0_238, v0x8f6535ea0_239, v0x8f6535ea0_240, v0x8f6535ea0_241;
v0x8f6535ea0_242 .array/port v0x8f6535ea0, 242;
v0x8f6535ea0_243 .array/port v0x8f6535ea0, 243;
v0x8f6535ea0_244 .array/port v0x8f6535ea0, 244;
v0x8f6535ea0_245 .array/port v0x8f6535ea0, 245;
E_0x8f7523a00/61 .event anyedge, v0x8f6535ea0_242, v0x8f6535ea0_243, v0x8f6535ea0_244, v0x8f6535ea0_245;
v0x8f6535ea0_246 .array/port v0x8f6535ea0, 246;
v0x8f6535ea0_247 .array/port v0x8f6535ea0, 247;
v0x8f6535ea0_248 .array/port v0x8f6535ea0, 248;
v0x8f6535ea0_249 .array/port v0x8f6535ea0, 249;
E_0x8f7523a00/62 .event anyedge, v0x8f6535ea0_246, v0x8f6535ea0_247, v0x8f6535ea0_248, v0x8f6535ea0_249;
v0x8f6535ea0_250 .array/port v0x8f6535ea0, 250;
v0x8f6535ea0_251 .array/port v0x8f6535ea0, 251;
v0x8f6535ea0_252 .array/port v0x8f6535ea0, 252;
v0x8f6535ea0_253 .array/port v0x8f6535ea0, 253;
E_0x8f7523a00/63 .event anyedge, v0x8f6535ea0_250, v0x8f6535ea0_251, v0x8f6535ea0_252, v0x8f6535ea0_253;
v0x8f6535ea0_254 .array/port v0x8f6535ea0, 254;
v0x8f6535ea0_255 .array/port v0x8f6535ea0, 255;
v0x8f6535ea0_256 .array/port v0x8f6535ea0, 256;
v0x8f6535ea0_257 .array/port v0x8f6535ea0, 257;
E_0x8f7523a00/64 .event anyedge, v0x8f6535ea0_254, v0x8f6535ea0_255, v0x8f6535ea0_256, v0x8f6535ea0_257;
v0x8f6535ea0_258 .array/port v0x8f6535ea0, 258;
v0x8f6535ea0_259 .array/port v0x8f6535ea0, 259;
v0x8f6535ea0_260 .array/port v0x8f6535ea0, 260;
v0x8f6535ea0_261 .array/port v0x8f6535ea0, 261;
E_0x8f7523a00/65 .event anyedge, v0x8f6535ea0_258, v0x8f6535ea0_259, v0x8f6535ea0_260, v0x8f6535ea0_261;
v0x8f6535ea0_262 .array/port v0x8f6535ea0, 262;
v0x8f6535ea0_263 .array/port v0x8f6535ea0, 263;
v0x8f6535ea0_264 .array/port v0x8f6535ea0, 264;
v0x8f6535ea0_265 .array/port v0x8f6535ea0, 265;
E_0x8f7523a00/66 .event anyedge, v0x8f6535ea0_262, v0x8f6535ea0_263, v0x8f6535ea0_264, v0x8f6535ea0_265;
v0x8f6535ea0_266 .array/port v0x8f6535ea0, 266;
v0x8f6535ea0_267 .array/port v0x8f6535ea0, 267;
v0x8f6535ea0_268 .array/port v0x8f6535ea0, 268;
v0x8f6535ea0_269 .array/port v0x8f6535ea0, 269;
E_0x8f7523a00/67 .event anyedge, v0x8f6535ea0_266, v0x8f6535ea0_267, v0x8f6535ea0_268, v0x8f6535ea0_269;
v0x8f6535ea0_270 .array/port v0x8f6535ea0, 270;
v0x8f6535ea0_271 .array/port v0x8f6535ea0, 271;
v0x8f6535ea0_272 .array/port v0x8f6535ea0, 272;
v0x8f6535ea0_273 .array/port v0x8f6535ea0, 273;
E_0x8f7523a00/68 .event anyedge, v0x8f6535ea0_270, v0x8f6535ea0_271, v0x8f6535ea0_272, v0x8f6535ea0_273;
v0x8f6535ea0_274 .array/port v0x8f6535ea0, 274;
v0x8f6535ea0_275 .array/port v0x8f6535ea0, 275;
v0x8f6535ea0_276 .array/port v0x8f6535ea0, 276;
v0x8f6535ea0_277 .array/port v0x8f6535ea0, 277;
E_0x8f7523a00/69 .event anyedge, v0x8f6535ea0_274, v0x8f6535ea0_275, v0x8f6535ea0_276, v0x8f6535ea0_277;
v0x8f6535ea0_278 .array/port v0x8f6535ea0, 278;
v0x8f6535ea0_279 .array/port v0x8f6535ea0, 279;
v0x8f6535ea0_280 .array/port v0x8f6535ea0, 280;
v0x8f6535ea0_281 .array/port v0x8f6535ea0, 281;
E_0x8f7523a00/70 .event anyedge, v0x8f6535ea0_278, v0x8f6535ea0_279, v0x8f6535ea0_280, v0x8f6535ea0_281;
v0x8f6535ea0_282 .array/port v0x8f6535ea0, 282;
v0x8f6535ea0_283 .array/port v0x8f6535ea0, 283;
v0x8f6535ea0_284 .array/port v0x8f6535ea0, 284;
v0x8f6535ea0_285 .array/port v0x8f6535ea0, 285;
E_0x8f7523a00/71 .event anyedge, v0x8f6535ea0_282, v0x8f6535ea0_283, v0x8f6535ea0_284, v0x8f6535ea0_285;
v0x8f6535ea0_286 .array/port v0x8f6535ea0, 286;
v0x8f6535ea0_287 .array/port v0x8f6535ea0, 287;
v0x8f6535ea0_288 .array/port v0x8f6535ea0, 288;
v0x8f6535ea0_289 .array/port v0x8f6535ea0, 289;
E_0x8f7523a00/72 .event anyedge, v0x8f6535ea0_286, v0x8f6535ea0_287, v0x8f6535ea0_288, v0x8f6535ea0_289;
v0x8f6535ea0_290 .array/port v0x8f6535ea0, 290;
v0x8f6535ea0_291 .array/port v0x8f6535ea0, 291;
v0x8f6535ea0_292 .array/port v0x8f6535ea0, 292;
v0x8f6535ea0_293 .array/port v0x8f6535ea0, 293;
E_0x8f7523a00/73 .event anyedge, v0x8f6535ea0_290, v0x8f6535ea0_291, v0x8f6535ea0_292, v0x8f6535ea0_293;
v0x8f6535ea0_294 .array/port v0x8f6535ea0, 294;
v0x8f6535ea0_295 .array/port v0x8f6535ea0, 295;
v0x8f6535ea0_296 .array/port v0x8f6535ea0, 296;
v0x8f6535ea0_297 .array/port v0x8f6535ea0, 297;
E_0x8f7523a00/74 .event anyedge, v0x8f6535ea0_294, v0x8f6535ea0_295, v0x8f6535ea0_296, v0x8f6535ea0_297;
v0x8f6535ea0_298 .array/port v0x8f6535ea0, 298;
v0x8f6535ea0_299 .array/port v0x8f6535ea0, 299;
v0x8f6535ea0_300 .array/port v0x8f6535ea0, 300;
v0x8f6535ea0_301 .array/port v0x8f6535ea0, 301;
E_0x8f7523a00/75 .event anyedge, v0x8f6535ea0_298, v0x8f6535ea0_299, v0x8f6535ea0_300, v0x8f6535ea0_301;
v0x8f6535ea0_302 .array/port v0x8f6535ea0, 302;
v0x8f6535ea0_303 .array/port v0x8f6535ea0, 303;
v0x8f6535ea0_304 .array/port v0x8f6535ea0, 304;
v0x8f6535ea0_305 .array/port v0x8f6535ea0, 305;
E_0x8f7523a00/76 .event anyedge, v0x8f6535ea0_302, v0x8f6535ea0_303, v0x8f6535ea0_304, v0x8f6535ea0_305;
v0x8f6535ea0_306 .array/port v0x8f6535ea0, 306;
v0x8f6535ea0_307 .array/port v0x8f6535ea0, 307;
v0x8f6535ea0_308 .array/port v0x8f6535ea0, 308;
v0x8f6535ea0_309 .array/port v0x8f6535ea0, 309;
E_0x8f7523a00/77 .event anyedge, v0x8f6535ea0_306, v0x8f6535ea0_307, v0x8f6535ea0_308, v0x8f6535ea0_309;
v0x8f6535ea0_310 .array/port v0x8f6535ea0, 310;
v0x8f6535ea0_311 .array/port v0x8f6535ea0, 311;
v0x8f6535ea0_312 .array/port v0x8f6535ea0, 312;
v0x8f6535ea0_313 .array/port v0x8f6535ea0, 313;
E_0x8f7523a00/78 .event anyedge, v0x8f6535ea0_310, v0x8f6535ea0_311, v0x8f6535ea0_312, v0x8f6535ea0_313;
v0x8f6535ea0_314 .array/port v0x8f6535ea0, 314;
v0x8f6535ea0_315 .array/port v0x8f6535ea0, 315;
v0x8f6535ea0_316 .array/port v0x8f6535ea0, 316;
v0x8f6535ea0_317 .array/port v0x8f6535ea0, 317;
E_0x8f7523a00/79 .event anyedge, v0x8f6535ea0_314, v0x8f6535ea0_315, v0x8f6535ea0_316, v0x8f6535ea0_317;
v0x8f6535ea0_318 .array/port v0x8f6535ea0, 318;
v0x8f6535ea0_319 .array/port v0x8f6535ea0, 319;
v0x8f6535ea0_320 .array/port v0x8f6535ea0, 320;
v0x8f6535ea0_321 .array/port v0x8f6535ea0, 321;
E_0x8f7523a00/80 .event anyedge, v0x8f6535ea0_318, v0x8f6535ea0_319, v0x8f6535ea0_320, v0x8f6535ea0_321;
v0x8f6535ea0_322 .array/port v0x8f6535ea0, 322;
v0x8f6535ea0_323 .array/port v0x8f6535ea0, 323;
v0x8f6535ea0_324 .array/port v0x8f6535ea0, 324;
v0x8f6535ea0_325 .array/port v0x8f6535ea0, 325;
E_0x8f7523a00/81 .event anyedge, v0x8f6535ea0_322, v0x8f6535ea0_323, v0x8f6535ea0_324, v0x8f6535ea0_325;
v0x8f6535ea0_326 .array/port v0x8f6535ea0, 326;
v0x8f6535ea0_327 .array/port v0x8f6535ea0, 327;
v0x8f6535ea0_328 .array/port v0x8f6535ea0, 328;
v0x8f6535ea0_329 .array/port v0x8f6535ea0, 329;
E_0x8f7523a00/82 .event anyedge, v0x8f6535ea0_326, v0x8f6535ea0_327, v0x8f6535ea0_328, v0x8f6535ea0_329;
v0x8f6535ea0_330 .array/port v0x8f6535ea0, 330;
v0x8f6535ea0_331 .array/port v0x8f6535ea0, 331;
v0x8f6535ea0_332 .array/port v0x8f6535ea0, 332;
v0x8f6535ea0_333 .array/port v0x8f6535ea0, 333;
E_0x8f7523a00/83 .event anyedge, v0x8f6535ea0_330, v0x8f6535ea0_331, v0x8f6535ea0_332, v0x8f6535ea0_333;
v0x8f6535ea0_334 .array/port v0x8f6535ea0, 334;
v0x8f6535ea0_335 .array/port v0x8f6535ea0, 335;
v0x8f6535ea0_336 .array/port v0x8f6535ea0, 336;
v0x8f6535ea0_337 .array/port v0x8f6535ea0, 337;
E_0x8f7523a00/84 .event anyedge, v0x8f6535ea0_334, v0x8f6535ea0_335, v0x8f6535ea0_336, v0x8f6535ea0_337;
v0x8f6535ea0_338 .array/port v0x8f6535ea0, 338;
v0x8f6535ea0_339 .array/port v0x8f6535ea0, 339;
v0x8f6535ea0_340 .array/port v0x8f6535ea0, 340;
v0x8f6535ea0_341 .array/port v0x8f6535ea0, 341;
E_0x8f7523a00/85 .event anyedge, v0x8f6535ea0_338, v0x8f6535ea0_339, v0x8f6535ea0_340, v0x8f6535ea0_341;
v0x8f6535ea0_342 .array/port v0x8f6535ea0, 342;
v0x8f6535ea0_343 .array/port v0x8f6535ea0, 343;
v0x8f6535ea0_344 .array/port v0x8f6535ea0, 344;
v0x8f6535ea0_345 .array/port v0x8f6535ea0, 345;
E_0x8f7523a00/86 .event anyedge, v0x8f6535ea0_342, v0x8f6535ea0_343, v0x8f6535ea0_344, v0x8f6535ea0_345;
v0x8f6535ea0_346 .array/port v0x8f6535ea0, 346;
v0x8f6535ea0_347 .array/port v0x8f6535ea0, 347;
v0x8f6535ea0_348 .array/port v0x8f6535ea0, 348;
v0x8f6535ea0_349 .array/port v0x8f6535ea0, 349;
E_0x8f7523a00/87 .event anyedge, v0x8f6535ea0_346, v0x8f6535ea0_347, v0x8f6535ea0_348, v0x8f6535ea0_349;
v0x8f6535ea0_350 .array/port v0x8f6535ea0, 350;
v0x8f6535ea0_351 .array/port v0x8f6535ea0, 351;
v0x8f6535ea0_352 .array/port v0x8f6535ea0, 352;
v0x8f6535ea0_353 .array/port v0x8f6535ea0, 353;
E_0x8f7523a00/88 .event anyedge, v0x8f6535ea0_350, v0x8f6535ea0_351, v0x8f6535ea0_352, v0x8f6535ea0_353;
v0x8f6535ea0_354 .array/port v0x8f6535ea0, 354;
v0x8f6535ea0_355 .array/port v0x8f6535ea0, 355;
v0x8f6535ea0_356 .array/port v0x8f6535ea0, 356;
v0x8f6535ea0_357 .array/port v0x8f6535ea0, 357;
E_0x8f7523a00/89 .event anyedge, v0x8f6535ea0_354, v0x8f6535ea0_355, v0x8f6535ea0_356, v0x8f6535ea0_357;
v0x8f6535ea0_358 .array/port v0x8f6535ea0, 358;
v0x8f6535ea0_359 .array/port v0x8f6535ea0, 359;
v0x8f6535ea0_360 .array/port v0x8f6535ea0, 360;
v0x8f6535ea0_361 .array/port v0x8f6535ea0, 361;
E_0x8f7523a00/90 .event anyedge, v0x8f6535ea0_358, v0x8f6535ea0_359, v0x8f6535ea0_360, v0x8f6535ea0_361;
v0x8f6535ea0_362 .array/port v0x8f6535ea0, 362;
v0x8f6535ea0_363 .array/port v0x8f6535ea0, 363;
v0x8f6535ea0_364 .array/port v0x8f6535ea0, 364;
v0x8f6535ea0_365 .array/port v0x8f6535ea0, 365;
E_0x8f7523a00/91 .event anyedge, v0x8f6535ea0_362, v0x8f6535ea0_363, v0x8f6535ea0_364, v0x8f6535ea0_365;
v0x8f6535ea0_366 .array/port v0x8f6535ea0, 366;
v0x8f6535ea0_367 .array/port v0x8f6535ea0, 367;
v0x8f6535ea0_368 .array/port v0x8f6535ea0, 368;
v0x8f6535ea0_369 .array/port v0x8f6535ea0, 369;
E_0x8f7523a00/92 .event anyedge, v0x8f6535ea0_366, v0x8f6535ea0_367, v0x8f6535ea0_368, v0x8f6535ea0_369;
v0x8f6535ea0_370 .array/port v0x8f6535ea0, 370;
v0x8f6535ea0_371 .array/port v0x8f6535ea0, 371;
v0x8f6535ea0_372 .array/port v0x8f6535ea0, 372;
v0x8f6535ea0_373 .array/port v0x8f6535ea0, 373;
E_0x8f7523a00/93 .event anyedge, v0x8f6535ea0_370, v0x8f6535ea0_371, v0x8f6535ea0_372, v0x8f6535ea0_373;
v0x8f6535ea0_374 .array/port v0x8f6535ea0, 374;
v0x8f6535ea0_375 .array/port v0x8f6535ea0, 375;
v0x8f6535ea0_376 .array/port v0x8f6535ea0, 376;
v0x8f6535ea0_377 .array/port v0x8f6535ea0, 377;
E_0x8f7523a00/94 .event anyedge, v0x8f6535ea0_374, v0x8f6535ea0_375, v0x8f6535ea0_376, v0x8f6535ea0_377;
v0x8f6535ea0_378 .array/port v0x8f6535ea0, 378;
v0x8f6535ea0_379 .array/port v0x8f6535ea0, 379;
v0x8f6535ea0_380 .array/port v0x8f6535ea0, 380;
v0x8f6535ea0_381 .array/port v0x8f6535ea0, 381;
E_0x8f7523a00/95 .event anyedge, v0x8f6535ea0_378, v0x8f6535ea0_379, v0x8f6535ea0_380, v0x8f6535ea0_381;
v0x8f6535ea0_382 .array/port v0x8f6535ea0, 382;
v0x8f6535ea0_383 .array/port v0x8f6535ea0, 383;
v0x8f6535ea0_384 .array/port v0x8f6535ea0, 384;
v0x8f6535ea0_385 .array/port v0x8f6535ea0, 385;
E_0x8f7523a00/96 .event anyedge, v0x8f6535ea0_382, v0x8f6535ea0_383, v0x8f6535ea0_384, v0x8f6535ea0_385;
v0x8f6535ea0_386 .array/port v0x8f6535ea0, 386;
v0x8f6535ea0_387 .array/port v0x8f6535ea0, 387;
v0x8f6535ea0_388 .array/port v0x8f6535ea0, 388;
v0x8f6535ea0_389 .array/port v0x8f6535ea0, 389;
E_0x8f7523a00/97 .event anyedge, v0x8f6535ea0_386, v0x8f6535ea0_387, v0x8f6535ea0_388, v0x8f6535ea0_389;
v0x8f6535ea0_390 .array/port v0x8f6535ea0, 390;
v0x8f6535ea0_391 .array/port v0x8f6535ea0, 391;
v0x8f6535ea0_392 .array/port v0x8f6535ea0, 392;
v0x8f6535ea0_393 .array/port v0x8f6535ea0, 393;
E_0x8f7523a00/98 .event anyedge, v0x8f6535ea0_390, v0x8f6535ea0_391, v0x8f6535ea0_392, v0x8f6535ea0_393;
v0x8f6535ea0_394 .array/port v0x8f6535ea0, 394;
v0x8f6535ea0_395 .array/port v0x8f6535ea0, 395;
v0x8f6535ea0_396 .array/port v0x8f6535ea0, 396;
v0x8f6535ea0_397 .array/port v0x8f6535ea0, 397;
E_0x8f7523a00/99 .event anyedge, v0x8f6535ea0_394, v0x8f6535ea0_395, v0x8f6535ea0_396, v0x8f6535ea0_397;
v0x8f6535ea0_398 .array/port v0x8f6535ea0, 398;
v0x8f6535ea0_399 .array/port v0x8f6535ea0, 399;
v0x8f6535ea0_400 .array/port v0x8f6535ea0, 400;
v0x8f6535ea0_401 .array/port v0x8f6535ea0, 401;
E_0x8f7523a00/100 .event anyedge, v0x8f6535ea0_398, v0x8f6535ea0_399, v0x8f6535ea0_400, v0x8f6535ea0_401;
v0x8f6535ea0_402 .array/port v0x8f6535ea0, 402;
v0x8f6535ea0_403 .array/port v0x8f6535ea0, 403;
v0x8f6535ea0_404 .array/port v0x8f6535ea0, 404;
v0x8f6535ea0_405 .array/port v0x8f6535ea0, 405;
E_0x8f7523a00/101 .event anyedge, v0x8f6535ea0_402, v0x8f6535ea0_403, v0x8f6535ea0_404, v0x8f6535ea0_405;
v0x8f6535ea0_406 .array/port v0x8f6535ea0, 406;
v0x8f6535ea0_407 .array/port v0x8f6535ea0, 407;
v0x8f6535ea0_408 .array/port v0x8f6535ea0, 408;
v0x8f6535ea0_409 .array/port v0x8f6535ea0, 409;
E_0x8f7523a00/102 .event anyedge, v0x8f6535ea0_406, v0x8f6535ea0_407, v0x8f6535ea0_408, v0x8f6535ea0_409;
v0x8f6535ea0_410 .array/port v0x8f6535ea0, 410;
v0x8f6535ea0_411 .array/port v0x8f6535ea0, 411;
v0x8f6535ea0_412 .array/port v0x8f6535ea0, 412;
v0x8f6535ea0_413 .array/port v0x8f6535ea0, 413;
E_0x8f7523a00/103 .event anyedge, v0x8f6535ea0_410, v0x8f6535ea0_411, v0x8f6535ea0_412, v0x8f6535ea0_413;
v0x8f6535ea0_414 .array/port v0x8f6535ea0, 414;
v0x8f6535ea0_415 .array/port v0x8f6535ea0, 415;
v0x8f6535ea0_416 .array/port v0x8f6535ea0, 416;
v0x8f6535ea0_417 .array/port v0x8f6535ea0, 417;
E_0x8f7523a00/104 .event anyedge, v0x8f6535ea0_414, v0x8f6535ea0_415, v0x8f6535ea0_416, v0x8f6535ea0_417;
v0x8f6535ea0_418 .array/port v0x8f6535ea0, 418;
v0x8f6535ea0_419 .array/port v0x8f6535ea0, 419;
v0x8f6535ea0_420 .array/port v0x8f6535ea0, 420;
v0x8f6535ea0_421 .array/port v0x8f6535ea0, 421;
E_0x8f7523a00/105 .event anyedge, v0x8f6535ea0_418, v0x8f6535ea0_419, v0x8f6535ea0_420, v0x8f6535ea0_421;
v0x8f6535ea0_422 .array/port v0x8f6535ea0, 422;
v0x8f6535ea0_423 .array/port v0x8f6535ea0, 423;
v0x8f6535ea0_424 .array/port v0x8f6535ea0, 424;
v0x8f6535ea0_425 .array/port v0x8f6535ea0, 425;
E_0x8f7523a00/106 .event anyedge, v0x8f6535ea0_422, v0x8f6535ea0_423, v0x8f6535ea0_424, v0x8f6535ea0_425;
v0x8f6535ea0_426 .array/port v0x8f6535ea0, 426;
v0x8f6535ea0_427 .array/port v0x8f6535ea0, 427;
v0x8f6535ea0_428 .array/port v0x8f6535ea0, 428;
v0x8f6535ea0_429 .array/port v0x8f6535ea0, 429;
E_0x8f7523a00/107 .event anyedge, v0x8f6535ea0_426, v0x8f6535ea0_427, v0x8f6535ea0_428, v0x8f6535ea0_429;
v0x8f6535ea0_430 .array/port v0x8f6535ea0, 430;
v0x8f6535ea0_431 .array/port v0x8f6535ea0, 431;
v0x8f6535ea0_432 .array/port v0x8f6535ea0, 432;
v0x8f6535ea0_433 .array/port v0x8f6535ea0, 433;
E_0x8f7523a00/108 .event anyedge, v0x8f6535ea0_430, v0x8f6535ea0_431, v0x8f6535ea0_432, v0x8f6535ea0_433;
v0x8f6535ea0_434 .array/port v0x8f6535ea0, 434;
v0x8f6535ea0_435 .array/port v0x8f6535ea0, 435;
v0x8f6535ea0_436 .array/port v0x8f6535ea0, 436;
v0x8f6535ea0_437 .array/port v0x8f6535ea0, 437;
E_0x8f7523a00/109 .event anyedge, v0x8f6535ea0_434, v0x8f6535ea0_435, v0x8f6535ea0_436, v0x8f6535ea0_437;
v0x8f6535ea0_438 .array/port v0x8f6535ea0, 438;
v0x8f6535ea0_439 .array/port v0x8f6535ea0, 439;
v0x8f6535ea0_440 .array/port v0x8f6535ea0, 440;
v0x8f6535ea0_441 .array/port v0x8f6535ea0, 441;
E_0x8f7523a00/110 .event anyedge, v0x8f6535ea0_438, v0x8f6535ea0_439, v0x8f6535ea0_440, v0x8f6535ea0_441;
v0x8f6535ea0_442 .array/port v0x8f6535ea0, 442;
v0x8f6535ea0_443 .array/port v0x8f6535ea0, 443;
v0x8f6535ea0_444 .array/port v0x8f6535ea0, 444;
v0x8f6535ea0_445 .array/port v0x8f6535ea0, 445;
E_0x8f7523a00/111 .event anyedge, v0x8f6535ea0_442, v0x8f6535ea0_443, v0x8f6535ea0_444, v0x8f6535ea0_445;
v0x8f6535ea0_446 .array/port v0x8f6535ea0, 446;
v0x8f6535ea0_447 .array/port v0x8f6535ea0, 447;
v0x8f6535ea0_448 .array/port v0x8f6535ea0, 448;
v0x8f6535ea0_449 .array/port v0x8f6535ea0, 449;
E_0x8f7523a00/112 .event anyedge, v0x8f6535ea0_446, v0x8f6535ea0_447, v0x8f6535ea0_448, v0x8f6535ea0_449;
v0x8f6535ea0_450 .array/port v0x8f6535ea0, 450;
v0x8f6535ea0_451 .array/port v0x8f6535ea0, 451;
v0x8f6535ea0_452 .array/port v0x8f6535ea0, 452;
v0x8f6535ea0_453 .array/port v0x8f6535ea0, 453;
E_0x8f7523a00/113 .event anyedge, v0x8f6535ea0_450, v0x8f6535ea0_451, v0x8f6535ea0_452, v0x8f6535ea0_453;
v0x8f6535ea0_454 .array/port v0x8f6535ea0, 454;
v0x8f6535ea0_455 .array/port v0x8f6535ea0, 455;
v0x8f6535ea0_456 .array/port v0x8f6535ea0, 456;
v0x8f6535ea0_457 .array/port v0x8f6535ea0, 457;
E_0x8f7523a00/114 .event anyedge, v0x8f6535ea0_454, v0x8f6535ea0_455, v0x8f6535ea0_456, v0x8f6535ea0_457;
v0x8f6535ea0_458 .array/port v0x8f6535ea0, 458;
v0x8f6535ea0_459 .array/port v0x8f6535ea0, 459;
v0x8f6535ea0_460 .array/port v0x8f6535ea0, 460;
v0x8f6535ea0_461 .array/port v0x8f6535ea0, 461;
E_0x8f7523a00/115 .event anyedge, v0x8f6535ea0_458, v0x8f6535ea0_459, v0x8f6535ea0_460, v0x8f6535ea0_461;
v0x8f6535ea0_462 .array/port v0x8f6535ea0, 462;
v0x8f6535ea0_463 .array/port v0x8f6535ea0, 463;
v0x8f6535ea0_464 .array/port v0x8f6535ea0, 464;
v0x8f6535ea0_465 .array/port v0x8f6535ea0, 465;
E_0x8f7523a00/116 .event anyedge, v0x8f6535ea0_462, v0x8f6535ea0_463, v0x8f6535ea0_464, v0x8f6535ea0_465;
v0x8f6535ea0_466 .array/port v0x8f6535ea0, 466;
v0x8f6535ea0_467 .array/port v0x8f6535ea0, 467;
v0x8f6535ea0_468 .array/port v0x8f6535ea0, 468;
v0x8f6535ea0_469 .array/port v0x8f6535ea0, 469;
E_0x8f7523a00/117 .event anyedge, v0x8f6535ea0_466, v0x8f6535ea0_467, v0x8f6535ea0_468, v0x8f6535ea0_469;
v0x8f6535ea0_470 .array/port v0x8f6535ea0, 470;
v0x8f6535ea0_471 .array/port v0x8f6535ea0, 471;
v0x8f6535ea0_472 .array/port v0x8f6535ea0, 472;
v0x8f6535ea0_473 .array/port v0x8f6535ea0, 473;
E_0x8f7523a00/118 .event anyedge, v0x8f6535ea0_470, v0x8f6535ea0_471, v0x8f6535ea0_472, v0x8f6535ea0_473;
v0x8f6535ea0_474 .array/port v0x8f6535ea0, 474;
v0x8f6535ea0_475 .array/port v0x8f6535ea0, 475;
v0x8f6535ea0_476 .array/port v0x8f6535ea0, 476;
v0x8f6535ea0_477 .array/port v0x8f6535ea0, 477;
E_0x8f7523a00/119 .event anyedge, v0x8f6535ea0_474, v0x8f6535ea0_475, v0x8f6535ea0_476, v0x8f6535ea0_477;
v0x8f6535ea0_478 .array/port v0x8f6535ea0, 478;
v0x8f6535ea0_479 .array/port v0x8f6535ea0, 479;
v0x8f6535ea0_480 .array/port v0x8f6535ea0, 480;
v0x8f6535ea0_481 .array/port v0x8f6535ea0, 481;
E_0x8f7523a00/120 .event anyedge, v0x8f6535ea0_478, v0x8f6535ea0_479, v0x8f6535ea0_480, v0x8f6535ea0_481;
v0x8f6535ea0_482 .array/port v0x8f6535ea0, 482;
v0x8f6535ea0_483 .array/port v0x8f6535ea0, 483;
v0x8f6535ea0_484 .array/port v0x8f6535ea0, 484;
v0x8f6535ea0_485 .array/port v0x8f6535ea0, 485;
E_0x8f7523a00/121 .event anyedge, v0x8f6535ea0_482, v0x8f6535ea0_483, v0x8f6535ea0_484, v0x8f6535ea0_485;
v0x8f6535ea0_486 .array/port v0x8f6535ea0, 486;
v0x8f6535ea0_487 .array/port v0x8f6535ea0, 487;
v0x8f6535ea0_488 .array/port v0x8f6535ea0, 488;
v0x8f6535ea0_489 .array/port v0x8f6535ea0, 489;
E_0x8f7523a00/122 .event anyedge, v0x8f6535ea0_486, v0x8f6535ea0_487, v0x8f6535ea0_488, v0x8f6535ea0_489;
v0x8f6535ea0_490 .array/port v0x8f6535ea0, 490;
v0x8f6535ea0_491 .array/port v0x8f6535ea0, 491;
v0x8f6535ea0_492 .array/port v0x8f6535ea0, 492;
v0x8f6535ea0_493 .array/port v0x8f6535ea0, 493;
E_0x8f7523a00/123 .event anyedge, v0x8f6535ea0_490, v0x8f6535ea0_491, v0x8f6535ea0_492, v0x8f6535ea0_493;
v0x8f6535ea0_494 .array/port v0x8f6535ea0, 494;
v0x8f6535ea0_495 .array/port v0x8f6535ea0, 495;
v0x8f6535ea0_496 .array/port v0x8f6535ea0, 496;
v0x8f6535ea0_497 .array/port v0x8f6535ea0, 497;
E_0x8f7523a00/124 .event anyedge, v0x8f6535ea0_494, v0x8f6535ea0_495, v0x8f6535ea0_496, v0x8f6535ea0_497;
v0x8f6535ea0_498 .array/port v0x8f6535ea0, 498;
v0x8f6535ea0_499 .array/port v0x8f6535ea0, 499;
v0x8f6535ea0_500 .array/port v0x8f6535ea0, 500;
v0x8f6535ea0_501 .array/port v0x8f6535ea0, 501;
E_0x8f7523a00/125 .event anyedge, v0x8f6535ea0_498, v0x8f6535ea0_499, v0x8f6535ea0_500, v0x8f6535ea0_501;
v0x8f6535ea0_502 .array/port v0x8f6535ea0, 502;
v0x8f6535ea0_503 .array/port v0x8f6535ea0, 503;
v0x8f6535ea0_504 .array/port v0x8f6535ea0, 504;
v0x8f6535ea0_505 .array/port v0x8f6535ea0, 505;
E_0x8f7523a00/126 .event anyedge, v0x8f6535ea0_502, v0x8f6535ea0_503, v0x8f6535ea0_504, v0x8f6535ea0_505;
v0x8f6535ea0_506 .array/port v0x8f6535ea0, 506;
v0x8f6535ea0_507 .array/port v0x8f6535ea0, 507;
v0x8f6535ea0_508 .array/port v0x8f6535ea0, 508;
v0x8f6535ea0_509 .array/port v0x8f6535ea0, 509;
E_0x8f7523a00/127 .event anyedge, v0x8f6535ea0_506, v0x8f6535ea0_507, v0x8f6535ea0_508, v0x8f6535ea0_509;
v0x8f6535ea0_510 .array/port v0x8f6535ea0, 510;
v0x8f6535ea0_511 .array/port v0x8f6535ea0, 511;
E_0x8f7523a00/128 .event anyedge, v0x8f6535ea0_510, v0x8f6535ea0_511;
E_0x8f7523a00 .event/or E_0x8f7523a00/0, E_0x8f7523a00/1, E_0x8f7523a00/2, E_0x8f7523a00/3, E_0x8f7523a00/4, E_0x8f7523a00/5, E_0x8f7523a00/6, E_0x8f7523a00/7, E_0x8f7523a00/8, E_0x8f7523a00/9, E_0x8f7523a00/10, E_0x8f7523a00/11, E_0x8f7523a00/12, E_0x8f7523a00/13, E_0x8f7523a00/14, E_0x8f7523a00/15, E_0x8f7523a00/16, E_0x8f7523a00/17, E_0x8f7523a00/18, E_0x8f7523a00/19, E_0x8f7523a00/20, E_0x8f7523a00/21, E_0x8f7523a00/22, E_0x8f7523a00/23, E_0x8f7523a00/24, E_0x8f7523a00/25, E_0x8f7523a00/26, E_0x8f7523a00/27, E_0x8f7523a00/28, E_0x8f7523a00/29, E_0x8f7523a00/30, E_0x8f7523a00/31, E_0x8f7523a00/32, E_0x8f7523a00/33, E_0x8f7523a00/34, E_0x8f7523a00/35, E_0x8f7523a00/36, E_0x8f7523a00/37, E_0x8f7523a00/38, E_0x8f7523a00/39, E_0x8f7523a00/40, E_0x8f7523a00/41, E_0x8f7523a00/42, E_0x8f7523a00/43, E_0x8f7523a00/44, E_0x8f7523a00/45, E_0x8f7523a00/46, E_0x8f7523a00/47, E_0x8f7523a00/48, E_0x8f7523a00/49, E_0x8f7523a00/50, E_0x8f7523a00/51, E_0x8f7523a00/52, E_0x8f7523a00/53, E_0x8f7523a00/54, E_0x8f7523a00/55, E_0x8f7523a00/56, E_0x8f7523a00/57, E_0x8f7523a00/58, E_0x8f7523a00/59, E_0x8f7523a00/60, E_0x8f7523a00/61, E_0x8f7523a00/62, E_0x8f7523a00/63, E_0x8f7523a00/64, E_0x8f7523a00/65, E_0x8f7523a00/66, E_0x8f7523a00/67, E_0x8f7523a00/68, E_0x8f7523a00/69, E_0x8f7523a00/70, E_0x8f7523a00/71, E_0x8f7523a00/72, E_0x8f7523a00/73, E_0x8f7523a00/74, E_0x8f7523a00/75, E_0x8f7523a00/76, E_0x8f7523a00/77, E_0x8f7523a00/78, E_0x8f7523a00/79, E_0x8f7523a00/80, E_0x8f7523a00/81, E_0x8f7523a00/82, E_0x8f7523a00/83, E_0x8f7523a00/84, E_0x8f7523a00/85, E_0x8f7523a00/86, E_0x8f7523a00/87, E_0x8f7523a00/88, E_0x8f7523a00/89, E_0x8f7523a00/90, E_0x8f7523a00/91, E_0x8f7523a00/92, E_0x8f7523a00/93, E_0x8f7523a00/94, E_0x8f7523a00/95, E_0x8f7523a00/96, E_0x8f7523a00/97, E_0x8f7523a00/98, E_0x8f7523a00/99, E_0x8f7523a00/100, E_0x8f7523a00/101, E_0x8f7523a00/102, E_0x8f7523a00/103, E_0x8f7523a00/104, E_0x8f7523a00/105, E_0x8f7523a00/106, E_0x8f7523a00/107, E_0x8f7523a00/108, E_0x8f7523a00/109, E_0x8f7523a00/110, E_0x8f7523a00/111, E_0x8f7523a00/112, E_0x8f7523a00/113, E_0x8f7523a00/114, E_0x8f7523a00/115, E_0x8f7523a00/116, E_0x8f7523a00/117, E_0x8f7523a00/118, E_0x8f7523a00/119, E_0x8f7523a00/120, E_0x8f7523a00/121, E_0x8f7523a00/122, E_0x8f7523a00/123, E_0x8f7523a00/124, E_0x8f7523a00/125, E_0x8f7523a00/126, E_0x8f7523a00/127, E_0x8f7523a00/128;
S_0x8f652ca80 .scope module, "u_regs" "registers" 3 72, 26 1 0, S_0x104da6c30;
 .timescale -9 -11;
    .port_info 0 /INPUT 1 "clk";
    .port_info 1 /INPUT 1 "reset";
    .port_info 2 /INPUT 32 "bus_in";
    .port_info 3 /INPUT 64 "alu_in";
    .port_info 4 /INPUT 16 "r_in";
    .port_info 5 /INPUT 1 "pc_in";
    .port_info 6 /INPUT 1 "ir_in";
    .port_info 7 /INPUT 1 "y_in";
    .port_info 8 /INPUT 1 "mar_in";
    .port_info 9 /INPUT 1 "hi_in";
    .port_info 10 /INPUT 1 "lo_in";
    .port_info 11 /INPUT 1 "zhi_in";
    .port_info 12 /INPUT 1 "zlo_in";
    .port_info 13 /INPUT 1 "ba_out";
    .port_info 14 /OUTPUT 32 "r0";
    .port_info 15 /OUTPUT 32 "r1";
    .port_info 16 /OUTPUT 32 "r2";
    .port_info 17 /OUTPUT 32 "r3";
    .port_info 18 /OUTPUT 32 "r4";
    .port_info 19 /OUTPUT 32 "r5";
    .port_info 20 /OUTPUT 32 "r6";
    .port_info 21 /OUTPUT 32 "r7";
    .port_info 22 /OUTPUT 32 "r8";
    .port_info 23 /OUTPUT 32 "r9";
    .port_info 24 /OUTPUT 32 "r10";
    .port_info 25 /OUTPUT 32 "r11";
    .port_info 26 /OUTPUT 32 "r12";
    .port_info 27 /OUTPUT 32 "r13";
    .port_info 28 /OUTPUT 32 "r14";
    .port_info 29 /OUTPUT 32 "r15";
    .port_info 30 /OUTPUT 32 "pc";
    .port_info 31 /OUTPUT 32 "ir";
    .port_info 32 /OUTPUT 32 "y";
    .port_info 33 /OUTPUT 32 "mar";
    .port_info 34 /OUTPUT 32 "hi";
    .port_info 35 /OUTPUT 32 "lo";
    .port_info 36 /OUTPUT 32 "zhi";
    .port_info 37 /OUTPUT 32 "zlo";
L_0x8f65d0150 .functor BUFZ 32, L_0x8f65ceee0, C4<00000000000000000000000000000000>, C4<00000000000000000000000000000000>, C4<00000000000000000000000000000000>;
L_0x8f65d01c0 .functor BUFZ 32, v0x8f6536260_0, C4<00000000000000000000000000000000>, C4<00000000000000000000000000000000>, C4<00000000000000000000000000000000>;
L_0x8f65d0230 .functor BUFZ 32, v0x8f6536580_0, C4<00000000000000000000000000000000>, C4<00000000000000000000000000000000>, C4<00000000000000000000000000000000>;
L_0x8f65d02a0 .functor BUFZ 32, v0x8f65368a0_0, C4<00000000000000000000000000000000>, C4<00000000000000000000000000000000>, C4<00000000000000000000000000000000>;
L_0x8f65d0310 .functor BUFZ 32, v0x8f6536bc0_0, C4<00000000000000000000000000000000>, C4<00000000000000000000000000000000>, C4<00000000000000000000000000000000>;
L_0x8f65d0380 .functor BUFZ 32, v0x8f6536ee0_0, C4<00000000000000000000000000000000>, C4<00000000000000000000000000000000>, C4<00000000000000000000000000000000>;
L_0x8f65d03f0 .functor BUFZ 32, v0x8f6537200_0, C4<00000000000000000000000000000000>, C4<00000000000000000000000000000000>, C4<00000000000000000000000000000000>;
L_0x8f65d0460 .functor BUFZ 32, v0x8f6537520_0, C4<00000000000000000000000000000000>, C4<00000000000000000000000000000000>, C4<00000000000000000000000000000000>;
L_0x8f65d04d0 .functor BUFZ 32, v0x8f6537840_0, C4<00000000000000000000000000000000>, C4<00000000000000000000000000000000>, C4<00000000000000000000000000000000>;
L_0x8f65d0540 .functor BUFZ 32, v0x8f6537b60_0, C4<00000000000000000000000000000000>, C4<00000000000000000000000000000000>, C4<00000000000000000000000000000000>;
L_0x8f65d05b0 .functor BUFZ 32, v0x8f6537e80_0, C4<00000000000000000000000000000000>, C4<00000000000000000000000000000000>, C4<00000000000000000000000000000000>;
L_0x8f65d0620 .functor BUFZ 32, v0x8f65401e0_0, C4<00000000000000000000000000000000>, C4<00000000000000000000000000000000>, C4<00000000000000000000000000000000>;
L_0x8f65d0690 .functor BUFZ 32, v0x8f6540500_0, C4<00000000000000000000000000000000>, C4<00000000000000000000000000000000>, C4<00000000000000000000000000000000>;
L_0x8f65d0700 .functor BUFZ 32, v0x8f6540820_0, C4<00000000000000000000000000000000>, C4<00000000000000000000000000000000>, C4<00000000000000000000000000000000>;
L_0x8f65d0770 .functor BUFZ 32, v0x8f6540b40_0, C4<00000000000000000000000000000000>, C4<00000000000000000000000000000000>, C4<00000000000000000000000000000000>;
L_0x8f65d07e0 .functor BUFZ 32, v0x8f6540e60_0, C4<00000000000000000000000000000000>, C4<00000000000000000000000000000000>, C4<00000000000000000000000000000000>;
v0x8f6542c60 .array "R", 15 0;
v0x8f6542c60_0 .net v0x8f6542c60 0, 31 0, L_0x8f65ceee0; 1 drivers
v0x8f6542c60_1 .net v0x8f6542c60 1, 31 0, v0x8f6536260_0; 1 drivers
v0x8f6542c60_2 .net v0x8f6542c60 2, 31 0, v0x8f6536580_0; 1 drivers
v0x8f6542c60_3 .net v0x8f6542c60 3, 31 0, v0x8f65368a0_0; 1 drivers
v0x8f6542c60_4 .net v0x8f6542c60 4, 31 0, v0x8f6536bc0_0; 1 drivers
v0x8f6542c60_5 .net v0x8f6542c60 5, 31 0, v0x8f6536ee0_0; 1 drivers
v0x8f6542c60_6 .net v0x8f6542c60 6, 31 0, v0x8f6537200_0; 1 drivers
v0x8f6542c60_7 .net v0x8f6542c60 7, 31 0, v0x8f6537520_0; 1 drivers
v0x8f6542c60_8 .net v0x8f6542c60 8, 31 0, v0x8f6537840_0; 1 drivers
v0x8f6542c60_9 .net v0x8f6542c60 9, 31 0, v0x8f6537b60_0; 1 drivers
v0x8f6542c60_10 .net v0x8f6542c60 10, 31 0, v0x8f6537e80_0; 1 drivers
v0x8f6542c60_11 .net v0x8f6542c60 11, 31 0, v0x8f65401e0_0; 1 drivers
v0x8f6542c60_12 .net v0x8f6542c60 12, 31 0, v0x8f6540500_0; 1 drivers
v0x8f6542c60_13 .net v0x8f6542c60 13, 31 0, v0x8f6540820_0; 1 drivers
v0x8f6542c60_14 .net v0x8f6542c60 14, 31 0, v0x8f6540b40_0; 1 drivers
v0x8f6542c60_15 .net v0x8f6542c60 15, 31 0, v0x8f6540e60_0; 1 drivers
L_0x8f6878178 .functor BUFT 1, C4<00000000000000000000000000000000>, C4<0>, C4<0>, C4<0>;
v0x8f6542d00_0 .net/2u *"_ivl_18", 31 0, L_0x8f6878178;  1 drivers
v0x8f6542da0_0 .net "alu_in", 63 0, v0x8f6527a20_0;  alias, 1 drivers
v0x8f6542e40_0 .net "ba_out", 0 0, o0x8f68558f0;  alias, 0 drivers
v0x8f6542ee0_0 .net "bus_in", 31 0, v0x8f6529f40_0;  alias, 1 drivers
v0x8f6542f80_0 .net "clk", 0 0, o0x8f684cfe0;  alias, 0 drivers
v0x8f6543020_0 .net "hi", 31 0, v0x8f6541180_0;  alias, 1 drivers
v0x8f65430c0_0 .net "hi_in", 0 0, o0x8f6854d50;  alias, 0 drivers
v0x8f6543160_0 .net "ir", 31 0, v0x8f65414a0_0;  alias, 1 drivers
v0x8f6543200_0 .net "ir_in", 0 0, o0x8f6854ea0;  alias, 0 drivers
v0x8f65432a0_0 .net "lo", 31 0, v0x8f65417c0_0;  alias, 1 drivers
v0x8f6543340_0 .net "lo_in", 0 0, o0x8f6854ff0;  alias, 0 drivers
v0x8f65433e0_0 .net "mar", 31 0, v0x8f6541ae0_0;  alias, 1 drivers
v0x8f6543480_0 .net "mar_in", 0 0, o0x8f6855140;  alias, 0 drivers
v0x8f6543520_0 .net "pc", 31 0, v0x8f6541e00_0;  alias, 1 drivers
v0x8f65435c0_0 .net "pc_in", 0 0, o0x8f6855260;  alias, 0 drivers
v0x8f6543660_0 .net "r0", 31 0, L_0x8f65d0150;  alias, 1 drivers
v0x8f6543700_0 .net "r0_internal_q", 31 0, v0x8f6542120_0;  1 drivers
v0x8f65437a0_0 .net "r1", 31 0, L_0x8f65d01c0;  alias, 1 drivers
v0x8f6543840_0 .net "r10", 31 0, L_0x8f65d05b0;  alias, 1 drivers
v0x8f65438e0_0 .net "r11", 31 0, L_0x8f65d0620;  alias, 1 drivers
v0x8f6543980_0 .net "r12", 31 0, L_0x8f65d0690;  alias, 1 drivers
v0x8f6543a20_0 .net "r13", 31 0, L_0x8f65d0700;  alias, 1 drivers
v0x8f6543ac0_0 .net "r14", 31 0, L_0x8f65d0770;  alias, 1 drivers
v0x8f6543b60_0 .net "r15", 31 0, L_0x8f65d07e0;  alias, 1 drivers
v0x8f6543c00_0 .net "r2", 31 0, L_0x8f65d0230;  alias, 1 drivers
v0x8f6543ca0_0 .net "r3", 31 0, L_0x8f65d02a0;  alias, 1 drivers
v0x8f6543d40_0 .net "r4", 31 0, L_0x8f65d0310;  alias, 1 drivers
v0x8f6543de0_0 .net "r5", 31 0, L_0x8f65d0380;  alias, 1 drivers
v0x8f6543e80_0 .net "r6", 31 0, L_0x8f65d03f0;  alias, 1 drivers
v0x8f6543f20_0 .net "r7", 31 0, L_0x8f65d0460;  alias, 1 drivers
v0x8f6548000_0 .net "r8", 31 0, L_0x8f65d04d0;  alias, 1 drivers
v0x8f65480a0_0 .net "r9", 31 0, L_0x8f65d0540;  alias, 1 drivers
v0x8f6548140_0 .net "r_in", 15 0, L_0x8f65ce3a0;  alias, 1 drivers
v0x8f65481e0_0 .net "reset", 0 0, o0x8f684d1c0;  alias, 0 drivers
v0x8f6548280_0 .net "y", 31 0, v0x8f6542440_0;  alias, 1 drivers
v0x8f6548320_0 .net "y_in", 0 0, o0x8f68554d0;  alias, 0 drivers
v0x8f65483c0_0 .net "zhi", 31 0, v0x8f6542760_0;  alias, 1 drivers
v0x8f6548460_0 .net "zhi_in", 0 0, o0x8f6855620;  alias, 0 drivers
v0x8f6548500_0 .net "zlo", 31 0, v0x8f6542a80_0;  alias, 1 drivers
v0x8f65485a0_0 .net "zlo_in", 0 0, o0x8f6855770;  alias, 0 drivers
L_0x8f65ce4e0 .part L_0x8f65ce3a0, 1, 1;
L_0x8f65ce580 .part L_0x8f65ce3a0, 2, 1;
L_0x8f65ce620 .part L_0x8f65ce3a0, 3, 1;
L_0x8f65ce6c0 .part L_0x8f65ce3a0, 4, 1;
L_0x8f65ce760 .part L_0x8f65ce3a0, 5, 1;
L_0x8f65ce800 .part L_0x8f65ce3a0, 6, 1;
L_0x8f65ce8a0 .part L_0x8f65ce3a0, 7, 1;
L_0x8f65ce940 .part L_0x8f65ce3a0, 8, 1;
L_0x8f65ce9e0 .part L_0x8f65ce3a0, 9, 1;
L_0x8f65cea80 .part L_0x8f65ce3a0, 10, 1;
L_0x8f65ceb20 .part L_0x8f65ce3a0, 11, 1;
L_0x8f65cebc0 .part L_0x8f65ce3a0, 12, 1;
L_0x8f65cec60 .part L_0x8f65ce3a0, 13, 1;
L_0x8f65ced00 .part L_0x8f65ce3a0, 14, 1;
L_0x8f65ceda0 .part L_0x8f65ce3a0, 15, 1;
L_0x8f65cee40 .part L_0x8f65ce3a0, 0, 1;
L_0x8f65ceee0 .functor MUXZ 32, v0x8f6542120_0, L_0x8f6878178, o0x8f68558f0, C4<>;
L_0x8f65cef80 .part v0x8f6527a20_0, 32, 32;
L_0x8f65cf020 .part v0x8f6527a20_0, 0, 32;
L_0x8f65cf0c0 .part v0x8f6527a20_0, 32, 32;
L_0x8f65cf160 .part v0x8f6527a20_0, 0, 32;
S_0x8f652cc00 .scope generate, "GEN_REGS[1]" "GEN_REGS[1]" 26 72, 26 72 0, S_0x8f652ca80;
 .timescale -9 -11;
P_0x8f6511740 .param/l "i" 1 26 72, +C4<01>;
S_0x8f652cd80 .scope module, "u_reg" "reg32" 26 73, 23 1 0, S_0x8f652cc00;
 .timescale -9 -11;
    .port_info 0 /INPUT 1 "clk";
    .port_info 1 /INPUT 1 "reset";
    .port_info 2 /INPUT 1 "wr_en";
    .port_info 3 /INPUT 32 "d";
    .port_info 4 /OUTPUT 32 "q";
v0x8f6536120_0 .net "clk", 0 0, o0x8f684cfe0;  alias, 0 drivers
v0x8f65361c0_0 .net "d", 31 0, v0x8f6529f40_0;  alias, 1 drivers
v0x8f6536260_0 .var "q", 31 0;
v0x8f6536300_0 .net "reset", 0 0, o0x8f684d1c0;  alias, 0 drivers
v0x8f65363a0_0 .net "wr_en", 0 0, L_0x8f65ce4e0;  1 drivers
S_0x8f652cf00 .scope generate, "GEN_REGS[2]" "GEN_REGS[2]" 26 72, 26 72 0, S_0x8f652ca80;
 .timescale -9 -11;
P_0x8f6511780 .param/l "i" 1 26 72, +C4<010>;
S_0x8f652d080 .scope module, "u_reg" "reg32" 26 73, 23 1 0, S_0x8f652cf00;
 .timescale -9 -11;
    .port_info 0 /INPUT 1 "clk";
    .port_info 1 /INPUT 1 "reset";
    .port_info 2 /INPUT 1 "wr_en";
    .port_info 3 /INPUT 32 "d";
    .port_info 4 /OUTPUT 32 "q";
v0x8f6536440_0 .net "clk", 0 0, o0x8f684cfe0;  alias, 0 drivers
v0x8f65364e0_0 .net "d", 31 0, v0x8f6529f40_0;  alias, 1 drivers
v0x8f6536580_0 .var "q", 31 0;
v0x8f6536620_0 .net "reset", 0 0, o0x8f684d1c0;  alias, 0 drivers
v0x8f65366c0_0 .net "wr_en", 0 0, L_0x8f65ce580;  1 drivers
S_0x8f652d200 .scope generate, "GEN_REGS[3]" "GEN_REGS[3]" 26 72, 26 72 0, S_0x8f652ca80;
 .timescale -9 -11;
P_0x8f65117c0 .param/l "i" 1 26 72, +C4<011>;
S_0x8f652d380 .scope module, "u_reg" "reg32" 26 73, 23 1 0, S_0x8f652d200;
 .timescale -9 -11;
    .port_info 0 /INPUT 1 "clk";
    .port_info 1 /INPUT 1 "reset";
    .port_info 2 /INPUT 1 "wr_en";
    .port_info 3 /INPUT 32 "d";
    .port_info 4 /OUTPUT 32 "q";
v0x8f6536760_0 .net "clk", 0 0, o0x8f684cfe0;  alias, 0 drivers
v0x8f6536800_0 .net "d", 31 0, v0x8f6529f40_0;  alias, 1 drivers
v0x8f65368a0_0 .var "q", 31 0;
v0x8f6536940_0 .net "reset", 0 0, o0x8f684d1c0;  alias, 0 drivers
v0x8f65369e0_0 .net "wr_en", 0 0, L_0x8f65ce620;  1 drivers
S_0x8f652d500 .scope generate, "GEN_REGS[4]" "GEN_REGS[4]" 26 72, 26 72 0, S_0x8f652ca80;
 .timescale -9 -11;
P_0x8f6511800 .param/l "i" 1 26 72, +C4<0100>;
S_0x8f652d680 .scope module, "u_reg" "reg32" 26 73, 23 1 0, S_0x8f652d500;
 .timescale -9 -11;
    .port_info 0 /INPUT 1 "clk";
    .port_info 1 /INPUT 1 "reset";
    .port_info 2 /INPUT 1 "wr_en";
    .port_info 3 /INPUT 32 "d";
    .port_info 4 /OUTPUT 32 "q";
v0x8f6536a80_0 .net "clk", 0 0, o0x8f684cfe0;  alias, 0 drivers
v0x8f6536b20_0 .net "d", 31 0, v0x8f6529f40_0;  alias, 1 drivers
v0x8f6536bc0_0 .var "q", 31 0;
v0x8f6536c60_0 .net "reset", 0 0, o0x8f684d1c0;  alias, 0 drivers
v0x8f6536d00_0 .net "wr_en", 0 0, L_0x8f65ce6c0;  1 drivers
S_0x8f652d800 .scope generate, "GEN_REGS[5]" "GEN_REGS[5]" 26 72, 26 72 0, S_0x8f652ca80;
 .timescale -9 -11;
P_0x8f6511840 .param/l "i" 1 26 72, +C4<0101>;
S_0x8f652d980 .scope module, "u_reg" "reg32" 26 73, 23 1 0, S_0x8f652d800;
 .timescale -9 -11;
    .port_info 0 /INPUT 1 "clk";
    .port_info 1 /INPUT 1 "reset";
    .port_info 2 /INPUT 1 "wr_en";
    .port_info 3 /INPUT 32 "d";
    .port_info 4 /OUTPUT 32 "q";
v0x8f6536da0_0 .net "clk", 0 0, o0x8f684cfe0;  alias, 0 drivers
v0x8f6536e40_0 .net "d", 31 0, v0x8f6529f40_0;  alias, 1 drivers
v0x8f6536ee0_0 .var "q", 31 0;
v0x8f6536f80_0 .net "reset", 0 0, o0x8f684d1c0;  alias, 0 drivers
v0x8f6537020_0 .net "wr_en", 0 0, L_0x8f65ce760;  1 drivers
S_0x8f652db00 .scope generate, "GEN_REGS[6]" "GEN_REGS[6]" 26 72, 26 72 0, S_0x8f652ca80;
 .timescale -9 -11;
P_0x8f6511880 .param/l "i" 1 26 72, +C4<0110>;
S_0x8f652dc80 .scope module, "u_reg" "reg32" 26 73, 23 1 0, S_0x8f652db00;
 .timescale -9 -11;
    .port_info 0 /INPUT 1 "clk";
    .port_info 1 /INPUT 1 "reset";
    .port_info 2 /INPUT 1 "wr_en";
    .port_info 3 /INPUT 32 "d";
    .port_info 4 /OUTPUT 32 "q";
v0x8f65370c0_0 .net "clk", 0 0, o0x8f684cfe0;  alias, 0 drivers
v0x8f6537160_0 .net "d", 31 0, v0x8f6529f40_0;  alias, 1 drivers
v0x8f6537200_0 .var "q", 31 0;
v0x8f65372a0_0 .net "reset", 0 0, o0x8f684d1c0;  alias, 0 drivers
v0x8f6537340_0 .net "wr_en", 0 0, L_0x8f65ce800;  1 drivers
S_0x8f652de00 .scope generate, "GEN_REGS[7]" "GEN_REGS[7]" 26 72, 26 72 0, S_0x8f652ca80;
 .timescale -9 -11;
P_0x8f65118c0 .param/l "i" 1 26 72, +C4<0111>;
S_0x8f652df80 .scope module, "u_reg" "reg32" 26 73, 23 1 0, S_0x8f652de00;
 .timescale -9 -11;
    .port_info 0 /INPUT 1 "clk";
    .port_info 1 /INPUT 1 "reset";
    .port_info 2 /INPUT 1 "wr_en";
    .port_info 3 /INPUT 32 "d";
    .port_info 4 /OUTPUT 32 "q";
v0x8f65373e0_0 .net "clk", 0 0, o0x8f684cfe0;  alias, 0 drivers
v0x8f6537480_0 .net "d", 31 0, v0x8f6529f40_0;  alias, 1 drivers
v0x8f6537520_0 .var "q", 31 0;
v0x8f65375c0_0 .net "reset", 0 0, o0x8f684d1c0;  alias, 0 drivers
v0x8f6537660_0 .net "wr_en", 0 0, L_0x8f65ce8a0;  1 drivers
S_0x8f652e100 .scope generate, "GEN_REGS[8]" "GEN_REGS[8]" 26 72, 26 72 0, S_0x8f652ca80;
 .timescale -9 -11;
P_0x8f6511900 .param/l "i" 1 26 72, +C4<01000>;
S_0x8f652e280 .scope module, "u_reg" "reg32" 26 73, 23 1 0, S_0x8f652e100;
 .timescale -9 -11;
    .port_info 0 /INPUT 1 "clk";
    .port_info 1 /INPUT 1 "reset";
    .port_info 2 /INPUT 1 "wr_en";
    .port_info 3 /INPUT 32 "d";
    .port_info 4 /OUTPUT 32 "q";
v0x8f6537700_0 .net "clk", 0 0, o0x8f684cfe0;  alias, 0 drivers
v0x8f65377a0_0 .net "d", 31 0, v0x8f6529f40_0;  alias, 1 drivers
v0x8f6537840_0 .var "q", 31 0;
v0x8f65378e0_0 .net "reset", 0 0, o0x8f684d1c0;  alias, 0 drivers
v0x8f6537980_0 .net "wr_en", 0 0, L_0x8f65ce940;  1 drivers
S_0x8f652e400 .scope generate, "GEN_REGS[9]" "GEN_REGS[9]" 26 72, 26 72 0, S_0x8f652ca80;
 .timescale -9 -11;
P_0x8f6511940 .param/l "i" 1 26 72, +C4<01001>;
S_0x8f652e580 .scope module, "u_reg" "reg32" 26 73, 23 1 0, S_0x8f652e400;
 .timescale -9 -11;
    .port_info 0 /INPUT 1 "clk";
    .port_info 1 /INPUT 1 "reset";
    .port_info 2 /INPUT 1 "wr_en";
    .port_info 3 /INPUT 32 "d";
    .port_info 4 /OUTPUT 32 "q";
v0x8f6537a20_0 .net "clk", 0 0, o0x8f684cfe0;  alias, 0 drivers
v0x8f6537ac0_0 .net "d", 31 0, v0x8f6529f40_0;  alias, 1 drivers
v0x8f6537b60_0 .var "q", 31 0;
v0x8f6537c00_0 .net "reset", 0 0, o0x8f684d1c0;  alias, 0 drivers
v0x8f6537ca0_0 .net "wr_en", 0 0, L_0x8f65ce9e0;  1 drivers
S_0x8f652e700 .scope generate, "GEN_REGS[10]" "GEN_REGS[10]" 26 72, 26 72 0, S_0x8f652ca80;
 .timescale -9 -11;
P_0x8f6511980 .param/l "i" 1 26 72, +C4<01010>;
S_0x8f652e880 .scope module, "u_reg" "reg32" 26 73, 23 1 0, S_0x8f652e700;
 .timescale -9 -11;
    .port_info 0 /INPUT 1 "clk";
    .port_info 1 /INPUT 1 "reset";
    .port_info 2 /INPUT 1 "wr_en";
    .port_info 3 /INPUT 32 "d";
    .port_info 4 /OUTPUT 32 "q";
v0x8f6537d40_0 .net "clk", 0 0, o0x8f684cfe0;  alias, 0 drivers
v0x8f6537de0_0 .net "d", 31 0, v0x8f6529f40_0;  alias, 1 drivers
v0x8f6537e80_0 .var "q", 31 0;
v0x8f6537f20_0 .net "reset", 0 0, o0x8f684d1c0;  alias, 0 drivers
v0x8f6540000_0 .net "wr_en", 0 0, L_0x8f65cea80;  1 drivers
S_0x8f652ea00 .scope generate, "GEN_REGS[11]" "GEN_REGS[11]" 26 72, 26 72 0, S_0x8f652ca80;
 .timescale -9 -11;
P_0x8f65119c0 .param/l "i" 1 26 72, +C4<01011>;
S_0x8f652eb80 .scope module, "u_reg" "reg32" 26 73, 23 1 0, S_0x8f652ea00;
 .timescale -9 -11;
    .port_info 0 /INPUT 1 "clk";
    .port_info 1 /INPUT 1 "reset";
    .port_info 2 /INPUT 1 "wr_en";
    .port_info 3 /INPUT 32 "d";
    .port_info 4 /OUTPUT 32 "q";
v0x8f65400a0_0 .net "clk", 0 0, o0x8f684cfe0;  alias, 0 drivers
v0x8f6540140_0 .net "d", 31 0, v0x8f6529f40_0;  alias, 1 drivers
v0x8f65401e0_0 .var "q", 31 0;
v0x8f6540280_0 .net "reset", 0 0, o0x8f684d1c0;  alias, 0 drivers
v0x8f6540320_0 .net "wr_en", 0 0, L_0x8f65ceb20;  1 drivers
S_0x8f652ed00 .scope generate, "GEN_REGS[12]" "GEN_REGS[12]" 26 72, 26 72 0, S_0x8f652ca80;
 .timescale -9 -11;
P_0x8f6511a00 .param/l "i" 1 26 72, +C4<01100>;
S_0x8f652ee80 .scope module, "u_reg" "reg32" 26 73, 23 1 0, S_0x8f652ed00;
 .timescale -9 -11;
    .port_info 0 /INPUT 1 "clk";
    .port_info 1 /INPUT 1 "reset";
    .port_info 2 /INPUT 1 "wr_en";
    .port_info 3 /INPUT 32 "d";
    .port_info 4 /OUTPUT 32 "q";
v0x8f65403c0_0 .net "clk", 0 0, o0x8f684cfe0;  alias, 0 drivers
v0x8f6540460_0 .net "d", 31 0, v0x8f6529f40_0;  alias, 1 drivers
v0x8f6540500_0 .var "q", 31 0;
v0x8f65405a0_0 .net "reset", 0 0, o0x8f684d1c0;  alias, 0 drivers
v0x8f6540640_0 .net "wr_en", 0 0, L_0x8f65cebc0;  1 drivers
S_0x8f652f000 .scope generate, "GEN_REGS[13]" "GEN_REGS[13]" 26 72, 26 72 0, S_0x8f652ca80;
 .timescale -9 -11;
P_0x8f6511a40 .param/l "i" 1 26 72, +C4<01101>;
S_0x8f652f180 .scope module, "u_reg" "reg32" 26 73, 23 1 0, S_0x8f652f000;
 .timescale -9 -11;
    .port_info 0 /INPUT 1 "clk";
    .port_info 1 /INPUT 1 "reset";
    .port_info 2 /INPUT 1 "wr_en";
    .port_info 3 /INPUT 32 "d";
    .port_info 4 /OUTPUT 32 "q";
v0x8f65406e0_0 .net "clk", 0 0, o0x8f684cfe0;  alias, 0 drivers
v0x8f6540780_0 .net "d", 31 0, v0x8f6529f40_0;  alias, 1 drivers
v0x8f6540820_0 .var "q", 31 0;
v0x8f65408c0_0 .net "reset", 0 0, o0x8f684d1c0;  alias, 0 drivers
v0x8f6540960_0 .net "wr_en", 0 0, L_0x8f65cec60;  1 drivers
S_0x8f652f300 .scope generate, "GEN_REGS[14]" "GEN_REGS[14]" 26 72, 26 72 0, S_0x8f652ca80;
 .timescale -9 -11;
P_0x8f6511a80 .param/l "i" 1 26 72, +C4<01110>;
S_0x8f652f480 .scope module, "u_reg" "reg32" 26 73, 23 1 0, S_0x8f652f300;
 .timescale -9 -11;
    .port_info 0 /INPUT 1 "clk";
    .port_info 1 /INPUT 1 "reset";
    .port_info 2 /INPUT 1 "wr_en";
    .port_info 3 /INPUT 32 "d";
    .port_info 4 /OUTPUT 32 "q";
v0x8f6540a00_0 .net "clk", 0 0, o0x8f684cfe0;  alias, 0 drivers
v0x8f6540aa0_0 .net "d", 31 0, v0x8f6529f40_0;  alias, 1 drivers
v0x8f6540b40_0 .var "q", 31 0;
v0x8f6540be0_0 .net "reset", 0 0, o0x8f684d1c0;  alias, 0 drivers
v0x8f6540c80_0 .net "wr_en", 0 0, L_0x8f65ced00;  1 drivers
S_0x8f652f600 .scope generate, "GEN_REGS[15]" "GEN_REGS[15]" 26 72, 26 72 0, S_0x8f652ca80;
 .timescale -9 -11;
P_0x8f6511ac0 .param/l "i" 1 26 72, +C4<01111>;
S_0x8f652f780 .scope module, "u_reg" "reg32" 26 73, 23 1 0, S_0x8f652f600;
 .timescale -9 -11;
    .port_info 0 /INPUT 1 "clk";
    .port_info 1 /INPUT 1 "reset";
    .port_info 2 /INPUT 1 "wr_en";
    .port_info 3 /INPUT 32 "d";
    .port_info 4 /OUTPUT 32 "q";
v0x8f6540d20_0 .net "clk", 0 0, o0x8f684cfe0;  alias, 0 drivers
v0x8f6540dc0_0 .net "d", 31 0, v0x8f6529f40_0;  alias, 1 drivers
v0x8f6540e60_0 .var "q", 31 0;
v0x8f6540f00_0 .net "reset", 0 0, o0x8f684d1c0;  alias, 0 drivers
v0x8f6540fa0_0 .net "wr_en", 0 0, L_0x8f65ceda0;  1 drivers
S_0x8f652f900 .scope module, "u_hi" "reg32" 26 105, 23 1 0, S_0x8f652ca80;
 .timescale -9 -11;
    .port_info 0 /INPUT 1 "clk";
    .port_info 1 /INPUT 1 "reset";
    .port_info 2 /INPUT 1 "wr_en";
    .port_info 3 /INPUT 32 "d";
    .port_info 4 /OUTPUT 32 "q";
v0x8f6541040_0 .net "clk", 0 0, o0x8f684cfe0;  alias, 0 drivers
v0x8f65410e0_0 .net "d", 31 0, L_0x8f65cef80;  1 drivers
v0x8f6541180_0 .var "q", 31 0;
v0x8f6541220_0 .net "reset", 0 0, o0x8f684d1c0;  alias, 0 drivers
v0x8f65412c0_0 .net "wr_en", 0 0, o0x8f6854d50;  alias, 0 drivers
S_0x8f652fa80 .scope module, "u_ir" "reg32" 26 102, 23 1 0, S_0x8f652ca80;
 .timescale -9 -11;
    .port_info 0 /INPUT 1 "clk";
    .port_info 1 /INPUT 1 "reset";
    .port_info 2 /INPUT 1 "wr_en";
    .port_info 3 /INPUT 32 "d";
    .port_info 4 /OUTPUT 32 "q";
v0x8f6541360_0 .net "clk", 0 0, o0x8f684cfe0;  alias, 0 drivers
v0x8f6541400_0 .net "d", 31 0, v0x8f6529f40_0;  alias, 1 drivers
v0x8f65414a0_0 .var "q", 31 0;
v0x8f6541540_0 .net "reset", 0 0, o0x8f684d1c0;  alias, 0 drivers
v0x8f65415e0_0 .net "wr_en", 0 0, o0x8f6854ea0;  alias, 0 drivers
S_0x8f652fc00 .scope module, "u_lo" "reg32" 26 106, 23 1 0, S_0x8f652ca80;
 .timescale -9 -11;
    .port_info 0 /INPUT 1 "clk";
    .port_info 1 /INPUT 1 "reset";
    .port_info 2 /INPUT 1 "wr_en";
    .port_info 3 /INPUT 32 "d";
    .port_info 4 /OUTPUT 32 "q";
v0x8f6541680_0 .net "clk", 0 0, o0x8f684cfe0;  alias, 0 drivers
v0x8f6541720_0 .net "d", 31 0, L_0x8f65cf020;  1 drivers
v0x8f65417c0_0 .var "q", 31 0;
v0x8f6541860_0 .net "reset", 0 0, o0x8f684d1c0;  alias, 0 drivers
v0x8f6541900_0 .net "wr_en", 0 0, o0x8f6854ff0;  alias, 0 drivers
S_0x8f652fd80 .scope module, "u_mar" "reg32" 26 104, 23 1 0, S_0x8f652ca80;
 .timescale -9 -11;
    .port_info 0 /INPUT 1 "clk";
    .port_info 1 /INPUT 1 "reset";
    .port_info 2 /INPUT 1 "wr_en";
    .port_info 3 /INPUT 32 "d";
    .port_info 4 /OUTPUT 32 "q";
v0x8f65419a0_0 .net "clk", 0 0, o0x8f684cfe0;  alias, 0 drivers
v0x8f6541a40_0 .net "d", 31 0, v0x8f6529f40_0;  alias, 1 drivers
v0x8f6541ae0_0 .var "q", 31 0;
v0x8f6541b80_0 .net "reset", 0 0, o0x8f684d1c0;  alias, 0 drivers
v0x8f6541c20_0 .net "wr_en", 0 0, o0x8f6855140;  alias, 0 drivers
S_0x8f6544000 .scope module, "u_pc" "reg32" 26 107, 23 1 0, S_0x8f652ca80;
 .timescale -9 -11;
    .port_info 0 /INPUT 1 "clk";
    .port_info 1 /INPUT 1 "reset";
    .port_info 2 /INPUT 1 "wr_en";
    .port_info 3 /INPUT 32 "d";
    .port_info 4 /OUTPUT 32 "q";
v0x8f6541cc0_0 .net "clk", 0 0, o0x8f684cfe0;  alias, 0 drivers
v0x8f6541d60_0 .net "d", 31 0, v0x8f6529f40_0;  alias, 1 drivers
v0x8f6541e00_0 .var "q", 31 0;
v0x8f6541ea0_0 .net "reset", 0 0, o0x8f684d1c0;  alias, 0 drivers
v0x8f6541f40_0 .net "wr_en", 0 0, o0x8f6855260;  alias, 0 drivers
S_0x8f6544180 .scope module, "u_reg0" "reg32" 26 60, 23 1 0, S_0x8f652ca80;
 .timescale -9 -11;
    .port_info 0 /INPUT 1 "clk";
    .port_info 1 /INPUT 1 "reset";
    .port_info 2 /INPUT 1 "wr_en";
    .port_info 3 /INPUT 32 "d";
    .port_info 4 /OUTPUT 32 "q";
v0x8f6541fe0_0 .net "clk", 0 0, o0x8f684cfe0;  alias, 0 drivers
v0x8f6542080_0 .net "d", 31 0, v0x8f6529f40_0;  alias, 1 drivers
v0x8f6542120_0 .var "q", 31 0;
v0x8f65421c0_0 .net "reset", 0 0, o0x8f684d1c0;  alias, 0 drivers
v0x8f6542260_0 .net "wr_en", 0 0, L_0x8f65cee40;  1 drivers
S_0x8f6544300 .scope module, "u_y" "reg32" 26 103, 23 1 0, S_0x8f652ca80;
 .timescale -9 -11;
    .port_info 0 /INPUT 1 "clk";
    .port_info 1 /INPUT 1 "reset";
    .port_info 2 /INPUT 1 "wr_en";
    .port_info 3 /INPUT 32 "d";
    .port_info 4 /OUTPUT 32 "q";
v0x8f6542300_0 .net "clk", 0 0, o0x8f684cfe0;  alias, 0 drivers
v0x8f65423a0_0 .net "d", 31 0, v0x8f6529f40_0;  alias, 1 drivers
v0x8f6542440_0 .var "q", 31 0;
v0x8f65424e0_0 .net "reset", 0 0, o0x8f684d1c0;  alias, 0 drivers
v0x8f6542580_0 .net "wr_en", 0 0, o0x8f68554d0;  alias, 0 drivers
S_0x8f6544480 .scope module, "u_zhi" "reg32" 26 110, 23 1 0, S_0x8f652ca80;
 .timescale -9 -11;
    .port_info 0 /INPUT 1 "clk";
    .port_info 1 /INPUT 1 "reset";
    .port_info 2 /INPUT 1 "wr_en";
    .port_info 3 /INPUT 32 "d";
    .port_info 4 /OUTPUT 32 "q";
v0x8f6542620_0 .net "clk", 0 0, o0x8f684cfe0;  alias, 0 drivers
v0x8f65426c0_0 .net "d", 31 0, L_0x8f65cf0c0;  1 drivers
v0x8f6542760_0 .var "q", 31 0;
v0x8f6542800_0 .net "reset", 0 0, o0x8f684d1c0;  alias, 0 drivers
v0x8f65428a0_0 .net "wr_en", 0 0, o0x8f6855620;  alias, 0 drivers
S_0x8f6544600 .scope module, "u_zlo" "reg32" 26 111, 23 1 0, S_0x8f652ca80;
 .timescale -9 -11;
    .port_info 0 /INPUT 1 "clk";
    .port_info 1 /INPUT 1 "reset";
    .port_info 2 /INPUT 1 "wr_en";
    .port_info 3 /INPUT 32 "d";
    .port_info 4 /OUTPUT 32 "q";
v0x8f6542940_0 .net "clk", 0 0, o0x8f684cfe0;  alias, 0 drivers
v0x8f65429e0_0 .net "d", 31 0, L_0x8f65cf160;  1 drivers
v0x8f6542a80_0 .var "q", 31 0;
v0x8f6542b20_0 .net "reset", 0 0, o0x8f684d1c0;  alias, 0 drivers
v0x8f6542bc0_0 .net "wr_en", 0 0, o0x8f6855770;  alias, 0 drivers
S_0x8f6544780 .scope module, "u_select_encode" "selectencode" 3 43, 27 2 0, S_0x104da6c30;
 .timescale -9 -11;
    .port_info 0 /INPUT 32 "irIn";
    .port_info 1 /INPUT 1 "gra";
    .port_info 2 /INPUT 1 "grb";
    .port_info 3 /INPUT 1 "grc";
    .port_info 4 /INPUT 1 "selectIn";
    .port_info 5 /INPUT 1 "selectOut";
    .port_info 6 /INPUT 1 "BAout";
    .port_info 7 /OUTPUT 16 "regOut";
    .port_info 8 /OUTPUT 16 "regIn";
    .port_info 9 /OUTPUT 32 "c_sign_extended";
L_0x8f65d0000 .functor OR 1, o0x8f6856400, o0x8f68558f0, C4<0>, C4<0>;
L_0x8f65d00e0 .functor BUFZ 32, L_0x8f70db980, C4<00000000000000000000000000000000>, C4<00000000000000000000000000000000>, C4<00000000000000000000000000000000>;
v0x8f6548640_0 .net "BAout", 0 0, o0x8f68558f0;  alias, 0 drivers
v0x8f65486e0_0 .net *"_ivl_10", 3 0, L_0x8f65ce120;  1 drivers
L_0x8f6878058 .functor BUFT 1, C4<0000000000000001>, C4<0>, C4<0>, C4<0>;
v0x8f6548780_0 .net/2u *"_ivl_14", 15 0, L_0x8f6878058;  1 drivers
v0x8f6548820_0 .net *"_ivl_19", 0 0, L_0x8f65ce260;  1 drivers
v0x8f65488c0_0 .net *"_ivl_20", 12 0, L_0x8f70db8e0;  1 drivers
v0x8f6548960_0 .net *"_ivl_23", 18 0, L_0x8f65ce300;  1 drivers
L_0x8f68780a0 .functor BUFT 1, C4<0000000000000000>, C4<0>, C4<0>, C4<0>;
v0x8f6548a00_0 .net/2u *"_ivl_26", 15 0, L_0x8f68780a0;  1 drivers
v0x8f6548aa0_0 .net *"_ivl_30", 0 0, L_0x8f65d0000;  1 drivers
L_0x8f68780e8 .functor BUFT 1, C4<0000000000000000>, C4<0>, C4<0>, C4<0>;
v0x8f6548b40_0 .net/2u *"_ivl_32", 15 0, L_0x8f68780e8;  1 drivers
L_0x8f6878010 .functor BUFT 1, C4<0000>, C4<0>, C4<0>, C4<0>;
v0x8f6548be0_0 .net/2u *"_ivl_6", 3 0, L_0x8f6878010;  1 drivers
v0x8f6548c80_0 .net *"_ivl_8", 3 0, L_0x8f65ce080;  1 drivers
v0x8f6548d20_0 .net "c_sign_extended", 31 0, L_0x8f65d00e0;  alias, 1 drivers
v0x8f6548dc0_0 .net "c_signext", 31 0, L_0x8f70db980;  1 drivers
v0x8f6548e60_0 .net "decoded", 15 0, L_0x8f7149220;  1 drivers
v0x8f6548f00_0 .net "gra", 0 0, o0x8f68562b0;  alias, 0 drivers
v0x8f6548fa0_0 .net "grb", 0 0, o0x8f68562e0;  alias, 0 drivers
v0x8f6549040_0 .net "grc", 0 0, o0x8f6856310;  alias, 0 drivers
v0x8f65490e0_0 .net "irIn", 31 0, v0x8f65414a0_0;  alias, 1 drivers
v0x8f6549180_0 .net "ra", 3 0, L_0x8f65cdea0;  1 drivers
v0x8f6549220_0 .net "rb", 3 0, L_0x8f65cdf40;  1 drivers
v0x8f65492c0_0 .net "rc", 3 0, L_0x8f65cdfe0;  1 drivers
v0x8f6549360_0 .net "regIn", 15 0, L_0x8f65ce3a0;  alias, 1 drivers
v0x8f6549400_0 .net "regOut", 15 0, L_0x8f65ce440;  alias, 1 drivers
v0x8f65494a0_0 .net "selectIn", 0 0, o0x8f68563d0;  alias, 0 drivers
v0x8f6549540_0 .net "selectOut", 0 0, o0x8f6856400;  alias, 0 drivers
v0x8f65495e0_0 .net "selectedReg", 3 0, L_0x8f65ce1c0;  1 drivers
L_0x8f65cdea0 .part v0x8f65414a0_0, 23, 4;
L_0x8f65cdf40 .part v0x8f65414a0_0, 19, 4;
L_0x8f65cdfe0 .part v0x8f65414a0_0, 15, 4;
L_0x8f65ce080 .functor MUXZ 4, L_0x8f6878010, L_0x8f65cdfe0, o0x8f6856310, C4<>;
L_0x8f65ce120 .functor MUXZ 4, L_0x8f65ce080, L_0x8f65cdf40, o0x8f68562e0, C4<>;
L_0x8f65ce1c0 .functor MUXZ 4, L_0x8f65ce120, L_0x8f65cdea0, o0x8f68562b0, C4<>;
L_0x8f7149220 .shift/l 16, L_0x8f6878058, L_0x8f65ce1c0;
L_0x8f65ce260 .part v0x8f65414a0_0, 18, 1;
LS_0x8f70db8e0_0_0 .concat [ 1 1 1 1], L_0x8f65ce260, L_0x8f65ce260, L_0x8f65ce260, L_0x8f65ce260;
LS_0x8f70db8e0_0_4 .concat [ 1 1 1 1], L_0x8f65ce260, L_0x8f65ce260, L_0x8f65ce260, L_0x8f65ce260;
LS_0x8f70db8e0_0_8 .concat [ 1 1 1 1], L_0x8f65ce260, L_0x8f65ce260, L_0x8f65ce260, L_0x8f65ce260;
LS_0x8f70db8e0_0_12 .concat [ 1 0 0 0], L_0x8f65ce260;
L_0x8f70db8e0 .concat [ 4 4 4 1], LS_0x8f70db8e0_0_0, LS_0x8f70db8e0_0_4, LS_0x8f70db8e0_0_8, LS_0x8f70db8e0_0_12;
L_0x8f65ce300 .part v0x8f65414a0_0, 0, 19;
L_0x8f70db980 .concat [ 19 13 0 0], L_0x8f65ce300, L_0x8f70db8e0;
L_0x8f65ce3a0 .functor MUXZ 16, L_0x8f68780a0, L_0x8f7149220, o0x8f68563d0, C4<>;
L_0x8f65ce440 .functor MUXZ 16, L_0x8f68780e8, L_0x8f7149220, L_0x8f65d0000, C4<>;
S_0x104db4930 .scope module, "pc_unit" "pc_unit" 28 1;
 .timescale -9 -11;
    .port_info 0 /INPUT 1 "clk";
    .port_info 1 /INPUT 1 "reset";
    .port_info 2 /INPUT 1 "pc_write";
    .port_info 3 /INPUT 32 "target_addr";
    .port_info 4 /INPUT 1 "sel_target";
    .port_info 5 /OUTPUT 32 "pc_out";
L_0x8f6878880 .functor BUFT 1, C4<00000000000000000000000000000100>, C4<0>, C4<0>, C4<0>;
v0x8f654c280_0 .net/2u *"_ivl_0", 31 0, L_0x8f6878880;  1 drivers
o0x8f6856cd0 .functor BUFZ 1, C4<z>; HiZ drive
v0x8f654c320_0 .net "clk", 0 0, o0x8f6856cd0;  0 drivers
v0x8f654c3c0_0 .net "pc_next", 31 0, L_0x8f6d10460;  1 drivers
v0x8f654c460_0 .net "pc_out", 31 0, v0x8f654c0a0_0;  1 drivers
v0x8f654c500_0 .net "pc_plus_4", 31 0, L_0x8f71499a0;  1 drivers
o0x8f6856d90 .functor BUFZ 1, C4<z>; HiZ drive
v0x8f654c5a0_0 .net "pc_write", 0 0, o0x8f6856d90;  0 drivers
o0x8f6856d60 .functor BUFZ 1, C4<z>; HiZ drive
v0x8f654c640_0 .net "reset", 0 0, o0x8f6856d60;  0 drivers
o0x8f6856f10 .functor BUFZ 1, C4<z>; HiZ drive
v0x8f654c6e0_0 .net "sel_target", 0 0, o0x8f6856f10;  0 drivers
o0x8f6856f40 .functor BUFZ 32, C4<zzzzzzzzzzzzzzzzzzzzzzzzzzzzzzzz>; HiZ drive
v0x8f654c780_0 .net "target_addr", 31 0, o0x8f6856f40;  0 drivers
L_0x8f71499a0 .arith/sum 32, v0x8f654c0a0_0, L_0x8f6878880;
L_0x8f6d10460 .functor MUXZ 32, L_0x8f71499a0, o0x8f6856f40, o0x8f6856f10, C4<>;
S_0x8f6544900 .scope module, "pc_reg" "reg32" 28 18, 23 1 0, S_0x104db4930;
 .timescale -9 -11;
    .port_info 0 /INPUT 1 "clk";
    .port_info 1 /INPUT 1 "reset";
    .port_info 2 /INPUT 1 "wr_en";
    .port_info 3 /INPUT 32 "d";
    .port_info 4 /OUTPUT 32 "q";
v0x8f654bf20_0 .net "clk", 0 0, o0x8f6856cd0;  alias, 0 drivers
v0x8f654c000_0 .net "d", 31 0, L_0x8f6d10460;  alias, 1 drivers
v0x8f654c0a0_0 .var "q", 31 0;
v0x8f654c140_0 .net "reset", 0 0, o0x8f6856d60;  alias, 0 drivers
v0x8f654c1e0_0 .net "wr_en", 0 0, o0x8f6856d90;  alias, 0 drivers
E_0x8f7523e00 .event posedge, v0x8f654bf20_0;
S_0x104db4ab0 .scope module, "tb_cpu" "tb_cpu" 29 4;
 .timescale -9 -11;
v0x8f65cd9a0_0 .net "bus_out", 31 0, v0x8f658a080_0;  1 drivers
v0x8f65cda40_0 .var "clk", 0 0;
v0x8f65cdae0_0 .net "con_ff_out", 0 0, v0x8f65950e0_0;  1 drivers
v0x8f65cdb80_0 .var "in_port_data_in", 31 0;
v0x8f65cdc20_0 .net "mdr_q", 31 0, v0x8f6597020_0;  1 drivers
v0x8f65cdcc0_0 .net "out_port_data_out", 31 0, v0x8f6597340_0;  1 drivers
v0x8f65cdd60_0 .var "reset", 0 0;
v0x8f65cde00_0 .var "stop", 0 0;
S_0x8f6544a80 .scope module, "uut" "datapath" 29 16, 30 2 0, S_0x104db4ab0;
 .timescale -9 -11;
    .port_info 0 /INPUT 1 "clk";
    .port_info 1 /INPUT 1 "reset";
    .port_info 2 /INPUT 1 "stop";
    .port_info 3 /INPUT 32 "in_port_data_in";
    .port_info 4 /OUTPUT 32 "out_port_data_out";
    .port_info 5 /OUTPUT 32 "bus_out";
    .port_info 6 /OUTPUT 32 "mdr_q";
    .port_info 7 /OUTPUT 1 "con_ff_out";
v0x8f65caf80_0 .net "alu_opcode", 4 0, v0x8f6595360_0;  1 drivers
v0x8f65cb020_0 .net "alu_result", 63 0, v0x8f657fb60_0;  1 drivers
v0x8f65cb0c0_0 .net "ba_out", 0 0, v0x8f6595400_0;  1 drivers
v0x8f65cb160_0 .net "bus_out", 31 0, v0x8f658a080_0;  alias, 1 drivers
v0x8f65cb200_0 .net "c_out", 0 0, v0x8f65954a0_0;  1 drivers
v0x8f65cb2a0_0 .net "c_sign_extended", 31 0, L_0x8f6c72d10;  1 drivers
v0x8f65cb340_0 .net "clk", 0 0, v0x8f65cda40_0;  1 drivers
v0x8f65cb3e0_0 .net "con_ff_out", 0 0, v0x8f65950e0_0;  alias, 1 drivers
v0x8f65cb480_0 .net "con_in", 0 0, v0x8f6595680_0;  1 drivers
v0x8f65cb520_0 .net "gra", 0 0, v0x8f6595720_0;  1 drivers
v0x8f65cb5c0_0 .net "grb", 0 0, v0x8f65957c0_0;  1 drivers
v0x8f65cb660_0 .net "grc", 0 0, v0x8f6595860_0;  1 drivers
v0x8f65cb700_0 .net "hi", 31 0, v0x8f65baa80_0;  1 drivers
v0x8f65cb7a0_0 .net "hi_in", 0 0, v0x8f6595900_0;  1 drivers
v0x8f65cb840_0 .net "hi_out", 0 0, v0x8f65959a0_0;  1 drivers
v0x8f65cb8e0_0 .net "in_port_data_in", 31 0, v0x8f65cdb80_0;  1 drivers
v0x8f65cb980_0 .net "in_port_out", 0 0, v0x8f6595a40_0;  1 drivers
v0x8f65cba20_0 .net "in_port_q", 31 0, v0x8f6596b20_0;  1 drivers
v0x8f65cbac0_0 .net "insn", 31 0, v0x8f6595ae0_0;  1 drivers
v0x8f65cbb60_0 .net "internal_r_in", 15 0, L_0x8f6d10a00;  1 drivers
v0x8f65cbc00_0 .net "internal_r_out", 15 0, L_0x8f6d10aa0;  1 drivers
v0x8f65cbca0_0 .net "ir_in", 0 0, v0x8f6595b80_0;  1 drivers
v0x8f65cbd40_0 .net "ir_val", 31 0, v0x8f65bada0_0;  1 drivers
v0x8f65cbde0_0 .net "lo", 31 0, v0x8f65bb0c0_0;  1 drivers
v0x8f65cbe80_0 .net "lo_in", 0 0, v0x8f6595c20_0;  1 drivers
v0x8f65cbf20_0 .net "lo_out", 0 0, v0x8f6595cc0_0;  1 drivers
v0x8f65cc000_0 .net "mar", 31 0, v0x8f65bb3e0_0;  1 drivers
v0x8f65cc0a0_0 .net "mar_in", 0 0, v0x8f6595d60_0;  1 drivers
v0x8f65cc140_0 .net "mdr_in", 0 0, v0x8f6595e00_0;  1 drivers
v0x8f65cc1e0_0 .net "mdr_out", 0 0, v0x8f6595ea0_0;  1 drivers
v0x8f65cc280_0 .net "mdr_q", 31 0, v0x8f6597020_0;  alias, 1 drivers
v0x8f65cc320_0 .net "out_port_data_out", 31 0, v0x8f6597340_0;  alias, 1 drivers
v0x8f65cc3c0_0 .net "out_port_in", 0 0, v0x8f6596080_0;  1 drivers
v0x8f65cc460_0 .net "pc", 31 0, v0x8f65bb700_0;  1 drivers
v0x8f65cc500_0 .net "pc_in", 0 0, v0x8f6596120_0;  1 drivers
v0x8f65cc5a0_0 .net "pc_out", 0 0, v0x8f65961c0_0;  1 drivers
v0x8f65cc640_0 .net "r0", 31 0, L_0x8f6c72d80;  1 drivers
v0x8f65cc6e0_0 .net "r1", 31 0, L_0x8f6c72df0;  1 drivers
v0x8f65cc780_0 .net "r10", 31 0, L_0x8f6c731e0;  1 drivers
v0x8f65cc820_0 .net "r11", 31 0, L_0x8f6c73250;  1 drivers
v0x8f65cc8c0_0 .net "r12", 31 0, L_0x8f6c732c0;  1 drivers
v0x8f65cc960_0 .net "r13", 31 0, L_0x8f6c73330;  1 drivers
v0x8f65cca00_0 .net "r14", 31 0, L_0x8f6c733a0;  1 drivers
v0x8f65ccaa0_0 .net "r15", 31 0, L_0x8f6c73410;  1 drivers
v0x8f65ccb40_0 .net "r2", 31 0, L_0x8f6c72e60;  1 drivers
v0x8f65ccbe0_0 .net "r3", 31 0, L_0x8f6c72ed0;  1 drivers
v0x8f65ccc80_0 .net "r4", 31 0, L_0x8f6c72f40;  1 drivers
v0x8f65ccd20_0 .net "r5", 31 0, L_0x8f6c72fb0;  1 drivers
v0x8f65ccdc0_0 .net "r6", 31 0, L_0x8f6c73020;  1 drivers
v0x8f65cce60_0 .net "r7", 31 0, L_0x8f6c73090;  1 drivers
v0x8f65ccf00_0 .net "r8", 31 0, L_0x8f6c73100;  1 drivers
v0x8f65ccfa0_0 .net "r9", 31 0, L_0x8f6c73170;  1 drivers
v0x8f65cd040_0 .net "ram_data_out", 31 0, v0x8f6597700_0;  1 drivers
v0x8f65cd0e0_0 .net "read", 0 0, v0x8f6596300_0;  1 drivers
v0x8f65cd180_0 .net "reset", 0 0, v0x8f65cdd60_0;  1 drivers
v0x8f65cd220_0 .net "rin", 0 0, v0x8f6596440_0;  1 drivers
v0x8f65cd2c0_0 .net "rout", 0 0, v0x8f65964e0_0;  1 drivers
v0x8f65cd360_0 .net "stop", 0 0, v0x8f65cde00_0;  1 drivers
v0x8f65cd400_0 .net "write", 0 0, v0x8f6596620_0;  1 drivers
v0x8f65cd4a0_0 .net "y", 31 0, v0x8f65bbd40_0;  1 drivers
v0x8f65cd540_0 .net "y_in", 0 0, v0x8f65966c0_0;  1 drivers
v0x8f65cd5e0_0 .net "zhi", 31 0, v0x8f65c80a0_0;  1 drivers
v0x8f65cd680_0 .net "zhi_in", 0 0, v0x8f6596760_0;  1 drivers
v0x8f65cd720_0 .net "zhi_out", 0 0, v0x8f6596800_0;  1 drivers
v0x8f65cd7c0_0 .net "zlo", 31 0, v0x8f65c83c0_0;  1 drivers
v0x8f65cd860_0 .net "zlo_in", 0 0, v0x8f65968a0_0;  1 drivers
v0x8f65cd900_0 .net "zlo_out", 0 0, v0x8f6596940_0;  1 drivers
L_0x8f6d11c20 .part v0x8f6595ae0_0, 19, 2;
L_0x8f6d11d60 .part v0x8f65bb3e0_0, 0, 9;
S_0x8f6544c00 .scope module, "u_alu" "alu" 30 137, 4 2 0, S_0x8f6544a80;
 .timescale -9 -11;
    .port_info 0 /INPUT 32 "A";
    .port_info 1 /INPUT 32 "B";
    .port_info 2 /INPUT 5 "opcode";
    .port_info 3 /OUTPUT 64 "C";
P_0x8f6530380 .param/l "ADD" 0 4 10, C4<00000>;
P_0x8f65303c0 .param/l "AND" 0 4 12, C4<00010>;
P_0x8f6530400 .param/l "DIV" 0 4 19, C4<01100>;
P_0x8f6530440 .param/l "INC" 0 4 25, C4<10000>;
P_0x8f6530480 .param/l "MUL" 0 4 20, C4<01101>;
P_0x8f65304c0 .param/l "NEG" 0 4 21, C4<01110>;
P_0x8f6530500 .param/l "NOT" 0 4 22, C4<01111>;
P_0x8f6530540 .param/l "OR" 0 4 13, C4<00011>;
P_0x8f6530580 .param/l "ROTL" 0 4 18, C4<01000>;
P_0x8f65305c0 .param/l "ROTR" 0 4 17, C4<00111>;
P_0x8f6530600 .param/l "SHL" 0 4 16, C4<00110>;
P_0x8f6530640 .param/l "SHR" 0 4 14, C4<00100>;
P_0x8f6530680 .param/l "SHRA" 0 4 15, C4<00101>;
P_0x8f65306c0 .param/l "SUB" 0 4 11, C4<00001>;
v0x8f657fa20_0 .net "A", 31 0, v0x8f65bbd40_0;  alias, 1 drivers
v0x8f657fac0_0 .net "B", 31 0, v0x8f658a080_0;  alias, 1 drivers
v0x8f657fb60_0 .var "C", 63 0;
v0x8f657fc00_0 .net "add_result", 31 0, v0x8f654caa0_0;  1 drivers
v0x8f657fca0_0 .net "and_result", 31 0, L_0x8f7545d60;  1 drivers
v0x8f657fd40_0 .net "div_result", 63 0, v0x8f6554d20_0;  1 drivers
v0x8f657fde0_0 .net "inc_result", 31 0, L_0x8f714a120;  1 drivers
v0x8f657fe80_0 .net "mul_result", 63 0, L_0x8f6c73e20;  1 drivers
v0x8f657ff20_0 .net "neg_result", 31 0, L_0x8f75473e0;  1 drivers
v0x8f6588000_0 .net "not_result", 31 0, L_0x8f7547200;  1 drivers
v0x8f65880a0_0 .net "opcode", 4 0, v0x8f6595360_0;  alias, 1 drivers
v0x8f6588140_0 .net "or_result", 31 0, L_0x8f7545e00;  1 drivers
v0x8f65881e0_0 .net "rotl_result", 31 0, L_0x8f6d30540;  1 drivers
v0x8f6588280_0 .net "rotr_result", 31 0, L_0x8f6d304d0;  1 drivers
v0x8f6588320_0 .net "shiftl_result", 31 0, v0x8f657f0c0_0;  1 drivers
v0x8f65883c0_0 .net "shr_result", 31 0, v0x8f657f340_0;  1 drivers
v0x8f6588460_0 .net "shra_result", 31 0, L_0x8f7149cc0;  1 drivers
v0x8f6588500_0 .net "sub_result", 31 0, v0x8f657f840_0;  1 drivers
E_0x8f752c1c0/0 .event anyedge, v0x8f65880a0_0, v0x8f654caa0_0, v0x8f657f840_0, v0x8f6555680_0;
E_0x8f752c1c0/1 .event anyedge, v0x8f6554d20_0, v0x8f65548c0_0, v0x8f657e1c0_0, v0x8f657f340_0;
E_0x8f752c1c0/2 .event anyedge, v0x8f657f5c0_0, v0x8f657f0c0_0, v0x8f657eb20_0, v0x8f657e580_0;
E_0x8f752c1c0/3 .event anyedge, v0x8f6567840_0, v0x8f65763a0_0, v0x8f657e3a0_0;
E_0x8f752c1c0 .event/or E_0x8f752c1c0/0, E_0x8f752c1c0/1, E_0x8f752c1c0/2, E_0x8f752c1c0/3;
L_0x8f6d2e760 .part v0x8f658a080_0, 0, 5;
L_0x8f6d2e800 .part v0x8f658a080_0, 0, 5;
L_0x8f6d2e8a0 .part v0x8f658a080_0, 0, 5;
L_0x8f6d2e940 .part v0x8f658a080_0, 0, 5;
L_0x8f6d2e9e0 .part v0x8f658a080_0, 0, 5;
S_0x8f6544d80 .scope module, "add_unit" "adder" 4 44, 5 1 0, S_0x8f6544c00;
 .timescale -9 -11;
    .port_info 0 /INPUT 32 "A";
    .port_info 1 /INPUT 32 "B";
    .port_info 2 /OUTPUT 32 "sum";
v0x8f654c820_0 .net "A", 31 0, v0x8f65bbd40_0;  alias, 1 drivers
v0x8f654c8c0_0 .net "B", 31 0, v0x8f658a080_0;  alias, 1 drivers
v0x8f654c960_0 .var "carry", 32 0;
v0x8f654ca00_0 .var/i "i", 31 0;
v0x8f654caa0_0 .var "sum", 31 0;
E_0x8f752c200 .event anyedge, v0x8f654c820_0, v0x8f654c8c0_0, v0x8f654c960_0;
S_0x8f6544f00 .scope module, "and_unit" "and_" 4 68, 6 1 0, S_0x8f6544c00;
 .timescale -9 -11;
    .port_info 0 /INPUT 32 "A";
    .port_info 1 /INPUT 32 "B";
    .port_info 2 /OUTPUT 32 "C";
v0x8f6554780_0 .net "A", 31 0, v0x8f65bbd40_0;  alias, 1 drivers
v0x8f6554820_0 .net "B", 31 0, v0x8f658a080_0;  alias, 1 drivers
v0x8f65548c0_0 .net "C", 31 0, L_0x8f7545d60;  alias, 1 drivers
L_0x8f6d11ea0 .part v0x8f65bbd40_0, 0, 1;
L_0x8f6d11f40 .part v0x8f658a080_0, 0, 1;
L_0x8f6d11fe0 .part v0x8f65bbd40_0, 1, 1;
L_0x8f6d12080 .part v0x8f658a080_0, 1, 1;
L_0x8f6d12120 .part v0x8f65bbd40_0, 2, 1;
L_0x8f6d121c0 .part v0x8f658a080_0, 2, 1;
L_0x8f6d12260 .part v0x8f65bbd40_0, 3, 1;
L_0x8f6d12300 .part v0x8f658a080_0, 3, 1;
L_0x8f6d123a0 .part v0x8f65bbd40_0, 4, 1;
L_0x8f6d12440 .part v0x8f658a080_0, 4, 1;
L_0x8f6d124e0 .part v0x8f65bbd40_0, 5, 1;
L_0x8f6d12580 .part v0x8f658a080_0, 5, 1;
L_0x8f6d12620 .part v0x8f65bbd40_0, 6, 1;
L_0x8f6d126c0 .part v0x8f658a080_0, 6, 1;
L_0x8f6d12760 .part v0x8f65bbd40_0, 7, 1;
L_0x8f6d12800 .part v0x8f658a080_0, 7, 1;
L_0x8f6d128a0 .part v0x8f65bbd40_0, 8, 1;
L_0x8f6d12940 .part v0x8f658a080_0, 8, 1;
L_0x8f6d129e0 .part v0x8f65bbd40_0, 9, 1;
L_0x8f6d12a80 .part v0x8f658a080_0, 9, 1;
L_0x8f6d12b20 .part v0x8f65bbd40_0, 10, 1;
L_0x8f6d12bc0 .part v0x8f658a080_0, 10, 1;
L_0x8f6d12c60 .part v0x8f65bbd40_0, 11, 1;
L_0x8f6d12d00 .part v0x8f658a080_0, 11, 1;
L_0x8f6d12da0 .part v0x8f65bbd40_0, 12, 1;
L_0x8f6d12e40 .part v0x8f658a080_0, 12, 1;
L_0x8f6d12ee0 .part v0x8f65bbd40_0, 13, 1;
L_0x8f6d12f80 .part v0x8f658a080_0, 13, 1;
L_0x8f6d13020 .part v0x8f65bbd40_0, 14, 1;
L_0x8f6d130c0 .part v0x8f658a080_0, 14, 1;
L_0x8f6d13160 .part v0x8f65bbd40_0, 15, 1;
L_0x8f6d13200 .part v0x8f658a080_0, 15, 1;
L_0x8f6d132a0 .part v0x8f65bbd40_0, 16, 1;
L_0x8f6d13340 .part v0x8f658a080_0, 16, 1;
L_0x8f6d133e0 .part v0x8f65bbd40_0, 17, 1;
L_0x8f6d13480 .part v0x8f658a080_0, 17, 1;
L_0x8f6d13520 .part v0x8f65bbd40_0, 18, 1;
L_0x8f6d135c0 .part v0x8f658a080_0, 18, 1;
L_0x8f6d13660 .part v0x8f65bbd40_0, 19, 1;
L_0x8f6d13700 .part v0x8f658a080_0, 19, 1;
L_0x8f6d137a0 .part v0x8f65bbd40_0, 20, 1;
L_0x8f6d13840 .part v0x8f658a080_0, 20, 1;
L_0x8f6d138e0 .part v0x8f65bbd40_0, 21, 1;
L_0x8f6d13980 .part v0x8f658a080_0, 21, 1;
L_0x8f6d13a20 .part v0x8f65bbd40_0, 22, 1;
L_0x8f6d13ac0 .part v0x8f658a080_0, 22, 1;
L_0x8f6d13b60 .part v0x8f65bbd40_0, 23, 1;
L_0x8f6d13c00 .part v0x8f658a080_0, 23, 1;
L_0x8f6d13ca0 .part v0x8f65bbd40_0, 24, 1;
L_0x8f6d13d40 .part v0x8f658a080_0, 24, 1;
L_0x8f6d13de0 .part v0x8f65bbd40_0, 25, 1;
L_0x8f6d13e80 .part v0x8f658a080_0, 25, 1;
L_0x8f6d13f20 .part v0x8f65bbd40_0, 26, 1;
L_0x8f6d1c000 .part v0x8f658a080_0, 26, 1;
L_0x8f6d1c0a0 .part v0x8f65bbd40_0, 27, 1;
L_0x8f6d1c140 .part v0x8f658a080_0, 27, 1;
L_0x8f6d1c1e0 .part v0x8f65bbd40_0, 28, 1;
L_0x8f6d1c280 .part v0x8f658a080_0, 28, 1;
L_0x8f6d1c320 .part v0x8f65bbd40_0, 29, 1;
L_0x8f6d1c3c0 .part v0x8f658a080_0, 29, 1;
L_0x8f6d1c460 .part v0x8f65bbd40_0, 30, 1;
L_0x8f6d1c500 .part v0x8f658a080_0, 30, 1;
LS_0x8f7545d60_0_0 .concat8 [ 1 1 1 1], L_0x8f6c73e90, L_0x8f6c73f00, L_0x8f6c73f70, L_0x8f6d14000;
LS_0x8f7545d60_0_4 .concat8 [ 1 1 1 1], L_0x8f6d14070, L_0x8f6d140e0, L_0x8f6d141c0, L_0x8f6d14150;
LS_0x8f7545d60_0_8 .concat8 [ 1 1 1 1], L_0x8f6d14230, L_0x8f6d142a0, L_0x8f6d14310, L_0x8f6d14380;
LS_0x8f7545d60_0_12 .concat8 [ 1 1 1 1], L_0x8f6d143f0, L_0x8f6d14460, L_0x8f6d144d0, L_0x8f6d14540;
LS_0x8f7545d60_0_16 .concat8 [ 1 1 1 1], L_0x8f6d145b0, L_0x8f6d14620, L_0x8f6d14690, L_0x8f6d14700;
LS_0x8f7545d60_0_20 .concat8 [ 1 1 1 1], L_0x8f6d14770, L_0x8f6d147e0, L_0x8f6d14850, L_0x8f6d148c0;
LS_0x8f7545d60_0_24 .concat8 [ 1 1 1 1], L_0x8f6d14930, L_0x8f6d149a0, L_0x8f6d14a10, L_0x8f6d14a80;
LS_0x8f7545d60_0_28 .concat8 [ 1 1 1 1], L_0x8f6d14af0, L_0x8f6d14b60, L_0x8f6d14bd0, L_0x8f6d14c40;
LS_0x8f7545d60_1_0 .concat8 [ 4 4 4 4], LS_0x8f7545d60_0_0, LS_0x8f7545d60_0_4, LS_0x8f7545d60_0_8, LS_0x8f7545d60_0_12;
LS_0x8f7545d60_1_4 .concat8 [ 4 4 4 4], LS_0x8f7545d60_0_16, LS_0x8f7545d60_0_20, LS_0x8f7545d60_0_24, LS_0x8f7545d60_0_28;
L_0x8f7545d60 .concat8 [ 16 16 0 0], LS_0x8f7545d60_1_0, LS_0x8f7545d60_1_4;
L_0x8f6d1c5a0 .part v0x8f65bbd40_0, 31, 1;
L_0x8f6d1c640 .part v0x8f658a080_0, 31, 1;
S_0x8f6545080 .scope generate, "loop[0]" "loop[0]" 6 9, 6 9 0, S_0x8f6544f00;
 .timescale -9 -11;
P_0x8f6511b40 .param/l "i" 1 6 9, +C4<00>;
L_0x8f6c73e90 .functor AND 1, L_0x8f6d11ea0, L_0x8f6d11f40, C4<1>, C4<1>;
v0x8f654cb40_0 .net *"_ivl_0", 0 0, L_0x8f6d11ea0;  1 drivers
v0x8f654cbe0_0 .net *"_ivl_1", 0 0, L_0x8f6d11f40;  1 drivers
v0x8f654cc80_0 .net *"_ivl_2", 0 0, L_0x8f6c73e90;  1 drivers
S_0x8f6545200 .scope generate, "loop[1]" "loop[1]" 6 9, 6 9 0, S_0x8f6544f00;
 .timescale -9 -11;
P_0x8f6511b80 .param/l "i" 1 6 9, +C4<01>;
L_0x8f6c73f00 .functor AND 1, L_0x8f6d11fe0, L_0x8f6d12080, C4<1>, C4<1>;
v0x8f654cd20_0 .net *"_ivl_0", 0 0, L_0x8f6d11fe0;  1 drivers
v0x8f654cdc0_0 .net *"_ivl_1", 0 0, L_0x8f6d12080;  1 drivers
v0x8f654ce60_0 .net *"_ivl_2", 0 0, L_0x8f6c73f00;  1 drivers
S_0x8f6545380 .scope generate, "loop[2]" "loop[2]" 6 9, 6 9 0, S_0x8f6544f00;
 .timescale -9 -11;
P_0x8f6511bc0 .param/l "i" 1 6 9, +C4<010>;
L_0x8f6c73f70 .functor AND 1, L_0x8f6d12120, L_0x8f6d121c0, C4<1>, C4<1>;
v0x8f654cf00_0 .net *"_ivl_0", 0 0, L_0x8f6d12120;  1 drivers
v0x8f654cfa0_0 .net *"_ivl_1", 0 0, L_0x8f6d121c0;  1 drivers
v0x8f654d040_0 .net *"_ivl_2", 0 0, L_0x8f6c73f70;  1 drivers
S_0x8f6545500 .scope generate, "loop[3]" "loop[3]" 6 9, 6 9 0, S_0x8f6544f00;
 .timescale -9 -11;
P_0x8f6511c00 .param/l "i" 1 6 9, +C4<011>;
L_0x8f6d14000 .functor AND 1, L_0x8f6d12260, L_0x8f6d12300, C4<1>, C4<1>;
v0x8f654d0e0_0 .net *"_ivl_0", 0 0, L_0x8f6d12260;  1 drivers
v0x8f654d180_0 .net *"_ivl_1", 0 0, L_0x8f6d12300;  1 drivers
v0x8f654d220_0 .net *"_ivl_2", 0 0, L_0x8f6d14000;  1 drivers
S_0x8f6545680 .scope generate, "loop[4]" "loop[4]" 6 9, 6 9 0, S_0x8f6544f00;
 .timescale -9 -11;
P_0x8f6511c40 .param/l "i" 1 6 9, +C4<0100>;
L_0x8f6d14070 .functor AND 1, L_0x8f6d123a0, L_0x8f6d12440, C4<1>, C4<1>;
v0x8f654d2c0_0 .net *"_ivl_0", 0 0, L_0x8f6d123a0;  1 drivers
v0x8f654d360_0 .net *"_ivl_1", 0 0, L_0x8f6d12440;  1 drivers
v0x8f654d400_0 .net *"_ivl_2", 0 0, L_0x8f6d14070;  1 drivers
S_0x8f6545800 .scope generate, "loop[5]" "loop[5]" 6 9, 6 9 0, S_0x8f6544f00;
 .timescale -9 -11;
P_0x8f6511c80 .param/l "i" 1 6 9, +C4<0101>;
L_0x8f6d140e0 .functor AND 1, L_0x8f6d124e0, L_0x8f6d12580, C4<1>, C4<1>;
v0x8f654d4a0_0 .net *"_ivl_0", 0 0, L_0x8f6d124e0;  1 drivers
v0x8f654d540_0 .net *"_ivl_1", 0 0, L_0x8f6d12580;  1 drivers
v0x8f654d5e0_0 .net *"_ivl_2", 0 0, L_0x8f6d140e0;  1 drivers
S_0x8f6545980 .scope generate, "loop[6]" "loop[6]" 6 9, 6 9 0, S_0x8f6544f00;
 .timescale -9 -11;
P_0x8f6511cc0 .param/l "i" 1 6 9, +C4<0110>;
L_0x8f6d141c0 .functor AND 1, L_0x8f6d12620, L_0x8f6d126c0, C4<1>, C4<1>;
v0x8f654d680_0 .net *"_ivl_0", 0 0, L_0x8f6d12620;  1 drivers
v0x8f654d720_0 .net *"_ivl_1", 0 0, L_0x8f6d126c0;  1 drivers
v0x8f654d7c0_0 .net *"_ivl_2", 0 0, L_0x8f6d141c0;  1 drivers
S_0x8f6545b00 .scope generate, "loop[7]" "loop[7]" 6 9, 6 9 0, S_0x8f6544f00;
 .timescale -9 -11;
P_0x8f6511d00 .param/l "i" 1 6 9, +C4<0111>;
L_0x8f6d14150 .functor AND 1, L_0x8f6d12760, L_0x8f6d12800, C4<1>, C4<1>;
v0x8f654d860_0 .net *"_ivl_0", 0 0, L_0x8f6d12760;  1 drivers
v0x8f654d900_0 .net *"_ivl_1", 0 0, L_0x8f6d12800;  1 drivers
v0x8f654d9a0_0 .net *"_ivl_2", 0 0, L_0x8f6d14150;  1 drivers
S_0x8f6545c80 .scope generate, "loop[8]" "loop[8]" 6 9, 6 9 0, S_0x8f6544f00;
 .timescale -9 -11;
P_0x8f6511d40 .param/l "i" 1 6 9, +C4<01000>;
L_0x8f6d14230 .functor AND 1, L_0x8f6d128a0, L_0x8f6d12940, C4<1>, C4<1>;
v0x8f654da40_0 .net *"_ivl_0", 0 0, L_0x8f6d128a0;  1 drivers
v0x8f654dae0_0 .net *"_ivl_1", 0 0, L_0x8f6d12940;  1 drivers
v0x8f654db80_0 .net *"_ivl_2", 0 0, L_0x8f6d14230;  1 drivers
S_0x8f6545e00 .scope generate, "loop[9]" "loop[9]" 6 9, 6 9 0, S_0x8f6544f00;
 .timescale -9 -11;
P_0x8f6511d80 .param/l "i" 1 6 9, +C4<01001>;
L_0x8f6d142a0 .functor AND 1, L_0x8f6d129e0, L_0x8f6d12a80, C4<1>, C4<1>;
v0x8f654dc20_0 .net *"_ivl_0", 0 0, L_0x8f6d129e0;  1 drivers
v0x8f654dcc0_0 .net *"_ivl_1", 0 0, L_0x8f6d12a80;  1 drivers
v0x8f654dd60_0 .net *"_ivl_2", 0 0, L_0x8f6d142a0;  1 drivers
S_0x8f6545f80 .scope generate, "loop[10]" "loop[10]" 6 9, 6 9 0, S_0x8f6544f00;
 .timescale -9 -11;
P_0x8f6511dc0 .param/l "i" 1 6 9, +C4<01010>;
L_0x8f6d14310 .functor AND 1, L_0x8f6d12b20, L_0x8f6d12bc0, C4<1>, C4<1>;
v0x8f654de00_0 .net *"_ivl_0", 0 0, L_0x8f6d12b20;  1 drivers
v0x8f654dea0_0 .net *"_ivl_1", 0 0, L_0x8f6d12bc0;  1 drivers
v0x8f654df40_0 .net *"_ivl_2", 0 0, L_0x8f6d14310;  1 drivers
S_0x8f6546100 .scope generate, "loop[11]" "loop[11]" 6 9, 6 9 0, S_0x8f6544f00;
 .timescale -9 -11;
P_0x8f6511e00 .param/l "i" 1 6 9, +C4<01011>;
L_0x8f6d14380 .functor AND 1, L_0x8f6d12c60, L_0x8f6d12d00, C4<1>, C4<1>;
v0x8f654dfe0_0 .net *"_ivl_0", 0 0, L_0x8f6d12c60;  1 drivers
v0x8f654e080_0 .net *"_ivl_1", 0 0, L_0x8f6d12d00;  1 drivers
v0x8f654e120_0 .net *"_ivl_2", 0 0, L_0x8f6d14380;  1 drivers
S_0x8f6546280 .scope generate, "loop[12]" "loop[12]" 6 9, 6 9 0, S_0x8f6544f00;
 .timescale -9 -11;
P_0x8f6511e40 .param/l "i" 1 6 9, +C4<01100>;
L_0x8f6d143f0 .functor AND 1, L_0x8f6d12da0, L_0x8f6d12e40, C4<1>, C4<1>;
v0x8f654e1c0_0 .net *"_ivl_0", 0 0, L_0x8f6d12da0;  1 drivers
v0x8f654e260_0 .net *"_ivl_1", 0 0, L_0x8f6d12e40;  1 drivers
v0x8f654e300_0 .net *"_ivl_2", 0 0, L_0x8f6d143f0;  1 drivers
S_0x8f6546400 .scope generate, "loop[13]" "loop[13]" 6 9, 6 9 0, S_0x8f6544f00;
 .timescale -9 -11;
P_0x8f6511e80 .param/l "i" 1 6 9, +C4<01101>;
L_0x8f6d14460 .functor AND 1, L_0x8f6d12ee0, L_0x8f6d12f80, C4<1>, C4<1>;
v0x8f654e3a0_0 .net *"_ivl_0", 0 0, L_0x8f6d12ee0;  1 drivers
v0x8f654e440_0 .net *"_ivl_1", 0 0, L_0x8f6d12f80;  1 drivers
v0x8f654e4e0_0 .net *"_ivl_2", 0 0, L_0x8f6d14460;  1 drivers
S_0x8f6546580 .scope generate, "loop[14]" "loop[14]" 6 9, 6 9 0, S_0x8f6544f00;
 .timescale -9 -11;
P_0x8f6511ec0 .param/l "i" 1 6 9, +C4<01110>;
L_0x8f6d144d0 .functor AND 1, L_0x8f6d13020, L_0x8f6d130c0, C4<1>, C4<1>;
v0x8f654e580_0 .net *"_ivl_0", 0 0, L_0x8f6d13020;  1 drivers
v0x8f654e620_0 .net *"_ivl_1", 0 0, L_0x8f6d130c0;  1 drivers
v0x8f654e6c0_0 .net *"_ivl_2", 0 0, L_0x8f6d144d0;  1 drivers
S_0x8f6546700 .scope generate, "loop[15]" "loop[15]" 6 9, 6 9 0, S_0x8f6544f00;
 .timescale -9 -11;
P_0x8f6511f00 .param/l "i" 1 6 9, +C4<01111>;
L_0x8f6d14540 .functor AND 1, L_0x8f6d13160, L_0x8f6d13200, C4<1>, C4<1>;
v0x8f654e760_0 .net *"_ivl_0", 0 0, L_0x8f6d13160;  1 drivers
v0x8f654e800_0 .net *"_ivl_1", 0 0, L_0x8f6d13200;  1 drivers
v0x8f654e8a0_0 .net *"_ivl_2", 0 0, L_0x8f6d14540;  1 drivers
S_0x8f6546880 .scope generate, "loop[16]" "loop[16]" 6 9, 6 9 0, S_0x8f6544f00;
 .timescale -9 -11;
P_0x8f6511f40 .param/l "i" 1 6 9, +C4<010000>;
L_0x8f6d145b0 .functor AND 1, L_0x8f6d132a0, L_0x8f6d13340, C4<1>, C4<1>;
v0x8f654e940_0 .net *"_ivl_0", 0 0, L_0x8f6d132a0;  1 drivers
v0x8f654e9e0_0 .net *"_ivl_1", 0 0, L_0x8f6d13340;  1 drivers
v0x8f654ea80_0 .net *"_ivl_2", 0 0, L_0x8f6d145b0;  1 drivers
S_0x8f6546a00 .scope generate, "loop[17]" "loop[17]" 6 9, 6 9 0, S_0x8f6544f00;
 .timescale -9 -11;
P_0x8f6511f80 .param/l "i" 1 6 9, +C4<010001>;
L_0x8f6d14620 .functor AND 1, L_0x8f6d133e0, L_0x8f6d13480, C4<1>, C4<1>;
v0x8f654eb20_0 .net *"_ivl_0", 0 0, L_0x8f6d133e0;  1 drivers
v0x8f654ebc0_0 .net *"_ivl_1", 0 0, L_0x8f6d13480;  1 drivers
v0x8f654ec60_0 .net *"_ivl_2", 0 0, L_0x8f6d14620;  1 drivers
S_0x8f6546b80 .scope generate, "loop[18]" "loop[18]" 6 9, 6 9 0, S_0x8f6544f00;
 .timescale -9 -11;
P_0x8f6511fc0 .param/l "i" 1 6 9, +C4<010010>;
L_0x8f6d14690 .functor AND 1, L_0x8f6d13520, L_0x8f6d135c0, C4<1>, C4<1>;
v0x8f654ed00_0 .net *"_ivl_0", 0 0, L_0x8f6d13520;  1 drivers
v0x8f654eda0_0 .net *"_ivl_1", 0 0, L_0x8f6d135c0;  1 drivers
v0x8f654ee40_0 .net *"_ivl_2", 0 0, L_0x8f6d14690;  1 drivers
S_0x8f6546d00 .scope generate, "loop[19]" "loop[19]" 6 9, 6 9 0, S_0x8f6544f00;
 .timescale -9 -11;
P_0x8f6512000 .param/l "i" 1 6 9, +C4<010011>;
L_0x8f6d14700 .functor AND 1, L_0x8f6d13660, L_0x8f6d13700, C4<1>, C4<1>;
v0x8f654eee0_0 .net *"_ivl_0", 0 0, L_0x8f6d13660;  1 drivers
v0x8f654ef80_0 .net *"_ivl_1", 0 0, L_0x8f6d13700;  1 drivers
v0x8f654f020_0 .net *"_ivl_2", 0 0, L_0x8f6d14700;  1 drivers
S_0x8f6546e80 .scope generate, "loop[20]" "loop[20]" 6 9, 6 9 0, S_0x8f6544f00;
 .timescale -9 -11;
P_0x8f6512040 .param/l "i" 1 6 9, +C4<010100>;
L_0x8f6d14770 .functor AND 1, L_0x8f6d137a0, L_0x8f6d13840, C4<1>, C4<1>;
v0x8f654f0c0_0 .net *"_ivl_0", 0 0, L_0x8f6d137a0;  1 drivers
v0x8f654f160_0 .net *"_ivl_1", 0 0, L_0x8f6d13840;  1 drivers
v0x8f654f200_0 .net *"_ivl_2", 0 0, L_0x8f6d14770;  1 drivers
S_0x8f6547000 .scope generate, "loop[21]" "loop[21]" 6 9, 6 9 0, S_0x8f6544f00;
 .timescale -9 -11;
P_0x8f6512080 .param/l "i" 1 6 9, +C4<010101>;
L_0x8f6d147e0 .functor AND 1, L_0x8f6d138e0, L_0x8f6d13980, C4<1>, C4<1>;
v0x8f654f2a0_0 .net *"_ivl_0", 0 0, L_0x8f6d138e0;  1 drivers
v0x8f654f340_0 .net *"_ivl_1", 0 0, L_0x8f6d13980;  1 drivers
v0x8f654f3e0_0 .net *"_ivl_2", 0 0, L_0x8f6d147e0;  1 drivers
S_0x8f6547180 .scope generate, "loop[22]" "loop[22]" 6 9, 6 9 0, S_0x8f6544f00;
 .timescale -9 -11;
P_0x8f65120c0 .param/l "i" 1 6 9, +C4<010110>;
L_0x8f6d14850 .functor AND 1, L_0x8f6d13a20, L_0x8f6d13ac0, C4<1>, C4<1>;
v0x8f654f480_0 .net *"_ivl_0", 0 0, L_0x8f6d13a20;  1 drivers
v0x8f654f520_0 .net *"_ivl_1", 0 0, L_0x8f6d13ac0;  1 drivers
v0x8f654f5c0_0 .net *"_ivl_2", 0 0, L_0x8f6d14850;  1 drivers
S_0x8f6547300 .scope generate, "loop[23]" "loop[23]" 6 9, 6 9 0, S_0x8f6544f00;
 .timescale -9 -11;
P_0x8f6512100 .param/l "i" 1 6 9, +C4<010111>;
L_0x8f6d148c0 .functor AND 1, L_0x8f6d13b60, L_0x8f6d13c00, C4<1>, C4<1>;
v0x8f654f660_0 .net *"_ivl_0", 0 0, L_0x8f6d13b60;  1 drivers
v0x8f654f700_0 .net *"_ivl_1", 0 0, L_0x8f6d13c00;  1 drivers
v0x8f654f7a0_0 .net *"_ivl_2", 0 0, L_0x8f6d148c0;  1 drivers
S_0x8f6547480 .scope generate, "loop[24]" "loop[24]" 6 9, 6 9 0, S_0x8f6544f00;
 .timescale -9 -11;
P_0x8f6512140 .param/l "i" 1 6 9, +C4<011000>;
L_0x8f6d14930 .functor AND 1, L_0x8f6d13ca0, L_0x8f6d13d40, C4<1>, C4<1>;
v0x8f654f840_0 .net *"_ivl_0", 0 0, L_0x8f6d13ca0;  1 drivers
v0x8f654f8e0_0 .net *"_ivl_1", 0 0, L_0x8f6d13d40;  1 drivers
v0x8f654f980_0 .net *"_ivl_2", 0 0, L_0x8f6d14930;  1 drivers
S_0x8f6547600 .scope generate, "loop[25]" "loop[25]" 6 9, 6 9 0, S_0x8f6544f00;
 .timescale -9 -11;
P_0x8f6512180 .param/l "i" 1 6 9, +C4<011001>;
L_0x8f6d149a0 .functor AND 1, L_0x8f6d13de0, L_0x8f6d13e80, C4<1>, C4<1>;
v0x8f654fa20_0 .net *"_ivl_0", 0 0, L_0x8f6d13de0;  1 drivers
v0x8f654fac0_0 .net *"_ivl_1", 0 0, L_0x8f6d13e80;  1 drivers
v0x8f654fb60_0 .net *"_ivl_2", 0 0, L_0x8f6d149a0;  1 drivers
S_0x8f6547780 .scope generate, "loop[26]" "loop[26]" 6 9, 6 9 0, S_0x8f6544f00;
 .timescale -9 -11;
P_0x8f65121c0 .param/l "i" 1 6 9, +C4<011010>;
L_0x8f6d14a10 .functor AND 1, L_0x8f6d13f20, L_0x8f6d1c000, C4<1>, C4<1>;
v0x8f654fc00_0 .net *"_ivl_0", 0 0, L_0x8f6d13f20;  1 drivers
v0x8f654fca0_0 .net *"_ivl_1", 0 0, L_0x8f6d1c000;  1 drivers
v0x8f654fd40_0 .net *"_ivl_2", 0 0, L_0x8f6d14a10;  1 drivers
S_0x8f6547900 .scope generate, "loop[27]" "loop[27]" 6 9, 6 9 0, S_0x8f6544f00;
 .timescale -9 -11;
P_0x8f6512200 .param/l "i" 1 6 9, +C4<011011>;
L_0x8f6d14a80 .functor AND 1, L_0x8f6d1c0a0, L_0x8f6d1c140, C4<1>, C4<1>;
v0x8f654fde0_0 .net *"_ivl_0", 0 0, L_0x8f6d1c0a0;  1 drivers
v0x8f654fe80_0 .net *"_ivl_1", 0 0, L_0x8f6d1c140;  1 drivers
v0x8f654ff20_0 .net *"_ivl_2", 0 0, L_0x8f6d14a80;  1 drivers
S_0x8f6547a80 .scope generate, "loop[28]" "loop[28]" 6 9, 6 9 0, S_0x8f6544f00;
 .timescale -9 -11;
P_0x8f6512240 .param/l "i" 1 6 9, +C4<011100>;
L_0x8f6d14af0 .functor AND 1, L_0x8f6d1c1e0, L_0x8f6d1c280, C4<1>, C4<1>;
v0x8f6554000_0 .net *"_ivl_0", 0 0, L_0x8f6d1c1e0;  1 drivers
v0x8f65540a0_0 .net *"_ivl_1", 0 0, L_0x8f6d1c280;  1 drivers
v0x8f6554140_0 .net *"_ivl_2", 0 0, L_0x8f6d14af0;  1 drivers
S_0x8f6547c00 .scope generate, "loop[29]" "loop[29]" 6 9, 6 9 0, S_0x8f6544f00;
 .timescale -9 -11;
P_0x8f6512280 .param/l "i" 1 6 9, +C4<011101>;
L_0x8f6d14b60 .functor AND 1, L_0x8f6d1c320, L_0x8f6d1c3c0, C4<1>, C4<1>;
v0x8f65541e0_0 .net *"_ivl_0", 0 0, L_0x8f6d1c320;  1 drivers
v0x8f6554280_0 .net *"_ivl_1", 0 0, L_0x8f6d1c3c0;  1 drivers
v0x8f6554320_0 .net *"_ivl_2", 0 0, L_0x8f6d14b60;  1 drivers
S_0x8f6547d80 .scope generate, "loop[30]" "loop[30]" 6 9, 6 9 0, S_0x8f6544f00;
 .timescale -9 -11;
P_0x8f65122c0 .param/l "i" 1 6 9, +C4<011110>;
L_0x8f6d14bd0 .functor AND 1, L_0x8f6d1c460, L_0x8f6d1c500, C4<1>, C4<1>;
v0x8f65543c0_0 .net *"_ivl_0", 0 0, L_0x8f6d1c460;  1 drivers
v0x8f6554460_0 .net *"_ivl_1", 0 0, L_0x8f6d1c500;  1 drivers
v0x8f6554500_0 .net *"_ivl_2", 0 0, L_0x8f6d14bd0;  1 drivers
S_0x8f6558000 .scope generate, "loop[31]" "loop[31]" 6 9, 6 9 0, S_0x8f6544f00;
 .timescale -9 -11;
P_0x8f6512300 .param/l "i" 1 6 9, +C4<011111>;
L_0x8f6d14c40 .functor AND 1, L_0x8f6d1c5a0, L_0x8f6d1c640, C4<1>, C4<1>;
v0x8f65545a0_0 .net *"_ivl_0", 0 0, L_0x8f6d1c5a0;  1 drivers
v0x8f6554640_0 .net *"_ivl_1", 0 0, L_0x8f6d1c640;  1 drivers
v0x8f65546e0_0 .net *"_ivl_2", 0 0, L_0x8f6d14c40;  1 drivers
S_0x8f6558180 .scope module, "div_unit" "div" 4 62, 7 1 0, S_0x8f6544c00;
 .timescale -9 -11;
    .port_info 0 /INPUT 32 "dividend";
    .port_info 1 /INPUT 32 "divisor";
    .port_info 2 /OUTPUT 64 "res";
v0x8f6554960_0 .var "A", 31 0;
v0x8f6554a00_0 .var "M", 31 0;
v0x8f6554aa0_0 .var "Q", 31 0;
v0x8f6554b40_0 .net/s "dividend", 31 0, v0x8f65bbd40_0;  alias, 1 drivers
v0x8f6554be0_0 .net/s "divisor", 31 0, v0x8f658a080_0;  alias, 1 drivers
v0x8f6554c80_0 .var/i "i", 31 0;
v0x8f6554d20_0 .var "res", 63 0;
E_0x8f752ca40/0 .event anyedge, v0x8f654c820_0, v0x8f654c8c0_0, v0x8f6554960_0, v0x8f6554aa0_0;
E_0x8f752ca40/1 .event anyedge, v0x8f6554a00_0;
E_0x8f752ca40 .event/or E_0x8f752ca40/0, E_0x8f752ca40/1;
S_0x8f6558300 .scope module, "mul_unit" "mult" 4 56, 8 1 0, S_0x8f6544c00;
 .timescale -9 -11;
    .port_info 0 /INPUT 32 "a";
    .port_info 1 /INPUT 32 "b";
    .port_info 2 /OUTPUT 64 "z";
L_0x8f6c73d40 .functor NOT 1, L_0x8f6d11e00, C4<0>, C4<0>, C4<0>;
L_0x8f6c73db0 .functor NOT 32, v0x8f65bbd40_0, C4<00000000000000000000000000000000>, C4<00000000000000000000000000000000>, C4<00000000000000000000000000000000>;
L_0x8f6c73e20 .functor BUFZ 64, v0x8f6555540_0, C4<0000000000000000000000000000000000000000000000000000000000000000>, C4<0000000000000000000000000000000000000000000000000000000000000000>, C4<0000000000000000000000000000000000000000000000000000000000000000>;
v0x8f6554dc0_0 .net *"_ivl_1", 0 0, L_0x8f6d11e00;  1 drivers
v0x8f6554e60_0 .net *"_ivl_2", 0 0, L_0x8f6c73d40;  1 drivers
v0x8f6554f00_0 .net *"_ivl_4", 31 0, L_0x8f6c73db0;  1 drivers
v0x8f6554fa0_0 .net *"_ivl_6", 32 0, L_0x8f7545cc0;  1 drivers
L_0x8f6878f40 .functor BUFT 1, C4<000000000000000000000000000000001>, C4<0>, C4<0>, C4<0>;
v0x8f6555040_0 .net/2u *"_ivl_8", 32 0, L_0x8f6878f40;  1 drivers
v0x8f65550e0_0 .net/s "a", 31 0, v0x8f65bbd40_0;  alias, 1 drivers
v0x8f6555180_0 .net/s "b", 31 0, v0x8f658a080_0;  alias, 1 drivers
v0x8f6555220 .array "cc", 0 15, 2 0;
v0x8f65552c0_0 .var/i "i", 31 0;
v0x8f6555360_0 .net "inv_a", 32 0, L_0x8f7149c20;  1 drivers
v0x8f6555400_0 .var/i "j", 31 0;
v0x8f65554a0 .array "pp", 0 15, 32 0;
v0x8f6555540_0 .var "product", 63 0;
v0x8f65555e0 .array "spp", 0 15, 63 0;
v0x8f6555680_0 .net "z", 63 0, L_0x8f6c73e20;  alias, 1 drivers
E_0x8f752ca80 .event anyedge, v0x8f6555360_0, v0x8f654c8c0_0, v0x8f654c820_0;
L_0x8f6d11e00 .part v0x8f65bbd40_0, 31, 1;
L_0x8f7545cc0 .concat [ 32 1 0 0], L_0x8f6c73db0, L_0x8f6c73d40;
L_0x8f7149c20 .arith/sum 33, L_0x8f7545cc0, L_0x8f6878f40;
S_0x8f6558480 .scope module, "neg_unit" "negate" 4 85, 9 1 0, S_0x8f6544c00;
 .timescale -9 -11;
    .port_info 0 /INPUT 32 "A";
    .port_info 1 /OUTPUT 32 "C";
v0x8f65677a0_0 .net "A", 31 0, v0x8f65bbd40_0;  alias, 1 drivers
v0x8f6567840_0 .net "C", 31 0, L_0x8f75473e0;  alias, 1 drivers
L_0x8f6878f88 .functor BUFT 1, C4<1>, C4<0>, C4<0>, C4<0>;
v0x8f65678e0_0 .net/2u *"_ivl_357", 0 0, L_0x8f6878f88;  1 drivers
v0x8f6567980_0 .net "carry", 32 0, L_0x8f7547480;  1 drivers
v0x8f6567a20_0 .net "inverted_A", 31 0, L_0x8f7547340;  1 drivers
L_0x8f6d24320 .part v0x8f65bbd40_0, 0, 1;
L_0x8f6d243c0 .part v0x8f65bbd40_0, 1, 1;
L_0x8f6d24460 .part v0x8f65bbd40_0, 2, 1;
L_0x8f6d24500 .part v0x8f65bbd40_0, 3, 1;
L_0x8f6d245a0 .part v0x8f65bbd40_0, 4, 1;
L_0x8f6d24640 .part v0x8f65bbd40_0, 5, 1;
L_0x8f6d246e0 .part v0x8f65bbd40_0, 6, 1;
L_0x8f6d24780 .part v0x8f65bbd40_0, 7, 1;
L_0x8f6d24820 .part v0x8f65bbd40_0, 8, 1;
L_0x8f6d248c0 .part v0x8f65bbd40_0, 9, 1;
L_0x8f6d24960 .part v0x8f65bbd40_0, 10, 1;
L_0x8f6d24a00 .part v0x8f65bbd40_0, 11, 1;
L_0x8f6d24aa0 .part v0x8f65bbd40_0, 12, 1;
L_0x8f6d24b40 .part v0x8f65bbd40_0, 13, 1;
L_0x8f6d24be0 .part v0x8f65bbd40_0, 14, 1;
L_0x8f6d24c80 .part v0x8f65bbd40_0, 15, 1;
L_0x8f6d24d20 .part v0x8f65bbd40_0, 16, 1;
L_0x8f6d24dc0 .part v0x8f65bbd40_0, 17, 1;
L_0x8f6d24e60 .part v0x8f65bbd40_0, 18, 1;
L_0x8f6d24f00 .part v0x8f65bbd40_0, 19, 1;
L_0x8f6d24fa0 .part v0x8f65bbd40_0, 20, 1;
L_0x8f6d25040 .part v0x8f65bbd40_0, 21, 1;
L_0x8f6d250e0 .part v0x8f65bbd40_0, 22, 1;
L_0x8f6d25180 .part v0x8f65bbd40_0, 23, 1;
L_0x8f6d25220 .part v0x8f65bbd40_0, 24, 1;
L_0x8f6d252c0 .part v0x8f65bbd40_0, 25, 1;
L_0x8f6d25360 .part v0x8f65bbd40_0, 26, 1;
L_0x8f6d25400 .part v0x8f65bbd40_0, 27, 1;
L_0x8f6d254a0 .part v0x8f65bbd40_0, 28, 1;
L_0x8f6d25540 .part v0x8f65bbd40_0, 29, 1;
L_0x8f6d255e0 .part v0x8f65bbd40_0, 30, 1;
LS_0x8f7547340_0_0 .concat8 [ 1 1 1 1], L_0x8f6d15ab0, L_0x8f6d15b20, L_0x8f6d15b90, L_0x8f6d15c00;
LS_0x8f7547340_0_4 .concat8 [ 1 1 1 1], L_0x8f6d15c70, L_0x8f6d15ce0, L_0x8f6d15d50, L_0x8f6d15dc0;
LS_0x8f7547340_0_8 .concat8 [ 1 1 1 1], L_0x8f6d15e30, L_0x8f6d15ea0, L_0x8f6d15f10, L_0x8f6d15f80;
LS_0x8f7547340_0_12 .concat8 [ 1 1 1 1], L_0x8f6d16060, L_0x8f6d160d0, L_0x8f6d15ff0, L_0x8f6d16140;
LS_0x8f7547340_0_16 .concat8 [ 1 1 1 1], L_0x8f6d161b0, L_0x8f6d16220, L_0x8f6d16290, L_0x8f6d16300;
LS_0x8f7547340_0_20 .concat8 [ 1 1 1 1], L_0x8f6d16370, L_0x8f6d163e0, L_0x8f6d16450, L_0x8f6d164c0;
LS_0x8f7547340_0_24 .concat8 [ 1 1 1 1], L_0x8f6d16530, L_0x8f6d165a0, L_0x8f6d16610, L_0x8f6d16680;
LS_0x8f7547340_0_28 .concat8 [ 1 1 1 1], L_0x8f6d166f0, L_0x8f6d16760, L_0x8f6d167d0, L_0x8f6d16840;
LS_0x8f7547340_1_0 .concat8 [ 4 4 4 4], LS_0x8f7547340_0_0, LS_0x8f7547340_0_4, LS_0x8f7547340_0_8, LS_0x8f7547340_0_12;
LS_0x8f7547340_1_4 .concat8 [ 4 4 4 4], LS_0x8f7547340_0_16, LS_0x8f7547340_0_20, LS_0x8f7547340_0_24, LS_0x8f7547340_0_28;
L_0x8f7547340 .concat8 [ 16 16 0 0], LS_0x8f7547340_1_0, LS_0x8f7547340_1_4;
L_0x8f6d25680 .part v0x8f65bbd40_0, 31, 1;
L_0x8f6d25720 .part L_0x8f7547340, 0, 1;
L_0x8f6d257c0 .part L_0x8f7547480, 0, 1;
L_0x8f6d25860 .part L_0x8f7547340, 0, 1;
L_0x8f6d25900 .part L_0x8f7547480, 0, 1;
L_0x8f6d259a0 .part L_0x8f7547340, 1, 1;
L_0x8f6d25a40 .part L_0x8f7547480, 1, 1;
L_0x8f6d25ae0 .part L_0x8f7547340, 1, 1;
L_0x8f6d25b80 .part L_0x8f7547480, 1, 1;
L_0x8f6d25c20 .part L_0x8f7547340, 2, 1;
L_0x8f6d25cc0 .part L_0x8f7547480, 2, 1;
L_0x8f6d25d60 .part L_0x8f7547340, 2, 1;
L_0x8f6d25e00 .part L_0x8f7547480, 2, 1;
L_0x8f6d25ea0 .part L_0x8f7547340, 3, 1;
L_0x8f6d25f40 .part L_0x8f7547480, 3, 1;
L_0x8f6d25fe0 .part L_0x8f7547340, 3, 1;
L_0x8f6d26080 .part L_0x8f7547480, 3, 1;
L_0x8f6d26120 .part L_0x8f7547340, 4, 1;
L_0x8f6d261c0 .part L_0x8f7547480, 4, 1;
L_0x8f6d26260 .part L_0x8f7547340, 4, 1;
L_0x8f6d26300 .part L_0x8f7547480, 4, 1;
L_0x8f6d263a0 .part L_0x8f7547340, 5, 1;
L_0x8f6d26440 .part L_0x8f7547480, 5, 1;
L_0x8f6d264e0 .part L_0x8f7547340, 5, 1;
L_0x8f6d26580 .part L_0x8f7547480, 5, 1;
L_0x8f6d26620 .part L_0x8f7547340, 6, 1;
L_0x8f6d266c0 .part L_0x8f7547480, 6, 1;
L_0x8f6d26760 .part L_0x8f7547340, 6, 1;
L_0x8f6d26800 .part L_0x8f7547480, 6, 1;
L_0x8f6d268a0 .part L_0x8f7547340, 7, 1;
L_0x8f6d26940 .part L_0x8f7547480, 7, 1;
L_0x8f6d269e0 .part L_0x8f7547340, 7, 1;
L_0x8f6d26a80 .part L_0x8f7547480, 7, 1;
L_0x8f6d26b20 .part L_0x8f7547340, 8, 1;
L_0x8f6d26bc0 .part L_0x8f7547480, 8, 1;
L_0x8f6d26c60 .part L_0x8f7547340, 8, 1;
L_0x8f6d26d00 .part L_0x8f7547480, 8, 1;
L_0x8f6d26da0 .part L_0x8f7547340, 9, 1;
L_0x8f6d26e40 .part L_0x8f7547480, 9, 1;
L_0x8f6d26ee0 .part L_0x8f7547340, 9, 1;
L_0x8f6d26f80 .part L_0x8f7547480, 9, 1;
L_0x8f6d27020 .part L_0x8f7547340, 10, 1;
L_0x8f6d270c0 .part L_0x8f7547480, 10, 1;
L_0x8f6d27160 .part L_0x8f7547340, 10, 1;
L_0x8f6d27200 .part L_0x8f7547480, 10, 1;
L_0x8f6d272a0 .part L_0x8f7547340, 11, 1;
L_0x8f6d27340 .part L_0x8f7547480, 11, 1;
L_0x8f6d273e0 .part L_0x8f7547340, 11, 1;
L_0x8f6d27480 .part L_0x8f7547480, 11, 1;
L_0x8f6d27520 .part L_0x8f7547340, 12, 1;
L_0x8f6d275c0 .part L_0x8f7547480, 12, 1;
L_0x8f6d27660 .part L_0x8f7547340, 12, 1;
L_0x8f6d27700 .part L_0x8f7547480, 12, 1;
L_0x8f6d277a0 .part L_0x8f7547340, 13, 1;
L_0x8f6d27840 .part L_0x8f7547480, 13, 1;
L_0x8f6d278e0 .part L_0x8f7547340, 13, 1;
L_0x8f6d27980 .part L_0x8f7547480, 13, 1;
L_0x8f6d27a20 .part L_0x8f7547340, 14, 1;
L_0x8f6d27ac0 .part L_0x8f7547480, 14, 1;
L_0x8f6d27b60 .part L_0x8f7547340, 14, 1;
L_0x8f6d27c00 .part L_0x8f7547480, 14, 1;
L_0x8f6d27ca0 .part L_0x8f7547340, 15, 1;
L_0x8f6d27d40 .part L_0x8f7547480, 15, 1;
L_0x8f6d27de0 .part L_0x8f7547340, 15, 1;
L_0x8f6d27e80 .part L_0x8f7547480, 15, 1;
L_0x8f6d27f20 .part L_0x8f7547340, 16, 1;
L_0x8f6d2c000 .part L_0x8f7547480, 16, 1;
L_0x8f6d2c0a0 .part L_0x8f7547340, 16, 1;
L_0x8f6d2c140 .part L_0x8f7547480, 16, 1;
L_0x8f6d2c1e0 .part L_0x8f7547340, 17, 1;
L_0x8f6d2c280 .part L_0x8f7547480, 17, 1;
L_0x8f6d2c320 .part L_0x8f7547340, 17, 1;
L_0x8f6d2c3c0 .part L_0x8f7547480, 17, 1;
L_0x8f6d2c460 .part L_0x8f7547340, 18, 1;
L_0x8f6d2c500 .part L_0x8f7547480, 18, 1;
L_0x8f6d2c5a0 .part L_0x8f7547340, 18, 1;
L_0x8f6d2c640 .part L_0x8f7547480, 18, 1;
L_0x8f6d2c6e0 .part L_0x8f7547340, 19, 1;
L_0x8f6d2c780 .part L_0x8f7547480, 19, 1;
L_0x8f6d2c820 .part L_0x8f7547340, 19, 1;
L_0x8f6d2c8c0 .part L_0x8f7547480, 19, 1;
L_0x8f6d2c960 .part L_0x8f7547340, 20, 1;
L_0x8f6d2ca00 .part L_0x8f7547480, 20, 1;
L_0x8f6d2caa0 .part L_0x8f7547340, 20, 1;
L_0x8f6d2cb40 .part L_0x8f7547480, 20, 1;
L_0x8f6d2cbe0 .part L_0x8f7547340, 21, 1;
L_0x8f6d2cc80 .part L_0x8f7547480, 21, 1;
L_0x8f6d2cd20 .part L_0x8f7547340, 21, 1;
L_0x8f6d2cdc0 .part L_0x8f7547480, 21, 1;
L_0x8f6d2ce60 .part L_0x8f7547340, 22, 1;
L_0x8f6d2cf00 .part L_0x8f7547480, 22, 1;
L_0x8f6d2cfa0 .part L_0x8f7547340, 22, 1;
L_0x8f6d2d040 .part L_0x8f7547480, 22, 1;
L_0x8f6d2d0e0 .part L_0x8f7547340, 23, 1;
L_0x8f6d2d180 .part L_0x8f7547480, 23, 1;
L_0x8f6d2d220 .part L_0x8f7547340, 23, 1;
L_0x8f6d2d2c0 .part L_0x8f7547480, 23, 1;
L_0x8f6d2d360 .part L_0x8f7547340, 24, 1;
L_0x8f6d2d400 .part L_0x8f7547480, 24, 1;
L_0x8f6d2d4a0 .part L_0x8f7547340, 24, 1;
L_0x8f6d2d540 .part L_0x8f7547480, 24, 1;
L_0x8f6d2d5e0 .part L_0x8f7547340, 25, 1;
L_0x8f6d2d680 .part L_0x8f7547480, 25, 1;
L_0x8f6d2d720 .part L_0x8f7547340, 25, 1;
L_0x8f6d2d7c0 .part L_0x8f7547480, 25, 1;
L_0x8f6d2d860 .part L_0x8f7547340, 26, 1;
L_0x8f6d2d900 .part L_0x8f7547480, 26, 1;
L_0x8f6d2d9a0 .part L_0x8f7547340, 26, 1;
L_0x8f6d2da40 .part L_0x8f7547480, 26, 1;
L_0x8f6d2dae0 .part L_0x8f7547340, 27, 1;
L_0x8f6d2db80 .part L_0x8f7547480, 27, 1;
L_0x8f6d2dc20 .part L_0x8f7547340, 27, 1;
L_0x8f6d2dcc0 .part L_0x8f7547480, 27, 1;
L_0x8f6d2dd60 .part L_0x8f7547340, 28, 1;
L_0x8f6d2de00 .part L_0x8f7547480, 28, 1;
L_0x8f6d2dea0 .part L_0x8f7547340, 28, 1;
L_0x8f6d2df40 .part L_0x8f7547480, 28, 1;
L_0x8f6d2dfe0 .part L_0x8f7547340, 29, 1;
L_0x8f6d2e080 .part L_0x8f7547480, 29, 1;
L_0x8f6d2e120 .part L_0x8f7547340, 29, 1;
L_0x8f6d2e1c0 .part L_0x8f7547480, 29, 1;
L_0x8f6d2e260 .part L_0x8f7547340, 30, 1;
L_0x8f6d2e300 .part L_0x8f7547480, 30, 1;
L_0x8f6d2e3a0 .part L_0x8f7547340, 30, 1;
L_0x8f6d2e440 .part L_0x8f7547480, 30, 1;
LS_0x8f75473e0_0_0 .concat8 [ 1 1 1 1], L_0x8f6d168b0, L_0x8f6d16990, L_0x8f6d16a70, L_0x8f6d16b50;
LS_0x8f75473e0_0_4 .concat8 [ 1 1 1 1], L_0x8f6d16c30, L_0x8f6d16d10, L_0x8f6d16df0, L_0x8f6d16ed0;
LS_0x8f75473e0_0_8 .concat8 [ 1 1 1 1], L_0x8f6d16fb0, L_0x8f6d17090, L_0x8f6d17170, L_0x8f6d17250;
LS_0x8f75473e0_0_12 .concat8 [ 1 1 1 1], L_0x8f6d17330, L_0x8f6d17410, L_0x8f6d174f0, L_0x8f6d175d0;
LS_0x8f75473e0_0_16 .concat8 [ 1 1 1 1], L_0x8f6d176b0, L_0x8f6d17790, L_0x8f6d17870, L_0x8f6d17950;
LS_0x8f75473e0_0_20 .concat8 [ 1 1 1 1], L_0x8f6d17a30, L_0x8f6d17b10, L_0x8f6d17bf0, L_0x8f6d17cd0;
LS_0x8f75473e0_0_24 .concat8 [ 1 1 1 1], L_0x8f6d17db0, L_0x8f6d17e90, L_0x8f6d17f70, L_0x8f6d30070;
LS_0x8f75473e0_0_28 .concat8 [ 1 1 1 1], L_0x8f6d30150, L_0x8f6d30230, L_0x8f6d30310, L_0x8f6d303f0;
LS_0x8f75473e0_1_0 .concat8 [ 4 4 4 4], LS_0x8f75473e0_0_0, LS_0x8f75473e0_0_4, LS_0x8f75473e0_0_8, LS_0x8f75473e0_0_12;
LS_0x8f75473e0_1_4 .concat8 [ 4 4 4 4], LS_0x8f75473e0_0_16, LS_0x8f75473e0_0_20, LS_0x8f75473e0_0_24, LS_0x8f75473e0_0_28;
L_0x8f75473e0 .concat8 [ 16 16 0 0], LS_0x8f75473e0_1_0, LS_0x8f75473e0_1_4;
L_0x8f6d2e4e0 .part L_0x8f7547340, 31, 1;
L_0x8f6d2e580 .part L_0x8f7547480, 31, 1;
L_0x8f6d2e620 .part L_0x8f7547340, 31, 1;
L_0x8f6d2e6c0 .part L_0x8f7547480, 31, 1;
LS_0x8f7547480_0_0 .concat8 [ 1 1 1 1], L_0x8f6878f88, L_0x8f6d16920, L_0x8f6d16a00, L_0x8f6d16ae0;
LS_0x8f7547480_0_4 .concat8 [ 1 1 1 1], L_0x8f6d16bc0, L_0x8f6d16ca0, L_0x8f6d16d80, L_0x8f6d16e60;
LS_0x8f7547480_0_8 .concat8 [ 1 1 1 1], L_0x8f6d16f40, L_0x8f6d17020, L_0x8f6d17100, L_0x8f6d171e0;
LS_0x8f7547480_0_12 .concat8 [ 1 1 1 1], L_0x8f6d172c0, L_0x8f6d173a0, L_0x8f6d17480, L_0x8f6d17560;
LS_0x8f7547480_0_16 .concat8 [ 1 1 1 1], L_0x8f6d17640, L_0x8f6d17720, L_0x8f6d17800, L_0x8f6d178e0;
LS_0x8f7547480_0_20 .concat8 [ 1 1 1 1], L_0x8f6d179c0, L_0x8f6d17aa0, L_0x8f6d17b80, L_0x8f6d17c60;
LS_0x8f7547480_0_24 .concat8 [ 1 1 1 1], L_0x8f6d17d40, L_0x8f6d17e20, L_0x8f6d17f00, L_0x8f6d30000;
LS_0x8f7547480_0_28 .concat8 [ 1 1 1 1], L_0x8f6d300e0, L_0x8f6d301c0, L_0x8f6d302a0, L_0x8f6d30380;
LS_0x8f7547480_0_32 .concat8 [ 1 0 0 0], L_0x8f6d30460;
LS_0x8f7547480_1_0 .concat8 [ 4 4 4 4], LS_0x8f7547480_0_0, LS_0x8f7547480_0_4, LS_0x8f7547480_0_8, LS_0x8f7547480_0_12;
LS_0x8f7547480_1_4 .concat8 [ 4 4 4 4], LS_0x8f7547480_0_16, LS_0x8f7547480_0_20, LS_0x8f7547480_0_24, LS_0x8f7547480_0_28;
LS_0x8f7547480_1_8 .concat8 [ 1 0 0 0], LS_0x8f7547480_0_32;
L_0x8f7547480 .concat8 [ 16 16 1 0], LS_0x8f7547480_1_0, LS_0x8f7547480_1_4, LS_0x8f7547480_1_8;
S_0x8f6558600 .scope generate, "add_one_loop[0]" "add_one_loop[0]" 9 20, 9 20 0, S_0x8f6558480;
 .timescale -9 -11;
P_0x8f6512340 .param/l "i" 1 9 20, +C4<00>;
L_0x8f6d168b0 .functor XOR 1, L_0x8f6d25720, L_0x8f6d257c0, C4<0>, C4<0>;
L_0x8f6d16920 .functor AND 1, L_0x8f6d25860, L_0x8f6d25900, C4<1>, C4<1>;
v0x8f6555720_0 .net *"_ivl_0", 0 0, L_0x8f6d25720;  1 drivers
v0x8f65557c0_0 .net *"_ivl_1", 0 0, L_0x8f6d257c0;  1 drivers
v0x8f6555860_0 .net *"_ivl_2", 0 0, L_0x8f6d168b0;  1 drivers
v0x8f6555900_0 .net *"_ivl_4", 0 0, L_0x8f6d25860;  1 drivers
v0x8f65559a0_0 .net *"_ivl_5", 0 0, L_0x8f6d25900;  1 drivers
v0x8f6555a40_0 .net *"_ivl_6", 0 0, L_0x8f6d16920;  1 drivers
S_0x8f6558780 .scope generate, "add_one_loop[1]" "add_one_loop[1]" 9 20, 9 20 0, S_0x8f6558480;
 .timescale -9 -11;
P_0x8f6512380 .param/l "i" 1 9 20, +C4<01>;
L_0x8f6d16990 .functor XOR 1, L_0x8f6d259a0, L_0x8f6d25a40, C4<0>, C4<0>;
L_0x8f6d16a00 .functor AND 1, L_0x8f6d25ae0, L_0x8f6d25b80, C4<1>, C4<1>;
v0x8f6555ae0_0 .net *"_ivl_0", 0 0, L_0x8f6d259a0;  1 drivers
v0x8f6555b80_0 .net *"_ivl_1", 0 0, L_0x8f6d25a40;  1 drivers
v0x8f6555c20_0 .net *"_ivl_2", 0 0, L_0x8f6d16990;  1 drivers
v0x8f6555cc0_0 .net *"_ivl_4", 0 0, L_0x8f6d25ae0;  1 drivers
v0x8f6555d60_0 .net *"_ivl_5", 0 0, L_0x8f6d25b80;  1 drivers
v0x8f6555e00_0 .net *"_ivl_6", 0 0, L_0x8f6d16a00;  1 drivers
S_0x8f6558900 .scope generate, "add_one_loop[2]" "add_one_loop[2]" 9 20, 9 20 0, S_0x8f6558480;
 .timescale -9 -11;
P_0x8f65123c0 .param/l "i" 1 9 20, +C4<010>;
L_0x8f6d16a70 .functor XOR 1, L_0x8f6d25c20, L_0x8f6d25cc0, C4<0>, C4<0>;
L_0x8f6d16ae0 .functor AND 1, L_0x8f6d25d60, L_0x8f6d25e00, C4<1>, C4<1>;
v0x8f6555ea0_0 .net *"_ivl_0", 0 0, L_0x8f6d25c20;  1 drivers
v0x8f6555f40_0 .net *"_ivl_1", 0 0, L_0x8f6d25cc0;  1 drivers
v0x8f6555fe0_0 .net *"_ivl_2", 0 0, L_0x8f6d16a70;  1 drivers
v0x8f6556080_0 .net *"_ivl_4", 0 0, L_0x8f6d25d60;  1 drivers
v0x8f6556120_0 .net *"_ivl_5", 0 0, L_0x8f6d25e00;  1 drivers
v0x8f65561c0_0 .net *"_ivl_6", 0 0, L_0x8f6d16ae0;  1 drivers
S_0x8f6558a80 .scope generate, "add_one_loop[3]" "add_one_loop[3]" 9 20, 9 20 0, S_0x8f6558480;
 .timescale -9 -11;
P_0x8f6512400 .param/l "i" 1 9 20, +C4<011>;
L_0x8f6d16b50 .functor XOR 1, L_0x8f6d25ea0, L_0x8f6d25f40, C4<0>, C4<0>;
L_0x8f6d16bc0 .functor AND 1, L_0x8f6d25fe0, L_0x8f6d26080, C4<1>, C4<1>;
v0x8f6556260_0 .net *"_ivl_0", 0 0, L_0x8f6d25ea0;  1 drivers
v0x8f6556300_0 .net *"_ivl_1", 0 0, L_0x8f6d25f40;  1 drivers
v0x8f65563a0_0 .net *"_ivl_2", 0 0, L_0x8f6d16b50;  1 drivers
v0x8f6556440_0 .net *"_ivl_4", 0 0, L_0x8f6d25fe0;  1 drivers
v0x8f65564e0_0 .net *"_ivl_5", 0 0, L_0x8f6d26080;  1 drivers
v0x8f6556580_0 .net *"_ivl_6", 0 0, L_0x8f6d16bc0;  1 drivers
S_0x8f6558c00 .scope generate, "add_one_loop[4]" "add_one_loop[4]" 9 20, 9 20 0, S_0x8f6558480;
 .timescale -9 -11;
P_0x8f6512440 .param/l "i" 1 9 20, +C4<0100>;
L_0x8f6d16c30 .functor XOR 1, L_0x8f6d26120, L_0x8f6d261c0, C4<0>, C4<0>;
L_0x8f6d16ca0 .functor AND 1, L_0x8f6d26260, L_0x8f6d26300, C4<1>, C4<1>;
v0x8f6556620_0 .net *"_ivl_0", 0 0, L_0x8f6d26120;  1 drivers
v0x8f65566c0_0 .net *"_ivl_1", 0 0, L_0x8f6d261c0;  1 drivers
v0x8f6556760_0 .net *"_ivl_2", 0 0, L_0x8f6d16c30;  1 drivers
v0x8f6556800_0 .net *"_ivl_4", 0 0, L_0x8f6d26260;  1 drivers
v0x8f65568a0_0 .net *"_ivl_5", 0 0, L_0x8f6d26300;  1 drivers
v0x8f6556940_0 .net *"_ivl_6", 0 0, L_0x8f6d16ca0;  1 drivers
S_0x8f6558d80 .scope generate, "add_one_loop[5]" "add_one_loop[5]" 9 20, 9 20 0, S_0x8f6558480;
 .timescale -9 -11;
P_0x8f6512480 .param/l "i" 1 9 20, +C4<0101>;
L_0x8f6d16d10 .functor XOR 1, L_0x8f6d263a0, L_0x8f6d26440, C4<0>, C4<0>;
L_0x8f6d16d80 .functor AND 1, L_0x8f6d264e0, L_0x8f6d26580, C4<1>, C4<1>;
v0x8f65569e0_0 .net *"_ivl_0", 0 0, L_0x8f6d263a0;  1 drivers
v0x8f6556a80_0 .net *"_ivl_1", 0 0, L_0x8f6d26440;  1 drivers
v0x8f6556b20_0 .net *"_ivl_2", 0 0, L_0x8f6d16d10;  1 drivers
v0x8f6556bc0_0 .net *"_ivl_4", 0 0, L_0x8f6d264e0;  1 drivers
v0x8f6556c60_0 .net *"_ivl_5", 0 0, L_0x8f6d26580;  1 drivers
v0x8f6556d00_0 .net *"_ivl_6", 0 0, L_0x8f6d16d80;  1 drivers
S_0x8f6558f00 .scope generate, "add_one_loop[6]" "add_one_loop[6]" 9 20, 9 20 0, S_0x8f6558480;
 .timescale -9 -11;
P_0x8f65124c0 .param/l "i" 1 9 20, +C4<0110>;
L_0x8f6d16df0 .functor XOR 1, L_0x8f6d26620, L_0x8f6d266c0, C4<0>, C4<0>;
L_0x8f6d16e60 .functor AND 1, L_0x8f6d26760, L_0x8f6d26800, C4<1>, C4<1>;
v0x8f6556da0_0 .net *"_ivl_0", 0 0, L_0x8f6d26620;  1 drivers
v0x8f6556e40_0 .net *"_ivl_1", 0 0, L_0x8f6d266c0;  1 drivers
v0x8f6556ee0_0 .net *"_ivl_2", 0 0, L_0x8f6d16df0;  1 drivers
v0x8f6556f80_0 .net *"_ivl_4", 0 0, L_0x8f6d26760;  1 drivers
v0x8f6557020_0 .net *"_ivl_5", 0 0, L_0x8f6d26800;  1 drivers
v0x8f65570c0_0 .net *"_ivl_6", 0 0, L_0x8f6d16e60;  1 drivers
S_0x8f6559080 .scope generate, "add_one_loop[7]" "add_one_loop[7]" 9 20, 9 20 0, S_0x8f6558480;
 .timescale -9 -11;
P_0x8f6512500 .param/l "i" 1 9 20, +C4<0111>;
L_0x8f6d16ed0 .functor XOR 1, L_0x8f6d268a0, L_0x8f6d26940, C4<0>, C4<0>;
L_0x8f6d16f40 .functor AND 1, L_0x8f6d269e0, L_0x8f6d26a80, C4<1>, C4<1>;
v0x8f6557160_0 .net *"_ivl_0", 0 0, L_0x8f6d268a0;  1 drivers
v0x8f6557200_0 .net *"_ivl_1", 0 0, L_0x8f6d26940;  1 drivers
v0x8f65572a0_0 .net *"_ivl_2", 0 0, L_0x8f6d16ed0;  1 drivers
v0x8f6557340_0 .net *"_ivl_4", 0 0, L_0x8f6d269e0;  1 drivers
v0x8f65573e0_0 .net *"_ivl_5", 0 0, L_0x8f6d26a80;  1 drivers
v0x8f6557480_0 .net *"_ivl_6", 0 0, L_0x8f6d16f40;  1 drivers
S_0x8f6559200 .scope generate, "add_one_loop[8]" "add_one_loop[8]" 9 20, 9 20 0, S_0x8f6558480;
 .timescale -9 -11;
P_0x8f6512540 .param/l "i" 1 9 20, +C4<01000>;
L_0x8f6d16fb0 .functor XOR 1, L_0x8f6d26b20, L_0x8f6d26bc0, C4<0>, C4<0>;
L_0x8f6d17020 .functor AND 1, L_0x8f6d26c60, L_0x8f6d26d00, C4<1>, C4<1>;
v0x8f6557520_0 .net *"_ivl_0", 0 0, L_0x8f6d26b20;  1 drivers
v0x8f65575c0_0 .net *"_ivl_1", 0 0, L_0x8f6d26bc0;  1 drivers
v0x8f6557660_0 .net *"_ivl_2", 0 0, L_0x8f6d16fb0;  1 drivers
v0x8f6557700_0 .net *"_ivl_4", 0 0, L_0x8f6d26c60;  1 drivers
v0x8f65577a0_0 .net *"_ivl_5", 0 0, L_0x8f6d26d00;  1 drivers
v0x8f6557840_0 .net *"_ivl_6", 0 0, L_0x8f6d17020;  1 drivers
S_0x8f6559380 .scope generate, "add_one_loop[9]" "add_one_loop[9]" 9 20, 9 20 0, S_0x8f6558480;
 .timescale -9 -11;
P_0x8f6512580 .param/l "i" 1 9 20, +C4<01001>;
L_0x8f6d17090 .functor XOR 1, L_0x8f6d26da0, L_0x8f6d26e40, C4<0>, C4<0>;
L_0x8f6d17100 .functor AND 1, L_0x8f6d26ee0, L_0x8f6d26f80, C4<1>, C4<1>;
v0x8f65578e0_0 .net *"_ivl_0", 0 0, L_0x8f6d26da0;  1 drivers
v0x8f6557980_0 .net *"_ivl_1", 0 0, L_0x8f6d26e40;  1 drivers
v0x8f6557a20_0 .net *"_ivl_2", 0 0, L_0x8f6d17090;  1 drivers
v0x8f6557ac0_0 .net *"_ivl_4", 0 0, L_0x8f6d26ee0;  1 drivers
v0x8f6557b60_0 .net *"_ivl_5", 0 0, L_0x8f6d26f80;  1 drivers
v0x8f6557c00_0 .net *"_ivl_6", 0 0, L_0x8f6d17100;  1 drivers
S_0x8f6559500 .scope generate, "add_one_loop[10]" "add_one_loop[10]" 9 20, 9 20 0, S_0x8f6558480;
 .timescale -9 -11;
P_0x8f65125c0 .param/l "i" 1 9 20, +C4<01010>;
L_0x8f6d17170 .functor XOR 1, L_0x8f6d27020, L_0x8f6d270c0, C4<0>, C4<0>;
L_0x8f6d171e0 .functor AND 1, L_0x8f6d27160, L_0x8f6d27200, C4<1>, C4<1>;
v0x8f6557ca0_0 .net *"_ivl_0", 0 0, L_0x8f6d27020;  1 drivers
v0x8f6557d40_0 .net *"_ivl_1", 0 0, L_0x8f6d270c0;  1 drivers
v0x8f6557de0_0 .net *"_ivl_2", 0 0, L_0x8f6d17170;  1 drivers
v0x8f6557e80_0 .net *"_ivl_4", 0 0, L_0x8f6d27160;  1 drivers
v0x8f6557f20_0 .net *"_ivl_5", 0 0, L_0x8f6d27200;  1 drivers
v0x8f655c000_0 .net *"_ivl_6", 0 0, L_0x8f6d171e0;  1 drivers
S_0x8f6559680 .scope generate, "add_one_loop[11]" "add_one_loop[11]" 9 20, 9 20 0, S_0x8f6558480;
 .timescale -9 -11;
P_0x8f6512600 .param/l "i" 1 9 20, +C4<01011>;
L_0x8f6d17250 .functor XOR 1, L_0x8f6d272a0, L_0x8f6d27340, C4<0>, C4<0>;
L_0x8f6d172c0 .functor AND 1, L_0x8f6d273e0, L_0x8f6d27480, C4<1>, C4<1>;
v0x8f655c0a0_0 .net *"_ivl_0", 0 0, L_0x8f6d272a0;  1 drivers
v0x8f655c140_0 .net *"_ivl_1", 0 0, L_0x8f6d27340;  1 drivers
v0x8f655c1e0_0 .net *"_ivl_2", 0 0, L_0x8f6d17250;  1 drivers
v0x8f655c280_0 .net *"_ivl_4", 0 0, L_0x8f6d273e0;  1 drivers
v0x8f655c320_0 .net *"_ivl_5", 0 0, L_0x8f6d27480;  1 drivers
v0x8f655c3c0_0 .net *"_ivl_6", 0 0, L_0x8f6d172c0;  1 drivers
S_0x8f6559800 .scope generate, "add_one_loop[12]" "add_one_loop[12]" 9 20, 9 20 0, S_0x8f6558480;
 .timescale -9 -11;
P_0x8f6512640 .param/l "i" 1 9 20, +C4<01100>;
L_0x8f6d17330 .functor XOR 1, L_0x8f6d27520, L_0x8f6d275c0, C4<0>, C4<0>;
L_0x8f6d173a0 .functor AND 1, L_0x8f6d27660, L_0x8f6d27700, C4<1>, C4<1>;
v0x8f655c460_0 .net *"_ivl_0", 0 0, L_0x8f6d27520;  1 drivers
v0x8f655c500_0 .net *"_ivl_1", 0 0, L_0x8f6d275c0;  1 drivers
v0x8f655c5a0_0 .net *"_ivl_2", 0 0, L_0x8f6d17330;  1 drivers
v0x8f655c640_0 .net *"_ivl_4", 0 0, L_0x8f6d27660;  1 drivers
v0x8f655c6e0_0 .net *"_ivl_5", 0 0, L_0x8f6d27700;  1 drivers
v0x8f655c780_0 .net *"_ivl_6", 0 0, L_0x8f6d173a0;  1 drivers
S_0x8f6559980 .scope generate, "add_one_loop[13]" "add_one_loop[13]" 9 20, 9 20 0, S_0x8f6558480;
 .timescale -9 -11;
P_0x8f6512680 .param/l "i" 1 9 20, +C4<01101>;
L_0x8f6d17410 .functor XOR 1, L_0x8f6d277a0, L_0x8f6d27840, C4<0>, C4<0>;
L_0x8f6d17480 .functor AND 1, L_0x8f6d278e0, L_0x8f6d27980, C4<1>, C4<1>;
v0x8f655c820_0 .net *"_ivl_0", 0 0, L_0x8f6d277a0;  1 drivers
v0x8f655c8c0_0 .net *"_ivl_1", 0 0, L_0x8f6d27840;  1 drivers
v0x8f655c960_0 .net *"_ivl_2", 0 0, L_0x8f6d17410;  1 drivers
v0x8f655ca00_0 .net *"_ivl_4", 0 0, L_0x8f6d278e0;  1 drivers
v0x8f655caa0_0 .net *"_ivl_5", 0 0, L_0x8f6d27980;  1 drivers
v0x8f655cb40_0 .net *"_ivl_6", 0 0, L_0x8f6d17480;  1 drivers
S_0x8f6559b00 .scope generate, "add_one_loop[14]" "add_one_loop[14]" 9 20, 9 20 0, S_0x8f6558480;
 .timescale -9 -11;
P_0x8f65126c0 .param/l "i" 1 9 20, +C4<01110>;
L_0x8f6d174f0 .functor XOR 1, L_0x8f6d27a20, L_0x8f6d27ac0, C4<0>, C4<0>;
L_0x8f6d17560 .functor AND 1, L_0x8f6d27b60, L_0x8f6d27c00, C4<1>, C4<1>;
v0x8f655cbe0_0 .net *"_ivl_0", 0 0, L_0x8f6d27a20;  1 drivers
v0x8f655cc80_0 .net *"_ivl_1", 0 0, L_0x8f6d27ac0;  1 drivers
v0x8f655cd20_0 .net *"_ivl_2", 0 0, L_0x8f6d174f0;  1 drivers
v0x8f655cdc0_0 .net *"_ivl_4", 0 0, L_0x8f6d27b60;  1 drivers
v0x8f655ce60_0 .net *"_ivl_5", 0 0, L_0x8f6d27c00;  1 drivers
v0x8f655cf00_0 .net *"_ivl_6", 0 0, L_0x8f6d17560;  1 drivers
S_0x8f6559c80 .scope generate, "add_one_loop[15]" "add_one_loop[15]" 9 20, 9 20 0, S_0x8f6558480;
 .timescale -9 -11;
P_0x8f6512700 .param/l "i" 1 9 20, +C4<01111>;
L_0x8f6d175d0 .functor XOR 1, L_0x8f6d27ca0, L_0x8f6d27d40, C4<0>, C4<0>;
L_0x8f6d17640 .functor AND 1, L_0x8f6d27de0, L_0x8f6d27e80, C4<1>, C4<1>;
v0x8f655cfa0_0 .net *"_ivl_0", 0 0, L_0x8f6d27ca0;  1 drivers
v0x8f655d040_0 .net *"_ivl_1", 0 0, L_0x8f6d27d40;  1 drivers
v0x8f655d0e0_0 .net *"_ivl_2", 0 0, L_0x8f6d175d0;  1 drivers
v0x8f655d180_0 .net *"_ivl_4", 0 0, L_0x8f6d27de0;  1 drivers
v0x8f655d220_0 .net *"_ivl_5", 0 0, L_0x8f6d27e80;  1 drivers
v0x8f655d2c0_0 .net *"_ivl_6", 0 0, L_0x8f6d17640;  1 drivers
S_0x8f6559e00 .scope generate, "add_one_loop[16]" "add_one_loop[16]" 9 20, 9 20 0, S_0x8f6558480;
 .timescale -9 -11;
P_0x8f6512740 .param/l "i" 1 9 20, +C4<010000>;
L_0x8f6d176b0 .functor XOR 1, L_0x8f6d27f20, L_0x8f6d2c000, C4<0>, C4<0>;
L_0x8f6d17720 .functor AND 1, L_0x8f6d2c0a0, L_0x8f6d2c140, C4<1>, C4<1>;
v0x8f655d360_0 .net *"_ivl_0", 0 0, L_0x8f6d27f20;  1 drivers
v0x8f655d400_0 .net *"_ivl_1", 0 0, L_0x8f6d2c000;  1 drivers
v0x8f655d4a0_0 .net *"_ivl_2", 0 0, L_0x8f6d176b0;  1 drivers
v0x8f655d540_0 .net *"_ivl_4", 0 0, L_0x8f6d2c0a0;  1 drivers
v0x8f655d5e0_0 .net *"_ivl_5", 0 0, L_0x8f6d2c140;  1 drivers
v0x8f655d680_0 .net *"_ivl_6", 0 0, L_0x8f6d17720;  1 drivers
S_0x8f6559f80 .scope generate, "add_one_loop[17]" "add_one_loop[17]" 9 20, 9 20 0, S_0x8f6558480;
 .timescale -9 -11;
P_0x8f6512780 .param/l "i" 1 9 20, +C4<010001>;
L_0x8f6d17790 .functor XOR 1, L_0x8f6d2c1e0, L_0x8f6d2c280, C4<0>, C4<0>;
L_0x8f6d17800 .functor AND 1, L_0x8f6d2c320, L_0x8f6d2c3c0, C4<1>, C4<1>;
v0x8f655d720_0 .net *"_ivl_0", 0 0, L_0x8f6d2c1e0;  1 drivers
v0x8f655d7c0_0 .net *"_ivl_1", 0 0, L_0x8f6d2c280;  1 drivers
v0x8f655d860_0 .net *"_ivl_2", 0 0, L_0x8f6d17790;  1 drivers
v0x8f655d900_0 .net *"_ivl_4", 0 0, L_0x8f6d2c320;  1 drivers
v0x8f655d9a0_0 .net *"_ivl_5", 0 0, L_0x8f6d2c3c0;  1 drivers
v0x8f655da40_0 .net *"_ivl_6", 0 0, L_0x8f6d17800;  1 drivers
S_0x8f655a100 .scope generate, "add_one_loop[18]" "add_one_loop[18]" 9 20, 9 20 0, S_0x8f6558480;
 .timescale -9 -11;
P_0x8f65127c0 .param/l "i" 1 9 20, +C4<010010>;
L_0x8f6d17870 .functor XOR 1, L_0x8f6d2c460, L_0x8f6d2c500, C4<0>, C4<0>;
L_0x8f6d178e0 .functor AND 1, L_0x8f6d2c5a0, L_0x8f6d2c640, C4<1>, C4<1>;
v0x8f655dae0_0 .net *"_ivl_0", 0 0, L_0x8f6d2c460;  1 drivers
v0x8f655db80_0 .net *"_ivl_1", 0 0, L_0x8f6d2c500;  1 drivers
v0x8f655dc20_0 .net *"_ivl_2", 0 0, L_0x8f6d17870;  1 drivers
v0x8f655dcc0_0 .net *"_ivl_4", 0 0, L_0x8f6d2c5a0;  1 drivers
v0x8f655dd60_0 .net *"_ivl_5", 0 0, L_0x8f6d2c640;  1 drivers
v0x8f655de00_0 .net *"_ivl_6", 0 0, L_0x8f6d178e0;  1 drivers
S_0x8f655a280 .scope generate, "add_one_loop[19]" "add_one_loop[19]" 9 20, 9 20 0, S_0x8f6558480;
 .timescale -9 -11;
P_0x8f6512800 .param/l "i" 1 9 20, +C4<010011>;
L_0x8f6d17950 .functor XOR 1, L_0x8f6d2c6e0, L_0x8f6d2c780, C4<0>, C4<0>;
L_0x8f6d179c0 .functor AND 1, L_0x8f6d2c820, L_0x8f6d2c8c0, C4<1>, C4<1>;
v0x8f655dea0_0 .net *"_ivl_0", 0 0, L_0x8f6d2c6e0;  1 drivers
v0x8f655df40_0 .net *"_ivl_1", 0 0, L_0x8f6d2c780;  1 drivers
v0x8f655dfe0_0 .net *"_ivl_2", 0 0, L_0x8f6d17950;  1 drivers
v0x8f655e080_0 .net *"_ivl_4", 0 0, L_0x8f6d2c820;  1 drivers
v0x8f655e120_0 .net *"_ivl_5", 0 0, L_0x8f6d2c8c0;  1 drivers
v0x8f655e1c0_0 .net *"_ivl_6", 0 0, L_0x8f6d179c0;  1 drivers
S_0x8f655a400 .scope generate, "add_one_loop[20]" "add_one_loop[20]" 9 20, 9 20 0, S_0x8f6558480;
 .timescale -9 -11;
P_0x8f6512840 .param/l "i" 1 9 20, +C4<010100>;
L_0x8f6d17a30 .functor XOR 1, L_0x8f6d2c960, L_0x8f6d2ca00, C4<0>, C4<0>;
L_0x8f6d17aa0 .functor AND 1, L_0x8f6d2caa0, L_0x8f6d2cb40, C4<1>, C4<1>;
v0x8f655e260_0 .net *"_ivl_0", 0 0, L_0x8f6d2c960;  1 drivers
v0x8f655e300_0 .net *"_ivl_1", 0 0, L_0x8f6d2ca00;  1 drivers
v0x8f655e3a0_0 .net *"_ivl_2", 0 0, L_0x8f6d17a30;  1 drivers
v0x8f655e440_0 .net *"_ivl_4", 0 0, L_0x8f6d2caa0;  1 drivers
v0x8f655e4e0_0 .net *"_ivl_5", 0 0, L_0x8f6d2cb40;  1 drivers
v0x8f655e580_0 .net *"_ivl_6", 0 0, L_0x8f6d17aa0;  1 drivers
S_0x8f655a580 .scope generate, "add_one_loop[21]" "add_one_loop[21]" 9 20, 9 20 0, S_0x8f6558480;
 .timescale -9 -11;
P_0x8f6512880 .param/l "i" 1 9 20, +C4<010101>;
L_0x8f6d17b10 .functor XOR 1, L_0x8f6d2cbe0, L_0x8f6d2cc80, C4<0>, C4<0>;
L_0x8f6d17b80 .functor AND 1, L_0x8f6d2cd20, L_0x8f6d2cdc0, C4<1>, C4<1>;
v0x8f655e620_0 .net *"_ivl_0", 0 0, L_0x8f6d2cbe0;  1 drivers
v0x8f655e6c0_0 .net *"_ivl_1", 0 0, L_0x8f6d2cc80;  1 drivers
v0x8f655e760_0 .net *"_ivl_2", 0 0, L_0x8f6d17b10;  1 drivers
v0x8f655e800_0 .net *"_ivl_4", 0 0, L_0x8f6d2cd20;  1 drivers
v0x8f655e8a0_0 .net *"_ivl_5", 0 0, L_0x8f6d2cdc0;  1 drivers
v0x8f655e940_0 .net *"_ivl_6", 0 0, L_0x8f6d17b80;  1 drivers
S_0x8f655a700 .scope generate, "add_one_loop[22]" "add_one_loop[22]" 9 20, 9 20 0, S_0x8f6558480;
 .timescale -9 -11;
P_0x8f65128c0 .param/l "i" 1 9 20, +C4<010110>;
L_0x8f6d17bf0 .functor XOR 1, L_0x8f6d2ce60, L_0x8f6d2cf00, C4<0>, C4<0>;
L_0x8f6d17c60 .functor AND 1, L_0x8f6d2cfa0, L_0x8f6d2d040, C4<1>, C4<1>;
v0x8f655e9e0_0 .net *"_ivl_0", 0 0, L_0x8f6d2ce60;  1 drivers
v0x8f655ea80_0 .net *"_ivl_1", 0 0, L_0x8f6d2cf00;  1 drivers
v0x8f655eb20_0 .net *"_ivl_2", 0 0, L_0x8f6d17bf0;  1 drivers
v0x8f655ebc0_0 .net *"_ivl_4", 0 0, L_0x8f6d2cfa0;  1 drivers
v0x8f655ec60_0 .net *"_ivl_5", 0 0, L_0x8f6d2d040;  1 drivers
v0x8f655ed00_0 .net *"_ivl_6", 0 0, L_0x8f6d17c60;  1 drivers
S_0x8f655a880 .scope generate, "add_one_loop[23]" "add_one_loop[23]" 9 20, 9 20 0, S_0x8f6558480;
 .timescale -9 -11;
P_0x8f6512900 .param/l "i" 1 9 20, +C4<010111>;
L_0x8f6d17cd0 .functor XOR 1, L_0x8f6d2d0e0, L_0x8f6d2d180, C4<0>, C4<0>;
L_0x8f6d17d40 .functor AND 1, L_0x8f6d2d220, L_0x8f6d2d2c0, C4<1>, C4<1>;
v0x8f655eda0_0 .net *"_ivl_0", 0 0, L_0x8f6d2d0e0;  1 drivers
v0x8f655ee40_0 .net *"_ivl_1", 0 0, L_0x8f6d2d180;  1 drivers
v0x8f655eee0_0 .net *"_ivl_2", 0 0, L_0x8f6d17cd0;  1 drivers
v0x8f655ef80_0 .net *"_ivl_4", 0 0, L_0x8f6d2d220;  1 drivers
v0x8f655f020_0 .net *"_ivl_5", 0 0, L_0x8f6d2d2c0;  1 drivers
v0x8f655f0c0_0 .net *"_ivl_6", 0 0, L_0x8f6d17d40;  1 drivers
S_0x8f655aa00 .scope generate, "add_one_loop[24]" "add_one_loop[24]" 9 20, 9 20 0, S_0x8f6558480;
 .timescale -9 -11;
P_0x8f6512940 .param/l "i" 1 9 20, +C4<011000>;
L_0x8f6d17db0 .functor XOR 1, L_0x8f6d2d360, L_0x8f6d2d400, C4<0>, C4<0>;
L_0x8f6d17e20 .functor AND 1, L_0x8f6d2d4a0, L_0x8f6d2d540, C4<1>, C4<1>;
v0x8f655f160_0 .net *"_ivl_0", 0 0, L_0x8f6d2d360;  1 drivers
v0x8f655f200_0 .net *"_ivl_1", 0 0, L_0x8f6d2d400;  1 drivers
v0x8f655f2a0_0 .net *"_ivl_2", 0 0, L_0x8f6d17db0;  1 drivers
v0x8f655f340_0 .net *"_ivl_4", 0 0, L_0x8f6d2d4a0;  1 drivers
v0x8f655f3e0_0 .net *"_ivl_5", 0 0, L_0x8f6d2d540;  1 drivers
v0x8f655f480_0 .net *"_ivl_6", 0 0, L_0x8f6d17e20;  1 drivers
S_0x8f655ab80 .scope generate, "add_one_loop[25]" "add_one_loop[25]" 9 20, 9 20 0, S_0x8f6558480;
 .timescale -9 -11;
P_0x8f6512980 .param/l "i" 1 9 20, +C4<011001>;
L_0x8f6d17e90 .functor XOR 1, L_0x8f6d2d5e0, L_0x8f6d2d680, C4<0>, C4<0>;
L_0x8f6d17f00 .functor AND 1, L_0x8f6d2d720, L_0x8f6d2d7c0, C4<1>, C4<1>;
v0x8f655f520_0 .net *"_ivl_0", 0 0, L_0x8f6d2d5e0;  1 drivers
v0x8f655f5c0_0 .net *"_ivl_1", 0 0, L_0x8f6d2d680;  1 drivers
v0x8f655f660_0 .net *"_ivl_2", 0 0, L_0x8f6d17e90;  1 drivers
v0x8f655f700_0 .net *"_ivl_4", 0 0, L_0x8f6d2d720;  1 drivers
v0x8f655f7a0_0 .net *"_ivl_5", 0 0, L_0x8f6d2d7c0;  1 drivers
v0x8f655f840_0 .net *"_ivl_6", 0 0, L_0x8f6d17f00;  1 drivers
S_0x8f655ad00 .scope generate, "add_one_loop[26]" "add_one_loop[26]" 9 20, 9 20 0, S_0x8f6558480;
 .timescale -9 -11;
P_0x8f65129c0 .param/l "i" 1 9 20, +C4<011010>;
L_0x8f6d17f70 .functor XOR 1, L_0x8f6d2d860, L_0x8f6d2d900, C4<0>, C4<0>;
L_0x8f6d30000 .functor AND 1, L_0x8f6d2d9a0, L_0x8f6d2da40, C4<1>, C4<1>;
v0x8f655f8e0_0 .net *"_ivl_0", 0 0, L_0x8f6d2d860;  1 drivers
v0x8f655f980_0 .net *"_ivl_1", 0 0, L_0x8f6d2d900;  1 drivers
v0x8f655fa20_0 .net *"_ivl_2", 0 0, L_0x8f6d17f70;  1 drivers
v0x8f655fac0_0 .net *"_ivl_4", 0 0, L_0x8f6d2d9a0;  1 drivers
v0x8f655fb60_0 .net *"_ivl_5", 0 0, L_0x8f6d2da40;  1 drivers
v0x8f655fc00_0 .net *"_ivl_6", 0 0, L_0x8f6d30000;  1 drivers
S_0x8f655ae80 .scope generate, "add_one_loop[27]" "add_one_loop[27]" 9 20, 9 20 0, S_0x8f6558480;
 .timescale -9 -11;
P_0x8f6512a00 .param/l "i" 1 9 20, +C4<011011>;
L_0x8f6d30070 .functor XOR 1, L_0x8f6d2dae0, L_0x8f6d2db80, C4<0>, C4<0>;
L_0x8f6d300e0 .functor AND 1, L_0x8f6d2dc20, L_0x8f6d2dcc0, C4<1>, C4<1>;
v0x8f655fca0_0 .net *"_ivl_0", 0 0, L_0x8f6d2dae0;  1 drivers
v0x8f655fd40_0 .net *"_ivl_1", 0 0, L_0x8f6d2db80;  1 drivers
v0x8f655fde0_0 .net *"_ivl_2", 0 0, L_0x8f6d30070;  1 drivers
v0x8f655fe80_0 .net *"_ivl_4", 0 0, L_0x8f6d2dc20;  1 drivers
v0x8f655ff20_0 .net *"_ivl_5", 0 0, L_0x8f6d2dcc0;  1 drivers
v0x8f6564000_0 .net *"_ivl_6", 0 0, L_0x8f6d300e0;  1 drivers
S_0x8f655b000 .scope generate, "add_one_loop[28]" "add_one_loop[28]" 9 20, 9 20 0, S_0x8f6558480;
 .timescale -9 -11;
P_0x8f6512a40 .param/l "i" 1 9 20, +C4<011100>;
L_0x8f6d30150 .functor XOR 1, L_0x8f6d2dd60, L_0x8f6d2de00, C4<0>, C4<0>;
L_0x8f6d301c0 .functor AND 1, L_0x8f6d2dea0, L_0x8f6d2df40, C4<1>, C4<1>;
v0x8f65640a0_0 .net *"_ivl_0", 0 0, L_0x8f6d2dd60;  1 drivers
v0x8f6564140_0 .net *"_ivl_1", 0 0, L_0x8f6d2de00;  1 drivers
v0x8f65641e0_0 .net *"_ivl_2", 0 0, L_0x8f6d30150;  1 drivers
v0x8f6564280_0 .net *"_ivl_4", 0 0, L_0x8f6d2dea0;  1 drivers
v0x8f6564320_0 .net *"_ivl_5", 0 0, L_0x8f6d2df40;  1 drivers
v0x8f65643c0_0 .net *"_ivl_6", 0 0, L_0x8f6d301c0;  1 drivers
S_0x8f655b180 .scope generate, "add_one_loop[29]" "add_one_loop[29]" 9 20, 9 20 0, S_0x8f6558480;
 .timescale -9 -11;
P_0x8f6512a80 .param/l "i" 1 9 20, +C4<011101>;
L_0x8f6d30230 .functor XOR 1, L_0x8f6d2dfe0, L_0x8f6d2e080, C4<0>, C4<0>;
L_0x8f6d302a0 .functor AND 1, L_0x8f6d2e120, L_0x8f6d2e1c0, C4<1>, C4<1>;
v0x8f6564460_0 .net *"_ivl_0", 0 0, L_0x8f6d2dfe0;  1 drivers
v0x8f6564500_0 .net *"_ivl_1", 0 0, L_0x8f6d2e080;  1 drivers
v0x8f65645a0_0 .net *"_ivl_2", 0 0, L_0x8f6d30230;  1 drivers
v0x8f6564640_0 .net *"_ivl_4", 0 0, L_0x8f6d2e120;  1 drivers
v0x8f65646e0_0 .net *"_ivl_5", 0 0, L_0x8f6d2e1c0;  1 drivers
v0x8f6564780_0 .net *"_ivl_6", 0 0, L_0x8f6d302a0;  1 drivers
S_0x8f655b300 .scope generate, "add_one_loop[30]" "add_one_loop[30]" 9 20, 9 20 0, S_0x8f6558480;
 .timescale -9 -11;
P_0x8f6512ac0 .param/l "i" 1 9 20, +C4<011110>;
L_0x8f6d30310 .functor XOR 1, L_0x8f6d2e260, L_0x8f6d2e300, C4<0>, C4<0>;
L_0x8f6d30380 .functor AND 1, L_0x8f6d2e3a0, L_0x8f6d2e440, C4<1>, C4<1>;
v0x8f6564820_0 .net *"_ivl_0", 0 0, L_0x8f6d2e260;  1 drivers
v0x8f65648c0_0 .net *"_ivl_1", 0 0, L_0x8f6d2e300;  1 drivers
v0x8f6564960_0 .net *"_ivl_2", 0 0, L_0x8f6d30310;  1 drivers
v0x8f6564a00_0 .net *"_ivl_4", 0 0, L_0x8f6d2e3a0;  1 drivers
v0x8f6564aa0_0 .net *"_ivl_5", 0 0, L_0x8f6d2e440;  1 drivers
v0x8f6564b40_0 .net *"_ivl_6", 0 0, L_0x8f6d30380;  1 drivers
S_0x8f655b480 .scope generate, "add_one_loop[31]" "add_one_loop[31]" 9 20, 9 20 0, S_0x8f6558480;
 .timescale -9 -11;
P_0x8f6512b00 .param/l "i" 1 9 20, +C4<011111>;
L_0x8f6d303f0 .functor XOR 1, L_0x8f6d2e4e0, L_0x8f6d2e580, C4<0>, C4<0>;
L_0x8f6d30460 .functor AND 1, L_0x8f6d2e620, L_0x8f6d2e6c0, C4<1>, C4<1>;
v0x8f6564be0_0 .net *"_ivl_0", 0 0, L_0x8f6d2e4e0;  1 drivers
v0x8f6564c80_0 .net *"_ivl_1", 0 0, L_0x8f6d2e580;  1 drivers
v0x8f6564d20_0 .net *"_ivl_2", 0 0, L_0x8f6d303f0;  1 drivers
v0x8f6564dc0_0 .net *"_ivl_4", 0 0, L_0x8f6d2e620;  1 drivers
v0x8f6564e60_0 .net *"_ivl_5", 0 0, L_0x8f6d2e6c0;  1 drivers
v0x8f6564f00_0 .net *"_ivl_6", 0 0, L_0x8f6d30460;  1 drivers
S_0x8f655b600 .scope generate, "inv_loop[0]" "inv_loop[0]" 9 11, 9 11 0, S_0x8f6558480;
 .timescale -9 -11;
P_0x8f6512b40 .param/l "i" 1 9 11, +C4<00>;
L_0x8f6d15ab0 .functor NOT 1, L_0x8f6d24320, C4<0>, C4<0>, C4<0>;
v0x8f6564fa0_0 .net *"_ivl_0", 0 0, L_0x8f6d24320;  1 drivers
v0x8f6565040_0 .net *"_ivl_1", 0 0, L_0x8f6d15ab0;  1 drivers
S_0x8f655b780 .scope generate, "inv_loop[1]" "inv_loop[1]" 9 11, 9 11 0, S_0x8f6558480;
 .timescale -9 -11;
P_0x8f6512b80 .param/l "i" 1 9 11, +C4<01>;
L_0x8f6d15b20 .functor NOT 1, L_0x8f6d243c0, C4<0>, C4<0>, C4<0>;
v0x8f65650e0_0 .net *"_ivl_0", 0 0, L_0x8f6d243c0;  1 drivers
v0x8f6565180_0 .net *"_ivl_1", 0 0, L_0x8f6d15b20;  1 drivers
S_0x8f655b900 .scope generate, "inv_loop[2]" "inv_loop[2]" 9 11, 9 11 0, S_0x8f6558480;
 .timescale -9 -11;
P_0x8f6512bc0 .param/l "i" 1 9 11, +C4<010>;
L_0x8f6d15b90 .functor NOT 1, L_0x8f6d24460, C4<0>, C4<0>, C4<0>;
v0x8f6565220_0 .net *"_ivl_0", 0 0, L_0x8f6d24460;  1 drivers
v0x8f65652c0_0 .net *"_ivl_1", 0 0, L_0x8f6d15b90;  1 drivers
S_0x8f655ba80 .scope generate, "inv_loop[3]" "inv_loop[3]" 9 11, 9 11 0, S_0x8f6558480;
 .timescale -9 -11;
P_0x8f6512c00 .param/l "i" 1 9 11, +C4<011>;
L_0x8f6d15c00 .functor NOT 1, L_0x8f6d24500, C4<0>, C4<0>, C4<0>;
v0x8f6565360_0 .net *"_ivl_0", 0 0, L_0x8f6d24500;  1 drivers
v0x8f6565400_0 .net *"_ivl_1", 0 0, L_0x8f6d15c00;  1 drivers
S_0x8f655bc00 .scope generate, "inv_loop[4]" "inv_loop[4]" 9 11, 9 11 0, S_0x8f6558480;
 .timescale -9 -11;
P_0x8f6512c40 .param/l "i" 1 9 11, +C4<0100>;
L_0x8f6d15c70 .functor NOT 1, L_0x8f6d245a0, C4<0>, C4<0>, C4<0>;
v0x8f65654a0_0 .net *"_ivl_0", 0 0, L_0x8f6d245a0;  1 drivers
v0x8f6565540_0 .net *"_ivl_1", 0 0, L_0x8f6d15c70;  1 drivers
S_0x8f655bd80 .scope generate, "inv_loop[5]" "inv_loop[5]" 9 11, 9 11 0, S_0x8f6558480;
 .timescale -9 -11;
P_0x8f6512c80 .param/l "i" 1 9 11, +C4<0101>;
L_0x8f6d15ce0 .functor NOT 1, L_0x8f6d24640, C4<0>, C4<0>, C4<0>;
v0x8f65655e0_0 .net *"_ivl_0", 0 0, L_0x8f6d24640;  1 drivers
v0x8f6565680_0 .net *"_ivl_1", 0 0, L_0x8f6d15ce0;  1 drivers
S_0x8f656c000 .scope generate, "inv_loop[6]" "inv_loop[6]" 9 11, 9 11 0, S_0x8f6558480;
 .timescale -9 -11;
P_0x8f6512cc0 .param/l "i" 1 9 11, +C4<0110>;
L_0x8f6d15d50 .functor NOT 1, L_0x8f6d246e0, C4<0>, C4<0>, C4<0>;
v0x8f6565720_0 .net *"_ivl_0", 0 0, L_0x8f6d246e0;  1 drivers
v0x8f65657c0_0 .net *"_ivl_1", 0 0, L_0x8f6d15d50;  1 drivers
S_0x8f656c180 .scope generate, "inv_loop[7]" "inv_loop[7]" 9 11, 9 11 0, S_0x8f6558480;
 .timescale -9 -11;
P_0x8f6512d00 .param/l "i" 1 9 11, +C4<0111>;
L_0x8f6d15dc0 .functor NOT 1, L_0x8f6d24780, C4<0>, C4<0>, C4<0>;
v0x8f6565860_0 .net *"_ivl_0", 0 0, L_0x8f6d24780;  1 drivers
v0x8f6565900_0 .net *"_ivl_1", 0 0, L_0x8f6d15dc0;  1 drivers
S_0x8f656c300 .scope generate, "inv_loop[8]" "inv_loop[8]" 9 11, 9 11 0, S_0x8f6558480;
 .timescale -9 -11;
P_0x8f6512d40 .param/l "i" 1 9 11, +C4<01000>;
L_0x8f6d15e30 .functor NOT 1, L_0x8f6d24820, C4<0>, C4<0>, C4<0>;
v0x8f65659a0_0 .net *"_ivl_0", 0 0, L_0x8f6d24820;  1 drivers
v0x8f6565a40_0 .net *"_ivl_1", 0 0, L_0x8f6d15e30;  1 drivers
S_0x8f656c480 .scope generate, "inv_loop[9]" "inv_loop[9]" 9 11, 9 11 0, S_0x8f6558480;
 .timescale -9 -11;
P_0x8f6512d80 .param/l "i" 1 9 11, +C4<01001>;
L_0x8f6d15ea0 .functor NOT 1, L_0x8f6d248c0, C4<0>, C4<0>, C4<0>;
v0x8f6565ae0_0 .net *"_ivl_0", 0 0, L_0x8f6d248c0;  1 drivers
v0x8f6565b80_0 .net *"_ivl_1", 0 0, L_0x8f6d15ea0;  1 drivers
S_0x8f656c600 .scope generate, "inv_loop[10]" "inv_loop[10]" 9 11, 9 11 0, S_0x8f6558480;
 .timescale -9 -11;
P_0x8f6512dc0 .param/l "i" 1 9 11, +C4<01010>;
L_0x8f6d15f10 .functor NOT 1, L_0x8f6d24960, C4<0>, C4<0>, C4<0>;
v0x8f6565c20_0 .net *"_ivl_0", 0 0, L_0x8f6d24960;  1 drivers
v0x8f6565cc0_0 .net *"_ivl_1", 0 0, L_0x8f6d15f10;  1 drivers
S_0x8f656c780 .scope generate, "inv_loop[11]" "inv_loop[11]" 9 11, 9 11 0, S_0x8f6558480;
 .timescale -9 -11;
P_0x8f6512e00 .param/l "i" 1 9 11, +C4<01011>;
L_0x8f6d15f80 .functor NOT 1, L_0x8f6d24a00, C4<0>, C4<0>, C4<0>;
v0x8f6565d60_0 .net *"_ivl_0", 0 0, L_0x8f6d24a00;  1 drivers
v0x8f6565e00_0 .net *"_ivl_1", 0 0, L_0x8f6d15f80;  1 drivers
S_0x8f656c900 .scope generate, "inv_loop[12]" "inv_loop[12]" 9 11, 9 11 0, S_0x8f6558480;
 .timescale -9 -11;
P_0x8f6512e40 .param/l "i" 1 9 11, +C4<01100>;
L_0x8f6d16060 .functor NOT 1, L_0x8f6d24aa0, C4<0>, C4<0>, C4<0>;
v0x8f6565ea0_0 .net *"_ivl_0", 0 0, L_0x8f6d24aa0;  1 drivers
v0x8f6565f40_0 .net *"_ivl_1", 0 0, L_0x8f6d16060;  1 drivers
S_0x8f656ca80 .scope generate, "inv_loop[13]" "inv_loop[13]" 9 11, 9 11 0, S_0x8f6558480;
 .timescale -9 -11;
P_0x8f6512e80 .param/l "i" 1 9 11, +C4<01101>;
L_0x8f6d160d0 .functor NOT 1, L_0x8f6d24b40, C4<0>, C4<0>, C4<0>;
v0x8f6565fe0_0 .net *"_ivl_0", 0 0, L_0x8f6d24b40;  1 drivers
v0x8f6566080_0 .net *"_ivl_1", 0 0, L_0x8f6d160d0;  1 drivers
S_0x8f656cc00 .scope generate, "inv_loop[14]" "inv_loop[14]" 9 11, 9 11 0, S_0x8f6558480;
 .timescale -9 -11;
P_0x8f6512ec0 .param/l "i" 1 9 11, +C4<01110>;
L_0x8f6d15ff0 .functor NOT 1, L_0x8f6d24be0, C4<0>, C4<0>, C4<0>;
v0x8f6566120_0 .net *"_ivl_0", 0 0, L_0x8f6d24be0;  1 drivers
v0x8f65661c0_0 .net *"_ivl_1", 0 0, L_0x8f6d15ff0;  1 drivers
S_0x8f656cd80 .scope generate, "inv_loop[15]" "inv_loop[15]" 9 11, 9 11 0, S_0x8f6558480;
 .timescale -9 -11;
P_0x8f6512f00 .param/l "i" 1 9 11, +C4<01111>;
L_0x8f6d16140 .functor NOT 1, L_0x8f6d24c80, C4<0>, C4<0>, C4<0>;
v0x8f6566260_0 .net *"_ivl_0", 0 0, L_0x8f6d24c80;  1 drivers
v0x8f6566300_0 .net *"_ivl_1", 0 0, L_0x8f6d16140;  1 drivers
S_0x8f656cf00 .scope generate, "inv_loop[16]" "inv_loop[16]" 9 11, 9 11 0, S_0x8f6558480;
 .timescale -9 -11;
P_0x8f6512f40 .param/l "i" 1 9 11, +C4<010000>;
L_0x8f6d161b0 .functor NOT 1, L_0x8f6d24d20, C4<0>, C4<0>, C4<0>;
v0x8f65663a0_0 .net *"_ivl_0", 0 0, L_0x8f6d24d20;  1 drivers
v0x8f6566440_0 .net *"_ivl_1", 0 0, L_0x8f6d161b0;  1 drivers
S_0x8f656d080 .scope generate, "inv_loop[17]" "inv_loop[17]" 9 11, 9 11 0, S_0x8f6558480;
 .timescale -9 -11;
P_0x8f6512f80 .param/l "i" 1 9 11, +C4<010001>;
L_0x8f6d16220 .functor NOT 1, L_0x8f6d24dc0, C4<0>, C4<0>, C4<0>;
v0x8f65664e0_0 .net *"_ivl_0", 0 0, L_0x8f6d24dc0;  1 drivers
v0x8f6566580_0 .net *"_ivl_1", 0 0, L_0x8f6d16220;  1 drivers
S_0x8f656d200 .scope generate, "inv_loop[18]" "inv_loop[18]" 9 11, 9 11 0, S_0x8f6558480;
 .timescale -9 -11;
P_0x8f6512fc0 .param/l "i" 1 9 11, +C4<010010>;
L_0x8f6d16290 .functor NOT 1, L_0x8f6d24e60, C4<0>, C4<0>, C4<0>;
v0x8f6566620_0 .net *"_ivl_0", 0 0, L_0x8f6d24e60;  1 drivers
v0x8f65666c0_0 .net *"_ivl_1", 0 0, L_0x8f6d16290;  1 drivers
S_0x8f656d380 .scope generate, "inv_loop[19]" "inv_loop[19]" 9 11, 9 11 0, S_0x8f6558480;
 .timescale -9 -11;
P_0x8f6513000 .param/l "i" 1 9 11, +C4<010011>;
L_0x8f6d16300 .functor NOT 1, L_0x8f6d24f00, C4<0>, C4<0>, C4<0>;
v0x8f6566760_0 .net *"_ivl_0", 0 0, L_0x8f6d24f00;  1 drivers
v0x8f6566800_0 .net *"_ivl_1", 0 0, L_0x8f6d16300;  1 drivers
S_0x8f656d500 .scope generate, "inv_loop[20]" "inv_loop[20]" 9 11, 9 11 0, S_0x8f6558480;
 .timescale -9 -11;
P_0x8f6513040 .param/l "i" 1 9 11, +C4<010100>;
L_0x8f6d16370 .functor NOT 1, L_0x8f6d24fa0, C4<0>, C4<0>, C4<0>;
v0x8f65668a0_0 .net *"_ivl_0", 0 0, L_0x8f6d24fa0;  1 drivers
v0x8f6566940_0 .net *"_ivl_1", 0 0, L_0x8f6d16370;  1 drivers
S_0x8f656d680 .scope generate, "inv_loop[21]" "inv_loop[21]" 9 11, 9 11 0, S_0x8f6558480;
 .timescale -9 -11;
P_0x8f6513080 .param/l "i" 1 9 11, +C4<010101>;
L_0x8f6d163e0 .functor NOT 1, L_0x8f6d25040, C4<0>, C4<0>, C4<0>;
v0x8f65669e0_0 .net *"_ivl_0", 0 0, L_0x8f6d25040;  1 drivers
v0x8f6566a80_0 .net *"_ivl_1", 0 0, L_0x8f6d163e0;  1 drivers
S_0x8f656d800 .scope generate, "inv_loop[22]" "inv_loop[22]" 9 11, 9 11 0, S_0x8f6558480;
 .timescale -9 -11;
P_0x8f65130c0 .param/l "i" 1 9 11, +C4<010110>;
L_0x8f6d16450 .functor NOT 1, L_0x8f6d250e0, C4<0>, C4<0>, C4<0>;
v0x8f6566b20_0 .net *"_ivl_0", 0 0, L_0x8f6d250e0;  1 drivers
v0x8f6566bc0_0 .net *"_ivl_1", 0 0, L_0x8f6d16450;  1 drivers
S_0x8f656d980 .scope generate, "inv_loop[23]" "inv_loop[23]" 9 11, 9 11 0, S_0x8f6558480;
 .timescale -9 -11;
P_0x8f6513100 .param/l "i" 1 9 11, +C4<010111>;
L_0x8f6d164c0 .functor NOT 1, L_0x8f6d25180, C4<0>, C4<0>, C4<0>;
v0x8f6566c60_0 .net *"_ivl_0", 0 0, L_0x8f6d25180;  1 drivers
v0x8f6566d00_0 .net *"_ivl_1", 0 0, L_0x8f6d164c0;  1 drivers
S_0x8f656db00 .scope generate, "inv_loop[24]" "inv_loop[24]" 9 11, 9 11 0, S_0x8f6558480;
 .timescale -9 -11;
P_0x8f6513140 .param/l "i" 1 9 11, +C4<011000>;
L_0x8f6d16530 .functor NOT 1, L_0x8f6d25220, C4<0>, C4<0>, C4<0>;
v0x8f6566da0_0 .net *"_ivl_0", 0 0, L_0x8f6d25220;  1 drivers
v0x8f6566e40_0 .net *"_ivl_1", 0 0, L_0x8f6d16530;  1 drivers
S_0x8f656dc80 .scope generate, "inv_loop[25]" "inv_loop[25]" 9 11, 9 11 0, S_0x8f6558480;
 .timescale -9 -11;
P_0x8f6513180 .param/l "i" 1 9 11, +C4<011001>;
L_0x8f6d165a0 .functor NOT 1, L_0x8f6d252c0, C4<0>, C4<0>, C4<0>;
v0x8f6566ee0_0 .net *"_ivl_0", 0 0, L_0x8f6d252c0;  1 drivers
v0x8f6566f80_0 .net *"_ivl_1", 0 0, L_0x8f6d165a0;  1 drivers
S_0x8f656de00 .scope generate, "inv_loop[26]" "inv_loop[26]" 9 11, 9 11 0, S_0x8f6558480;
 .timescale -9 -11;
P_0x8f65131c0 .param/l "i" 1 9 11, +C4<011010>;
L_0x8f6d16610 .functor NOT 1, L_0x8f6d25360, C4<0>, C4<0>, C4<0>;
v0x8f6567020_0 .net *"_ivl_0", 0 0, L_0x8f6d25360;  1 drivers
v0x8f65670c0_0 .net *"_ivl_1", 0 0, L_0x8f6d16610;  1 drivers
S_0x8f656df80 .scope generate, "inv_loop[27]" "inv_loop[27]" 9 11, 9 11 0, S_0x8f6558480;
 .timescale -9 -11;
P_0x8f6513200 .param/l "i" 1 9 11, +C4<011011>;
L_0x8f6d16680 .functor NOT 1, L_0x8f6d25400, C4<0>, C4<0>, C4<0>;
v0x8f6567160_0 .net *"_ivl_0", 0 0, L_0x8f6d25400;  1 drivers
v0x8f6567200_0 .net *"_ivl_1", 0 0, L_0x8f6d16680;  1 drivers
S_0x8f656e100 .scope generate, "inv_loop[28]" "inv_loop[28]" 9 11, 9 11 0, S_0x8f6558480;
 .timescale -9 -11;
P_0x8f6513240 .param/l "i" 1 9 11, +C4<011100>;
L_0x8f6d166f0 .functor NOT 1, L_0x8f6d254a0, C4<0>, C4<0>, C4<0>;
v0x8f65672a0_0 .net *"_ivl_0", 0 0, L_0x8f6d254a0;  1 drivers
v0x8f6567340_0 .net *"_ivl_1", 0 0, L_0x8f6d166f0;  1 drivers
S_0x8f656e280 .scope generate, "inv_loop[29]" "inv_loop[29]" 9 11, 9 11 0, S_0x8f6558480;
 .timescale -9 -11;
P_0x8f6513280 .param/l "i" 1 9 11, +C4<011101>;
L_0x8f6d16760 .functor NOT 1, L_0x8f6d25540, C4<0>, C4<0>, C4<0>;
v0x8f65673e0_0 .net *"_ivl_0", 0 0, L_0x8f6d25540;  1 drivers
v0x8f6567480_0 .net *"_ivl_1", 0 0, L_0x8f6d16760;  1 drivers
S_0x8f656e400 .scope generate, "inv_loop[30]" "inv_loop[30]" 9 11, 9 11 0, S_0x8f6558480;
 .timescale -9 -11;
P_0x8f65132c0 .param/l "i" 1 9 11, +C4<011110>;
L_0x8f6d167d0 .functor NOT 1, L_0x8f6d255e0, C4<0>, C4<0>, C4<0>;
v0x8f6567520_0 .net *"_ivl_0", 0 0, L_0x8f6d255e0;  1 drivers
v0x8f65675c0_0 .net *"_ivl_1", 0 0, L_0x8f6d167d0;  1 drivers
S_0x8f656e580 .scope generate, "inv_loop[31]" "inv_loop[31]" 9 11, 9 11 0, S_0x8f6558480;
 .timescale -9 -11;
P_0x8f6513300 .param/l "i" 1 9 11, +C4<011111>;
L_0x8f6d16840 .functor NOT 1, L_0x8f6d25680, C4<0>, C4<0>, C4<0>;
v0x8f6567660_0 .net *"_ivl_0", 0 0, L_0x8f6d25680;  1 drivers
v0x8f6567700_0 .net *"_ivl_1", 0 0, L_0x8f6d16840;  1 drivers
S_0x8f656e700 .scope module, "not_unit" "not_" 4 80, 10 1 0, S_0x8f6544c00;
 .timescale -9 -11;
    .port_info 0 /INPUT 32 "A";
    .port_info 1 /OUTPUT 32 "C";
v0x8f6576300_0 .net "A", 31 0, v0x8f65bbd40_0;  alias, 1 drivers
v0x8f65763a0_0 .net "C", 31 0, L_0x8f7547200;  alias, 1 drivers
L_0x8f6d1eee0 .part v0x8f65bbd40_0, 0, 1;
L_0x8f6d1ef80 .part v0x8f65bbd40_0, 1, 1;
L_0x8f6d1f020 .part v0x8f65bbd40_0, 2, 1;
L_0x8f6d1f0c0 .part v0x8f65bbd40_0, 3, 1;
L_0x8f6d1f160 .part v0x8f65bbd40_0, 4, 1;
L_0x8f6d1f200 .part v0x8f65bbd40_0, 5, 1;
L_0x8f6d1f2a0 .part v0x8f65bbd40_0, 6, 1;
L_0x8f6d1f340 .part v0x8f65bbd40_0, 7, 1;
L_0x8f6d1f3e0 .part v0x8f65bbd40_0, 8, 1;
L_0x8f6d1f480 .part v0x8f65bbd40_0, 9, 1;
L_0x8f6d1f520 .part v0x8f65bbd40_0, 10, 1;
L_0x8f6d1f5c0 .part v0x8f65bbd40_0, 11, 1;
L_0x8f6d1f660 .part v0x8f65bbd40_0, 12, 1;
L_0x8f6d1f700 .part v0x8f65bbd40_0, 13, 1;
L_0x8f6d1f7a0 .part v0x8f65bbd40_0, 14, 1;
L_0x8f6d1f840 .part v0x8f65bbd40_0, 15, 1;
L_0x8f6d1f8e0 .part v0x8f65bbd40_0, 16, 1;
L_0x8f6d1f980 .part v0x8f65bbd40_0, 17, 1;
L_0x8f6d1fa20 .part v0x8f65bbd40_0, 18, 1;
L_0x8f6d1fac0 .part v0x8f65bbd40_0, 19, 1;
L_0x8f6d1fb60 .part v0x8f65bbd40_0, 20, 1;
L_0x8f6d1fc00 .part v0x8f65bbd40_0, 21, 1;
L_0x8f6d1fca0 .part v0x8f65bbd40_0, 22, 1;
L_0x8f6d1fd40 .part v0x8f65bbd40_0, 23, 1;
L_0x8f6d1fde0 .part v0x8f65bbd40_0, 24, 1;
L_0x8f6d1fe80 .part v0x8f65bbd40_0, 25, 1;
L_0x8f6d1ff20 .part v0x8f65bbd40_0, 26, 1;
L_0x8f6d24000 .part v0x8f65bbd40_0, 27, 1;
L_0x8f6d240a0 .part v0x8f65bbd40_0, 28, 1;
L_0x8f6d24140 .part v0x8f65bbd40_0, 29, 1;
L_0x8f6d241e0 .part v0x8f65bbd40_0, 30, 1;
LS_0x8f7547200_0_0 .concat8 [ 1 1 1 1], L_0x8f7545ea0, L_0x8f7545f40, L_0x8f7545fe0, L_0x8f7546080;
LS_0x8f7547200_0_4 .concat8 [ 1 1 1 1], L_0x8f7546120, L_0x8f75461c0, L_0x8f7546260, L_0x8f7546300;
LS_0x8f7547200_0_8 .concat8 [ 1 1 1 1], L_0x8f75463a0, L_0x8f7546440, L_0x8f75464e0, L_0x8f7546580;
LS_0x8f7547200_0_12 .concat8 [ 1 1 1 1], L_0x8f7546620, L_0x8f75466c0, L_0x8f7546760, L_0x8f7546800;
LS_0x8f7547200_0_16 .concat8 [ 1 1 1 1], L_0x8f75468a0, L_0x8f7546940, L_0x8f75469e0, L_0x8f7546a80;
LS_0x8f7547200_0_20 .concat8 [ 1 1 1 1], L_0x8f7546b20, L_0x8f7546bc0, L_0x8f7546c60, L_0x8f7546d00;
LS_0x8f7547200_0_24 .concat8 [ 1 1 1 1], L_0x8f7546da0, L_0x8f7546e40, L_0x8f7546ee0, L_0x8f7546f80;
LS_0x8f7547200_0_28 .concat8 [ 1 1 1 1], L_0x8f7547020, L_0x8f75470c0, L_0x8f7547160, L_0x8f75472a0;
LS_0x8f7547200_1_0 .concat8 [ 4 4 4 4], LS_0x8f7547200_0_0, LS_0x8f7547200_0_4, LS_0x8f7547200_0_8, LS_0x8f7547200_0_12;
LS_0x8f7547200_1_4 .concat8 [ 4 4 4 4], LS_0x8f7547200_0_16, LS_0x8f7547200_0_20, LS_0x8f7547200_0_24, LS_0x8f7547200_0_28;
L_0x8f7547200 .concat8 [ 16 16 0 0], LS_0x8f7547200_1_0, LS_0x8f7547200_1_4;
L_0x8f6d24280 .part v0x8f65bbd40_0, 31, 1;
S_0x8f656e880 .scope generate, "loop[0]" "loop[0]" 10 8, 10 8 0, S_0x8f656e700;
 .timescale -9 -11;
P_0x8f6513340 .param/l "i" 1 10 8, +C4<00>;
v0x8f6567ac0_0 .net *"_ivl_0", 0 0, L_0x8f6d1eee0;  1 drivers
v0x8f6567b60_0 .net *"_ivl_2", 0 0, L_0x8f7545ea0;  1 drivers
L_0x8f7545ea0 .reduce/nor L_0x8f6d1eee0;
S_0x8f656ea00 .scope generate, "loop[1]" "loop[1]" 10 8, 10 8 0, S_0x8f656e700;
 .timescale -9 -11;
P_0x8f6513380 .param/l "i" 1 10 8, +C4<01>;
v0x8f6567c00_0 .net *"_ivl_0", 0 0, L_0x8f6d1ef80;  1 drivers
v0x8f6567ca0_0 .net *"_ivl_2", 0 0, L_0x8f7545f40;  1 drivers
L_0x8f7545f40 .reduce/nor L_0x8f6d1ef80;
S_0x8f656eb80 .scope generate, "loop[2]" "loop[2]" 10 8, 10 8 0, S_0x8f656e700;
 .timescale -9 -11;
P_0x8f65133c0 .param/l "i" 1 10 8, +C4<010>;
v0x8f6567d40_0 .net *"_ivl_0", 0 0, L_0x8f6d1f020;  1 drivers
v0x8f6567de0_0 .net *"_ivl_2", 0 0, L_0x8f7545fe0;  1 drivers
L_0x8f7545fe0 .reduce/nor L_0x8f6d1f020;
S_0x8f656ed00 .scope generate, "loop[3]" "loop[3]" 10 8, 10 8 0, S_0x8f656e700;
 .timescale -9 -11;
P_0x8f6513400 .param/l "i" 1 10 8, +C4<011>;
v0x8f6567e80_0 .net *"_ivl_0", 0 0, L_0x8f6d1f0c0;  1 drivers
v0x8f6567f20_0 .net *"_ivl_2", 0 0, L_0x8f7546080;  1 drivers
L_0x8f7546080 .reduce/nor L_0x8f6d1f0c0;
S_0x8f656ee80 .scope generate, "loop[4]" "loop[4]" 10 8, 10 8 0, S_0x8f656e700;
 .timescale -9 -11;
P_0x8f6513440 .param/l "i" 1 10 8, +C4<0100>;
v0x8f6574000_0 .net *"_ivl_0", 0 0, L_0x8f6d1f160;  1 drivers
v0x8f65740a0_0 .net *"_ivl_2", 0 0, L_0x8f7546120;  1 drivers
L_0x8f7546120 .reduce/nor L_0x8f6d1f160;
S_0x8f656f000 .scope generate, "loop[5]" "loop[5]" 10 8, 10 8 0, S_0x8f656e700;
 .timescale -9 -11;
P_0x8f6513480 .param/l "i" 1 10 8, +C4<0101>;
v0x8f6574140_0 .net *"_ivl_0", 0 0, L_0x8f6d1f200;  1 drivers
v0x8f65741e0_0 .net *"_ivl_2", 0 0, L_0x8f75461c0;  1 drivers
L_0x8f75461c0 .reduce/nor L_0x8f6d1f200;
S_0x8f656f180 .scope generate, "loop[6]" "loop[6]" 10 8, 10 8 0, S_0x8f656e700;
 .timescale -9 -11;
P_0x8f65134c0 .param/l "i" 1 10 8, +C4<0110>;
v0x8f6574280_0 .net *"_ivl_0", 0 0, L_0x8f6d1f2a0;  1 drivers
v0x8f6574320_0 .net *"_ivl_2", 0 0, L_0x8f7546260;  1 drivers
L_0x8f7546260 .reduce/nor L_0x8f6d1f2a0;
S_0x8f656f300 .scope generate, "loop[7]" "loop[7]" 10 8, 10 8 0, S_0x8f656e700;
 .timescale -9 -11;
P_0x8f6513500 .param/l "i" 1 10 8, +C4<0111>;
v0x8f65743c0_0 .net *"_ivl_0", 0 0, L_0x8f6d1f340;  1 drivers
v0x8f6574460_0 .net *"_ivl_2", 0 0, L_0x8f7546300;  1 drivers
L_0x8f7546300 .reduce/nor L_0x8f6d1f340;
S_0x8f656f480 .scope generate, "loop[8]" "loop[8]" 10 8, 10 8 0, S_0x8f656e700;
 .timescale -9 -11;
P_0x8f6513540 .param/l "i" 1 10 8, +C4<01000>;
v0x8f6574500_0 .net *"_ivl_0", 0 0, L_0x8f6d1f3e0;  1 drivers
v0x8f65745a0_0 .net *"_ivl_2", 0 0, L_0x8f75463a0;  1 drivers
L_0x8f75463a0 .reduce/nor L_0x8f6d1f3e0;
S_0x8f656f600 .scope generate, "loop[9]" "loop[9]" 10 8, 10 8 0, S_0x8f656e700;
 .timescale -9 -11;
P_0x8f6513580 .param/l "i" 1 10 8, +C4<01001>;
v0x8f6574640_0 .net *"_ivl_0", 0 0, L_0x8f6d1f480;  1 drivers
v0x8f65746e0_0 .net *"_ivl_2", 0 0, L_0x8f7546440;  1 drivers
L_0x8f7546440 .reduce/nor L_0x8f6d1f480;
S_0x8f656f780 .scope generate, "loop[10]" "loop[10]" 10 8, 10 8 0, S_0x8f656e700;
 .timescale -9 -11;
P_0x8f65135c0 .param/l "i" 1 10 8, +C4<01010>;
v0x8f6574780_0 .net *"_ivl_0", 0 0, L_0x8f6d1f520;  1 drivers
v0x8f6574820_0 .net *"_ivl_2", 0 0, L_0x8f75464e0;  1 drivers
L_0x8f75464e0 .reduce/nor L_0x8f6d1f520;
S_0x8f656f900 .scope generate, "loop[11]" "loop[11]" 10 8, 10 8 0, S_0x8f656e700;
 .timescale -9 -11;
P_0x8f6513600 .param/l "i" 1 10 8, +C4<01011>;
v0x8f65748c0_0 .net *"_ivl_0", 0 0, L_0x8f6d1f5c0;  1 drivers
v0x8f6574960_0 .net *"_ivl_2", 0 0, L_0x8f7546580;  1 drivers
L_0x8f7546580 .reduce/nor L_0x8f6d1f5c0;
S_0x8f656fa80 .scope generate, "loop[12]" "loop[12]" 10 8, 10 8 0, S_0x8f656e700;
 .timescale -9 -11;
P_0x8f6513640 .param/l "i" 1 10 8, +C4<01100>;
v0x8f6574a00_0 .net *"_ivl_0", 0 0, L_0x8f6d1f660;  1 drivers
v0x8f6574aa0_0 .net *"_ivl_2", 0 0, L_0x8f7546620;  1 drivers
L_0x8f7546620 .reduce/nor L_0x8f6d1f660;
S_0x8f656fc00 .scope generate, "loop[13]" "loop[13]" 10 8, 10 8 0, S_0x8f656e700;
 .timescale -9 -11;
P_0x8f6513680 .param/l "i" 1 10 8, +C4<01101>;
v0x8f6574b40_0 .net *"_ivl_0", 0 0, L_0x8f6d1f700;  1 drivers
v0x8f6574be0_0 .net *"_ivl_2", 0 0, L_0x8f75466c0;  1 drivers
L_0x8f75466c0 .reduce/nor L_0x8f6d1f700;
S_0x8f656fd80 .scope generate, "loop[14]" "loop[14]" 10 8, 10 8 0, S_0x8f656e700;
 .timescale -9 -11;
P_0x8f65136c0 .param/l "i" 1 10 8, +C4<01110>;
v0x8f6574c80_0 .net *"_ivl_0", 0 0, L_0x8f6d1f7a0;  1 drivers
v0x8f6574d20_0 .net *"_ivl_2", 0 0, L_0x8f7546760;  1 drivers
L_0x8f7546760 .reduce/nor L_0x8f6d1f7a0;
S_0x8f6578000 .scope generate, "loop[15]" "loop[15]" 10 8, 10 8 0, S_0x8f656e700;
 .timescale -9 -11;
P_0x8f6513700 .param/l "i" 1 10 8, +C4<01111>;
v0x8f6574dc0_0 .net *"_ivl_0", 0 0, L_0x8f6d1f840;  1 drivers
v0x8f6574e60_0 .net *"_ivl_2", 0 0, L_0x8f7546800;  1 drivers
L_0x8f7546800 .reduce/nor L_0x8f6d1f840;
S_0x8f6578180 .scope generate, "loop[16]" "loop[16]" 10 8, 10 8 0, S_0x8f656e700;
 .timescale -9 -11;
P_0x8f6513740 .param/l "i" 1 10 8, +C4<010000>;
v0x8f6574f00_0 .net *"_ivl_0", 0 0, L_0x8f6d1f8e0;  1 drivers
v0x8f6574fa0_0 .net *"_ivl_2", 0 0, L_0x8f75468a0;  1 drivers
L_0x8f75468a0 .reduce/nor L_0x8f6d1f8e0;
S_0x8f6578300 .scope generate, "loop[17]" "loop[17]" 10 8, 10 8 0, S_0x8f656e700;
 .timescale -9 -11;
P_0x8f6513780 .param/l "i" 1 10 8, +C4<010001>;
v0x8f6575040_0 .net *"_ivl_0", 0 0, L_0x8f6d1f980;  1 drivers
v0x8f65750e0_0 .net *"_ivl_2", 0 0, L_0x8f7546940;  1 drivers
L_0x8f7546940 .reduce/nor L_0x8f6d1f980;
S_0x8f6578480 .scope generate, "loop[18]" "loop[18]" 10 8, 10 8 0, S_0x8f656e700;
 .timescale -9 -11;
P_0x8f65137c0 .param/l "i" 1 10 8, +C4<010010>;
v0x8f6575180_0 .net *"_ivl_0", 0 0, L_0x8f6d1fa20;  1 drivers
v0x8f6575220_0 .net *"_ivl_2", 0 0, L_0x8f75469e0;  1 drivers
L_0x8f75469e0 .reduce/nor L_0x8f6d1fa20;
S_0x8f6578600 .scope generate, "loop[19]" "loop[19]" 10 8, 10 8 0, S_0x8f656e700;
 .timescale -9 -11;
P_0x8f6513800 .param/l "i" 1 10 8, +C4<010011>;
v0x8f65752c0_0 .net *"_ivl_0", 0 0, L_0x8f6d1fac0;  1 drivers
v0x8f6575360_0 .net *"_ivl_2", 0 0, L_0x8f7546a80;  1 drivers
L_0x8f7546a80 .reduce/nor L_0x8f6d1fac0;
S_0x8f6578780 .scope generate, "loop[20]" "loop[20]" 10 8, 10 8 0, S_0x8f656e700;
 .timescale -9 -11;
P_0x8f6513840 .param/l "i" 1 10 8, +C4<010100>;
v0x8f6575400_0 .net *"_ivl_0", 0 0, L_0x8f6d1fb60;  1 drivers
v0x8f65754a0_0 .net *"_ivl_2", 0 0, L_0x8f7546b20;  1 drivers
L_0x8f7546b20 .reduce/nor L_0x8f6d1fb60;
S_0x8f6578900 .scope generate, "loop[21]" "loop[21]" 10 8, 10 8 0, S_0x8f656e700;
 .timescale -9 -11;
P_0x8f6513880 .param/l "i" 1 10 8, +C4<010101>;
v0x8f6575540_0 .net *"_ivl_0", 0 0, L_0x8f6d1fc00;  1 drivers
v0x8f65755e0_0 .net *"_ivl_2", 0 0, L_0x8f7546bc0;  1 drivers
L_0x8f7546bc0 .reduce/nor L_0x8f6d1fc00;
S_0x8f6578a80 .scope generate, "loop[22]" "loop[22]" 10 8, 10 8 0, S_0x8f656e700;
 .timescale -9 -11;
P_0x8f65138c0 .param/l "i" 1 10 8, +C4<010110>;
v0x8f6575680_0 .net *"_ivl_0", 0 0, L_0x8f6d1fca0;  1 drivers
v0x8f6575720_0 .net *"_ivl_2", 0 0, L_0x8f7546c60;  1 drivers
L_0x8f7546c60 .reduce/nor L_0x8f6d1fca0;
S_0x8f6578c00 .scope generate, "loop[23]" "loop[23]" 10 8, 10 8 0, S_0x8f656e700;
 .timescale -9 -11;
P_0x8f6513900 .param/l "i" 1 10 8, +C4<010111>;
v0x8f65757c0_0 .net *"_ivl_0", 0 0, L_0x8f6d1fd40;  1 drivers
v0x8f6575860_0 .net *"_ivl_2", 0 0, L_0x8f7546d00;  1 drivers
L_0x8f7546d00 .reduce/nor L_0x8f6d1fd40;
S_0x8f6578d80 .scope generate, "loop[24]" "loop[24]" 10 8, 10 8 0, S_0x8f656e700;
 .timescale -9 -11;
P_0x8f6513940 .param/l "i" 1 10 8, +C4<011000>;
v0x8f6575900_0 .net *"_ivl_0", 0 0, L_0x8f6d1fde0;  1 drivers
v0x8f65759a0_0 .net *"_ivl_2", 0 0, L_0x8f7546da0;  1 drivers
L_0x8f7546da0 .reduce/nor L_0x8f6d1fde0;
S_0x8f6578f00 .scope generate, "loop[25]" "loop[25]" 10 8, 10 8 0, S_0x8f656e700;
 .timescale -9 -11;
P_0x8f6513980 .param/l "i" 1 10 8, +C4<011001>;
v0x8f6575a40_0 .net *"_ivl_0", 0 0, L_0x8f6d1fe80;  1 drivers
v0x8f6575ae0_0 .net *"_ivl_2", 0 0, L_0x8f7546e40;  1 drivers
L_0x8f7546e40 .reduce/nor L_0x8f6d1fe80;
S_0x8f6579080 .scope generate, "loop[26]" "loop[26]" 10 8, 10 8 0, S_0x8f656e700;
 .timescale -9 -11;
P_0x8f65139c0 .param/l "i" 1 10 8, +C4<011010>;
v0x8f6575b80_0 .net *"_ivl_0", 0 0, L_0x8f6d1ff20;  1 drivers
v0x8f6575c20_0 .net *"_ivl_2", 0 0, L_0x8f7546ee0;  1 drivers
L_0x8f7546ee0 .reduce/nor L_0x8f6d1ff20;
S_0x8f6579200 .scope generate, "loop[27]" "loop[27]" 10 8, 10 8 0, S_0x8f656e700;
 .timescale -9 -11;
P_0x8f6513a00 .param/l "i" 1 10 8, +C4<011011>;
v0x8f6575cc0_0 .net *"_ivl_0", 0 0, L_0x8f6d24000;  1 drivers
v0x8f6575d60_0 .net *"_ivl_2", 0 0, L_0x8f7546f80;  1 drivers
L_0x8f7546f80 .reduce/nor L_0x8f6d24000;
S_0x8f6579380 .scope generate, "loop[28]" "loop[28]" 10 8, 10 8 0, S_0x8f656e700;
 .timescale -9 -11;
P_0x8f6513a40 .param/l "i" 1 10 8, +C4<011100>;
v0x8f6575e00_0 .net *"_ivl_0", 0 0, L_0x8f6d240a0;  1 drivers
v0x8f6575ea0_0 .net *"_ivl_2", 0 0, L_0x8f7547020;  1 drivers
L_0x8f7547020 .reduce/nor L_0x8f6d240a0;
S_0x8f6579500 .scope generate, "loop[29]" "loop[29]" 10 8, 10 8 0, S_0x8f656e700;
 .timescale -9 -11;
P_0x8f6513a80 .param/l "i" 1 10 8, +C4<011101>;
v0x8f6575f40_0 .net *"_ivl_0", 0 0, L_0x8f6d24140;  1 drivers
v0x8f6575fe0_0 .net *"_ivl_2", 0 0, L_0x8f75470c0;  1 drivers
L_0x8f75470c0 .reduce/nor L_0x8f6d24140;
S_0x8f6579680 .scope generate, "loop[30]" "loop[30]" 10 8, 10 8 0, S_0x8f656e700;
 .timescale -9 -11;
P_0x8f6513ac0 .param/l "i" 1 10 8, +C4<011110>;
v0x8f6576080_0 .net *"_ivl_0", 0 0, L_0x8f6d241e0;  1 drivers
v0x8f6576120_0 .net *"_ivl_2", 0 0, L_0x8f7547160;  1 drivers
L_0x8f7547160 .reduce/nor L_0x8f6d241e0;
S_0x8f6579800 .scope generate, "loop[31]" "loop[31]" 10 8, 10 8 0, S_0x8f656e700;
 .timescale -9 -11;
P_0x8f6513b00 .param/l "i" 1 10 8, +C4<011111>;
v0x8f65761c0_0 .net *"_ivl_0", 0 0, L_0x8f6d24280;  1 drivers
v0x8f6576260_0 .net *"_ivl_2", 0 0, L_0x8f75472a0;  1 drivers
L_0x8f75472a0 .reduce/nor L_0x8f6d24280;
S_0x8f6579980 .scope module, "or_unit" "or_" 4 74, 11 1 0, S_0x8f6544c00;
 .timescale -9 -11;
    .port_info 0 /INPUT 32 "A";
    .port_info 1 /INPUT 32 "B";
    .port_info 2 /OUTPUT 32 "C";
v0x8f657e080_0 .net "A", 31 0, v0x8f65bbd40_0;  alias, 1 drivers
v0x8f657e120_0 .net "B", 31 0, v0x8f658a080_0;  alias, 1 drivers
v0x8f657e1c0_0 .net "C", 31 0, L_0x8f7545e00;  alias, 1 drivers
L_0x8f6d1c6e0 .part v0x8f65bbd40_0, 0, 1;
L_0x8f6d1c780 .part v0x8f658a080_0, 0, 1;
L_0x8f6d1c820 .part v0x8f65bbd40_0, 1, 1;
L_0x8f6d1c8c0 .part v0x8f658a080_0, 1, 1;
L_0x8f6d1c960 .part v0x8f65bbd40_0, 2, 1;
L_0x8f6d1ca00 .part v0x8f658a080_0, 2, 1;
L_0x8f6d1caa0 .part v0x8f65bbd40_0, 3, 1;
L_0x8f6d1cb40 .part v0x8f658a080_0, 3, 1;
L_0x8f6d1cbe0 .part v0x8f65bbd40_0, 4, 1;
L_0x8f6d1cc80 .part v0x8f658a080_0, 4, 1;
L_0x8f6d1cd20 .part v0x8f65bbd40_0, 5, 1;
L_0x8f6d1cdc0 .part v0x8f658a080_0, 5, 1;
L_0x8f6d1ce60 .part v0x8f65bbd40_0, 6, 1;
L_0x8f6d1cf00 .part v0x8f658a080_0, 6, 1;
L_0x8f6d1cfa0 .part v0x8f65bbd40_0, 7, 1;
L_0x8f6d1d040 .part v0x8f658a080_0, 7, 1;
L_0x8f6d1d0e0 .part v0x8f65bbd40_0, 8, 1;
L_0x8f6d1d180 .part v0x8f658a080_0, 8, 1;
L_0x8f6d1d220 .part v0x8f65bbd40_0, 9, 1;
L_0x8f6d1d2c0 .part v0x8f658a080_0, 9, 1;
L_0x8f6d1d360 .part v0x8f65bbd40_0, 10, 1;
L_0x8f6d1d400 .part v0x8f658a080_0, 10, 1;
L_0x8f6d1d4a0 .part v0x8f65bbd40_0, 11, 1;
L_0x8f6d1d540 .part v0x8f658a080_0, 11, 1;
L_0x8f6d1d5e0 .part v0x8f65bbd40_0, 12, 1;
L_0x8f6d1d680 .part v0x8f658a080_0, 12, 1;
L_0x8f6d1d720 .part v0x8f65bbd40_0, 13, 1;
L_0x8f6d1d7c0 .part v0x8f658a080_0, 13, 1;
L_0x8f6d1d860 .part v0x8f65bbd40_0, 14, 1;
L_0x8f6d1d900 .part v0x8f658a080_0, 14, 1;
L_0x8f6d1d9a0 .part v0x8f65bbd40_0, 15, 1;
L_0x8f6d1da40 .part v0x8f658a080_0, 15, 1;
L_0x8f6d1dae0 .part v0x8f65bbd40_0, 16, 1;
L_0x8f6d1db80 .part v0x8f658a080_0, 16, 1;
L_0x8f6d1dc20 .part v0x8f65bbd40_0, 17, 1;
L_0x8f6d1dcc0 .part v0x8f658a080_0, 17, 1;
L_0x8f6d1dd60 .part v0x8f65bbd40_0, 18, 1;
L_0x8f6d1de00 .part v0x8f658a080_0, 18, 1;
L_0x8f6d1dea0 .part v0x8f65bbd40_0, 19, 1;
L_0x8f6d1df40 .part v0x8f658a080_0, 19, 1;
L_0x8f6d1dfe0 .part v0x8f65bbd40_0, 20, 1;
L_0x8f6d1e080 .part v0x8f658a080_0, 20, 1;
L_0x8f6d1e120 .part v0x8f65bbd40_0, 21, 1;
L_0x8f6d1e1c0 .part v0x8f658a080_0, 21, 1;
L_0x8f6d1e260 .part v0x8f65bbd40_0, 22, 1;
L_0x8f6d1e300 .part v0x8f658a080_0, 22, 1;
L_0x8f6d1e3a0 .part v0x8f65bbd40_0, 23, 1;
L_0x8f6d1e440 .part v0x8f658a080_0, 23, 1;
L_0x8f6d1e4e0 .part v0x8f65bbd40_0, 24, 1;
L_0x8f6d1e580 .part v0x8f658a080_0, 24, 1;
L_0x8f6d1e620 .part v0x8f65bbd40_0, 25, 1;
L_0x8f6d1e6c0 .part v0x8f658a080_0, 25, 1;
L_0x8f6d1e760 .part v0x8f65bbd40_0, 26, 1;
L_0x8f6d1e800 .part v0x8f658a080_0, 26, 1;
L_0x8f6d1e8a0 .part v0x8f65bbd40_0, 27, 1;
L_0x8f6d1e940 .part v0x8f658a080_0, 27, 1;
L_0x8f6d1e9e0 .part v0x8f65bbd40_0, 28, 1;
L_0x8f6d1ea80 .part v0x8f658a080_0, 28, 1;
L_0x8f6d1eb20 .part v0x8f65bbd40_0, 29, 1;
L_0x8f6d1ebc0 .part v0x8f658a080_0, 29, 1;
L_0x8f6d1ec60 .part v0x8f65bbd40_0, 30, 1;
L_0x8f6d1ed00 .part v0x8f658a080_0, 30, 1;
LS_0x8f7545e00_0_0 .concat8 [ 1 1 1 1], L_0x8f6d14cb0, L_0x8f6d14d20, L_0x8f6d14d90, L_0x8f6d14e00;
LS_0x8f7545e00_0_4 .concat8 [ 1 1 1 1], L_0x8f6d14e70, L_0x8f6d14ee0, L_0x8f6d14fc0, L_0x8f6d14f50;
LS_0x8f7545e00_0_8 .concat8 [ 1 1 1 1], L_0x8f6d15030, L_0x8f6d150a0, L_0x8f6d15110, L_0x8f6d15180;
LS_0x8f7545e00_0_12 .concat8 [ 1 1 1 1], L_0x8f6d151f0, L_0x8f6d15260, L_0x8f6d152d0, L_0x8f6d15340;
LS_0x8f7545e00_0_16 .concat8 [ 1 1 1 1], L_0x8f6d153b0, L_0x8f6d15420, L_0x8f6d15490, L_0x8f6d15500;
LS_0x8f7545e00_0_20 .concat8 [ 1 1 1 1], L_0x8f6d15570, L_0x8f6d155e0, L_0x8f6d15650, L_0x8f6d156c0;
LS_0x8f7545e00_0_24 .concat8 [ 1 1 1 1], L_0x8f6d15730, L_0x8f6d157a0, L_0x8f6d15810, L_0x8f6d15880;
LS_0x8f7545e00_0_28 .concat8 [ 1 1 1 1], L_0x8f6d158f0, L_0x8f6d15960, L_0x8f6d159d0, L_0x8f6d15a40;
LS_0x8f7545e00_1_0 .concat8 [ 4 4 4 4], LS_0x8f7545e00_0_0, LS_0x8f7545e00_0_4, LS_0x8f7545e00_0_8, LS_0x8f7545e00_0_12;
LS_0x8f7545e00_1_4 .concat8 [ 4 4 4 4], LS_0x8f7545e00_0_16, LS_0x8f7545e00_0_20, LS_0x8f7545e00_0_24, LS_0x8f7545e00_0_28;
L_0x8f7545e00 .concat8 [ 16 16 0 0], LS_0x8f7545e00_1_0, LS_0x8f7545e00_1_4;
L_0x8f6d1eda0 .part v0x8f65bbd40_0, 31, 1;
L_0x8f6d1ee40 .part v0x8f658a080_0, 31, 1;
S_0x8f6579b00 .scope generate, "loop[0]" "loop[0]" 11 9, 11 9 0, S_0x8f6579980;
 .timescale -9 -11;
P_0x8f6513b40 .param/l "i" 1 11 9, +C4<00>;
L_0x8f6d14cb0 .functor OR 1, L_0x8f6d1c6e0, L_0x8f6d1c780, C4<0>, C4<0>;
v0x8f6576440_0 .net *"_ivl_0", 0 0, L_0x8f6d1c6e0;  1 drivers
v0x8f65764e0_0 .net *"_ivl_1", 0 0, L_0x8f6d1c780;  1 drivers
v0x8f6576580_0 .net *"_ivl_2", 0 0, L_0x8f6d14cb0;  1 drivers
S_0x8f6579c80 .scope generate, "loop[1]" "loop[1]" 11 9, 11 9 0, S_0x8f6579980;
 .timescale -9 -11;
P_0x8f6513b80 .param/l "i" 1 11 9, +C4<01>;
L_0x8f6d14d20 .functor OR 1, L_0x8f6d1c820, L_0x8f6d1c8c0, C4<0>, C4<0>;
v0x8f6576620_0 .net *"_ivl_0", 0 0, L_0x8f6d1c820;  1 drivers
v0x8f65766c0_0 .net *"_ivl_1", 0 0, L_0x8f6d1c8c0;  1 drivers
v0x8f6576760_0 .net *"_ivl_2", 0 0, L_0x8f6d14d20;  1 drivers
S_0x8f6579e00 .scope generate, "loop[2]" "loop[2]" 11 9, 11 9 0, S_0x8f6579980;
 .timescale -9 -11;
P_0x8f6513bc0 .param/l "i" 1 11 9, +C4<010>;
L_0x8f6d14d90 .functor OR 1, L_0x8f6d1c960, L_0x8f6d1ca00, C4<0>, C4<0>;
v0x8f6576800_0 .net *"_ivl_0", 0 0, L_0x8f6d1c960;  1 drivers
v0x8f65768a0_0 .net *"_ivl_1", 0 0, L_0x8f6d1ca00;  1 drivers
v0x8f6576940_0 .net *"_ivl_2", 0 0, L_0x8f6d14d90;  1 drivers
S_0x8f6579f80 .scope generate, "loop[3]" "loop[3]" 11 9, 11 9 0, S_0x8f6579980;
 .timescale -9 -11;
P_0x8f6513c00 .param/l "i" 1 11 9, +C4<011>;
L_0x8f6d14e00 .functor OR 1, L_0x8f6d1caa0, L_0x8f6d1cb40, C4<0>, C4<0>;
v0x8f65769e0_0 .net *"_ivl_0", 0 0, L_0x8f6d1caa0;  1 drivers
v0x8f6576a80_0 .net *"_ivl_1", 0 0, L_0x8f6d1cb40;  1 drivers
v0x8f6576b20_0 .net *"_ivl_2", 0 0, L_0x8f6d14e00;  1 drivers
S_0x8f657a100 .scope generate, "loop[4]" "loop[4]" 11 9, 11 9 0, S_0x8f6579980;
 .timescale -9 -11;
P_0x8f6513c40 .param/l "i" 1 11 9, +C4<0100>;
L_0x8f6d14e70 .functor OR 1, L_0x8f6d1cbe0, L_0x8f6d1cc80, C4<0>, C4<0>;
v0x8f6576bc0_0 .net *"_ivl_0", 0 0, L_0x8f6d1cbe0;  1 drivers
v0x8f6576c60_0 .net *"_ivl_1", 0 0, L_0x8f6d1cc80;  1 drivers
v0x8f6576d00_0 .net *"_ivl_2", 0 0, L_0x8f6d14e70;  1 drivers
S_0x8f657a280 .scope generate, "loop[5]" "loop[5]" 11 9, 11 9 0, S_0x8f6579980;
 .timescale -9 -11;
P_0x8f6513c80 .param/l "i" 1 11 9, +C4<0101>;
L_0x8f6d14ee0 .functor OR 1, L_0x8f6d1cd20, L_0x8f6d1cdc0, C4<0>, C4<0>;
v0x8f6576da0_0 .net *"_ivl_0", 0 0, L_0x8f6d1cd20;  1 drivers
v0x8f6576e40_0 .net *"_ivl_1", 0 0, L_0x8f6d1cdc0;  1 drivers
v0x8f6576ee0_0 .net *"_ivl_2", 0 0, L_0x8f6d14ee0;  1 drivers
S_0x8f657a400 .scope generate, "loop[6]" "loop[6]" 11 9, 11 9 0, S_0x8f6579980;
 .timescale -9 -11;
P_0x8f6513cc0 .param/l "i" 1 11 9, +C4<0110>;
L_0x8f6d14fc0 .functor OR 1, L_0x8f6d1ce60, L_0x8f6d1cf00, C4<0>, C4<0>;
v0x8f6576f80_0 .net *"_ivl_0", 0 0, L_0x8f6d1ce60;  1 drivers
v0x8f6577020_0 .net *"_ivl_1", 0 0, L_0x8f6d1cf00;  1 drivers
v0x8f65770c0_0 .net *"_ivl_2", 0 0, L_0x8f6d14fc0;  1 drivers
S_0x8f657a580 .scope generate, "loop[7]" "loop[7]" 11 9, 11 9 0, S_0x8f6579980;
 .timescale -9 -11;
P_0x8f6513d00 .param/l "i" 1 11 9, +C4<0111>;
L_0x8f6d14f50 .functor OR 1, L_0x8f6d1cfa0, L_0x8f6d1d040, C4<0>, C4<0>;
v0x8f6577160_0 .net *"_ivl_0", 0 0, L_0x8f6d1cfa0;  1 drivers
v0x8f6577200_0 .net *"_ivl_1", 0 0, L_0x8f6d1d040;  1 drivers
v0x8f65772a0_0 .net *"_ivl_2", 0 0, L_0x8f6d14f50;  1 drivers
S_0x8f657a700 .scope generate, "loop[8]" "loop[8]" 11 9, 11 9 0, S_0x8f6579980;
 .timescale -9 -11;
P_0x8f6513d40 .param/l "i" 1 11 9, +C4<01000>;
L_0x8f6d15030 .functor OR 1, L_0x8f6d1d0e0, L_0x8f6d1d180, C4<0>, C4<0>;
v0x8f6577340_0 .net *"_ivl_0", 0 0, L_0x8f6d1d0e0;  1 drivers
v0x8f65773e0_0 .net *"_ivl_1", 0 0, L_0x8f6d1d180;  1 drivers
v0x8f6577480_0 .net *"_ivl_2", 0 0, L_0x8f6d15030;  1 drivers
S_0x8f657a880 .scope generate, "loop[9]" "loop[9]" 11 9, 11 9 0, S_0x8f6579980;
 .timescale -9 -11;
P_0x8f6513d80 .param/l "i" 1 11 9, +C4<01001>;
L_0x8f6d150a0 .functor OR 1, L_0x8f6d1d220, L_0x8f6d1d2c0, C4<0>, C4<0>;
v0x8f6577520_0 .net *"_ivl_0", 0 0, L_0x8f6d1d220;  1 drivers
v0x8f65775c0_0 .net *"_ivl_1", 0 0, L_0x8f6d1d2c0;  1 drivers
v0x8f6577660_0 .net *"_ivl_2", 0 0, L_0x8f6d150a0;  1 drivers
S_0x8f657aa00 .scope generate, "loop[10]" "loop[10]" 11 9, 11 9 0, S_0x8f6579980;
 .timescale -9 -11;
P_0x8f6513dc0 .param/l "i" 1 11 9, +C4<01010>;
L_0x8f6d15110 .functor OR 1, L_0x8f6d1d360, L_0x8f6d1d400, C4<0>, C4<0>;
v0x8f6577700_0 .net *"_ivl_0", 0 0, L_0x8f6d1d360;  1 drivers
v0x8f65777a0_0 .net *"_ivl_1", 0 0, L_0x8f6d1d400;  1 drivers
v0x8f6577840_0 .net *"_ivl_2", 0 0, L_0x8f6d15110;  1 drivers
S_0x8f657ab80 .scope generate, "loop[11]" "loop[11]" 11 9, 11 9 0, S_0x8f6579980;
 .timescale -9 -11;
P_0x8f6513e00 .param/l "i" 1 11 9, +C4<01011>;
L_0x8f6d15180 .functor OR 1, L_0x8f6d1d4a0, L_0x8f6d1d540, C4<0>, C4<0>;
v0x8f65778e0_0 .net *"_ivl_0", 0 0, L_0x8f6d1d4a0;  1 drivers
v0x8f6577980_0 .net *"_ivl_1", 0 0, L_0x8f6d1d540;  1 drivers
v0x8f6577a20_0 .net *"_ivl_2", 0 0, L_0x8f6d15180;  1 drivers
S_0x8f657ad00 .scope generate, "loop[12]" "loop[12]" 11 9, 11 9 0, S_0x8f6579980;
 .timescale -9 -11;
P_0x8f6513e40 .param/l "i" 1 11 9, +C4<01100>;
L_0x8f6d151f0 .functor OR 1, L_0x8f6d1d5e0, L_0x8f6d1d680, C4<0>, C4<0>;
v0x8f6577ac0_0 .net *"_ivl_0", 0 0, L_0x8f6d1d5e0;  1 drivers
v0x8f6577b60_0 .net *"_ivl_1", 0 0, L_0x8f6d1d680;  1 drivers
v0x8f6577c00_0 .net *"_ivl_2", 0 0, L_0x8f6d151f0;  1 drivers
S_0x8f657ae80 .scope generate, "loop[13]" "loop[13]" 11 9, 11 9 0, S_0x8f6579980;
 .timescale -9 -11;
P_0x8f6513e80 .param/l "i" 1 11 9, +C4<01101>;
L_0x8f6d15260 .functor OR 1, L_0x8f6d1d720, L_0x8f6d1d7c0, C4<0>, C4<0>;
v0x8f6577ca0_0 .net *"_ivl_0", 0 0, L_0x8f6d1d720;  1 drivers
v0x8f6577d40_0 .net *"_ivl_1", 0 0, L_0x8f6d1d7c0;  1 drivers
v0x8f6577de0_0 .net *"_ivl_2", 0 0, L_0x8f6d15260;  1 drivers
S_0x8f657b000 .scope generate, "loop[14]" "loop[14]" 11 9, 11 9 0, S_0x8f6579980;
 .timescale -9 -11;
P_0x8f6513ec0 .param/l "i" 1 11 9, +C4<01110>;
L_0x8f6d152d0 .functor OR 1, L_0x8f6d1d860, L_0x8f6d1d900, C4<0>, C4<0>;
v0x8f6577e80_0 .net *"_ivl_0", 0 0, L_0x8f6d1d860;  1 drivers
v0x8f6577f20_0 .net *"_ivl_1", 0 0, L_0x8f6d1d900;  1 drivers
v0x8f657c000_0 .net *"_ivl_2", 0 0, L_0x8f6d152d0;  1 drivers
S_0x8f657b180 .scope generate, "loop[15]" "loop[15]" 11 9, 11 9 0, S_0x8f6579980;
 .timescale -9 -11;
P_0x8f6513f00 .param/l "i" 1 11 9, +C4<01111>;
L_0x8f6d15340 .functor OR 1, L_0x8f6d1d9a0, L_0x8f6d1da40, C4<0>, C4<0>;
v0x8f657c0a0_0 .net *"_ivl_0", 0 0, L_0x8f6d1d9a0;  1 drivers
v0x8f657c140_0 .net *"_ivl_1", 0 0, L_0x8f6d1da40;  1 drivers
v0x8f657c1e0_0 .net *"_ivl_2", 0 0, L_0x8f6d15340;  1 drivers
S_0x8f657b300 .scope generate, "loop[16]" "loop[16]" 11 9, 11 9 0, S_0x8f6579980;
 .timescale -9 -11;
P_0x8f6513f40 .param/l "i" 1 11 9, +C4<010000>;
L_0x8f6d153b0 .functor OR 1, L_0x8f6d1dae0, L_0x8f6d1db80, C4<0>, C4<0>;
v0x8f657c280_0 .net *"_ivl_0", 0 0, L_0x8f6d1dae0;  1 drivers
v0x8f657c320_0 .net *"_ivl_1", 0 0, L_0x8f6d1db80;  1 drivers
v0x8f657c3c0_0 .net *"_ivl_2", 0 0, L_0x8f6d153b0;  1 drivers
S_0x8f657b480 .scope generate, "loop[17]" "loop[17]" 11 9, 11 9 0, S_0x8f6579980;
 .timescale -9 -11;
P_0x8f6513f80 .param/l "i" 1 11 9, +C4<010001>;
L_0x8f6d15420 .functor OR 1, L_0x8f6d1dc20, L_0x8f6d1dcc0, C4<0>, C4<0>;
v0x8f657c460_0 .net *"_ivl_0", 0 0, L_0x8f6d1dc20;  1 drivers
v0x8f657c500_0 .net *"_ivl_1", 0 0, L_0x8f6d1dcc0;  1 drivers
v0x8f657c5a0_0 .net *"_ivl_2", 0 0, L_0x8f6d15420;  1 drivers
S_0x8f657b600 .scope generate, "loop[18]" "loop[18]" 11 9, 11 9 0, S_0x8f6579980;
 .timescale -9 -11;
P_0x8f6513fc0 .param/l "i" 1 11 9, +C4<010010>;
L_0x8f6d15490 .functor OR 1, L_0x8f6d1dd60, L_0x8f6d1de00, C4<0>, C4<0>;
v0x8f657c640_0 .net *"_ivl_0", 0 0, L_0x8f6d1dd60;  1 drivers
v0x8f657c6e0_0 .net *"_ivl_1", 0 0, L_0x8f6d1de00;  1 drivers
v0x8f657c780_0 .net *"_ivl_2", 0 0, L_0x8f6d15490;  1 drivers
S_0x8f657b780 .scope generate, "loop[19]" "loop[19]" 11 9, 11 9 0, S_0x8f6579980;
 .timescale -9 -11;
P_0x8f6580000 .param/l "i" 1 11 9, +C4<010011>;
L_0x8f6d15500 .functor OR 1, L_0x8f6d1dea0, L_0x8f6d1df40, C4<0>, C4<0>;
v0x8f657c820_0 .net *"_ivl_0", 0 0, L_0x8f6d1dea0;  1 drivers
v0x8f657c8c0_0 .net *"_ivl_1", 0 0, L_0x8f6d1df40;  1 drivers
v0x8f657c960_0 .net *"_ivl_2", 0 0, L_0x8f6d15500;  1 drivers
S_0x8f657b900 .scope generate, "loop[20]" "loop[20]" 11 9, 11 9 0, S_0x8f6579980;
 .timescale -9 -11;
P_0x8f6580040 .param/l "i" 1 11 9, +C4<010100>;
L_0x8f6d15570 .functor OR 1, L_0x8f6d1dfe0, L_0x8f6d1e080, C4<0>, C4<0>;
v0x8f657ca00_0 .net *"_ivl_0", 0 0, L_0x8f6d1dfe0;  1 drivers
v0x8f657caa0_0 .net *"_ivl_1", 0 0, L_0x8f6d1e080;  1 drivers
v0x8f657cb40_0 .net *"_ivl_2", 0 0, L_0x8f6d15570;  1 drivers
S_0x8f657ba80 .scope generate, "loop[21]" "loop[21]" 11 9, 11 9 0, S_0x8f6579980;
 .timescale -9 -11;
P_0x8f6580080 .param/l "i" 1 11 9, +C4<010101>;
L_0x8f6d155e0 .functor OR 1, L_0x8f6d1e120, L_0x8f6d1e1c0, C4<0>, C4<0>;
v0x8f657cbe0_0 .net *"_ivl_0", 0 0, L_0x8f6d1e120;  1 drivers
v0x8f657cc80_0 .net *"_ivl_1", 0 0, L_0x8f6d1e1c0;  1 drivers
v0x8f657cd20_0 .net *"_ivl_2", 0 0, L_0x8f6d155e0;  1 drivers
S_0x8f657bc00 .scope generate, "loop[22]" "loop[22]" 11 9, 11 9 0, S_0x8f6579980;
 .timescale -9 -11;
P_0x8f65800c0 .param/l "i" 1 11 9, +C4<010110>;
L_0x8f6d15650 .functor OR 1, L_0x8f6d1e260, L_0x8f6d1e300, C4<0>, C4<0>;
v0x8f657cdc0_0 .net *"_ivl_0", 0 0, L_0x8f6d1e260;  1 drivers
v0x8f657ce60_0 .net *"_ivl_1", 0 0, L_0x8f6d1e300;  1 drivers
v0x8f657cf00_0 .net *"_ivl_2", 0 0, L_0x8f6d15650;  1 drivers
S_0x8f657bd80 .scope generate, "loop[23]" "loop[23]" 11 9, 11 9 0, S_0x8f6579980;
 .timescale -9 -11;
P_0x8f6580100 .param/l "i" 1 11 9, +C4<010111>;
L_0x8f6d156c0 .functor OR 1, L_0x8f6d1e3a0, L_0x8f6d1e440, C4<0>, C4<0>;
v0x8f657cfa0_0 .net *"_ivl_0", 0 0, L_0x8f6d1e3a0;  1 drivers
v0x8f657d040_0 .net *"_ivl_1", 0 0, L_0x8f6d1e440;  1 drivers
v0x8f657d0e0_0 .net *"_ivl_2", 0 0, L_0x8f6d156c0;  1 drivers
S_0x8f6584000 .scope generate, "loop[24]" "loop[24]" 11 9, 11 9 0, S_0x8f6579980;
 .timescale -9 -11;
P_0x8f6580140 .param/l "i" 1 11 9, +C4<011000>;
L_0x8f6d15730 .functor OR 1, L_0x8f6d1e4e0, L_0x8f6d1e580, C4<0>, C4<0>;
v0x8f657d180_0 .net *"_ivl_0", 0 0, L_0x8f6d1e4e0;  1 drivers
v0x8f657d220_0 .net *"_ivl_1", 0 0, L_0x8f6d1e580;  1 drivers
v0x8f657d2c0_0 .net *"_ivl_2", 0 0, L_0x8f6d15730;  1 drivers
S_0x8f6584180 .scope generate, "loop[25]" "loop[25]" 11 9, 11 9 0, S_0x8f6579980;
 .timescale -9 -11;
P_0x8f6580180 .param/l "i" 1 11 9, +C4<011001>;
L_0x8f6d157a0 .functor OR 1, L_0x8f6d1e620, L_0x8f6d1e6c0, C4<0>, C4<0>;
v0x8f657d360_0 .net *"_ivl_0", 0 0, L_0x8f6d1e620;  1 drivers
v0x8f657d400_0 .net *"_ivl_1", 0 0, L_0x8f6d1e6c0;  1 drivers
v0x8f657d4a0_0 .net *"_ivl_2", 0 0, L_0x8f6d157a0;  1 drivers
S_0x8f6584300 .scope generate, "loop[26]" "loop[26]" 11 9, 11 9 0, S_0x8f6579980;
 .timescale -9 -11;
P_0x8f65801c0 .param/l "i" 1 11 9, +C4<011010>;
L_0x8f6d15810 .functor OR 1, L_0x8f6d1e760, L_0x8f6d1e800, C4<0>, C4<0>;
v0x8f657d540_0 .net *"_ivl_0", 0 0, L_0x8f6d1e760;  1 drivers
v0x8f657d5e0_0 .net *"_ivl_1", 0 0, L_0x8f6d1e800;  1 drivers
v0x8f657d680_0 .net *"_ivl_2", 0 0, L_0x8f6d15810;  1 drivers
S_0x8f6584480 .scope generate, "loop[27]" "loop[27]" 11 9, 11 9 0, S_0x8f6579980;
 .timescale -9 -11;
P_0x8f6580200 .param/l "i" 1 11 9, +C4<011011>;
L_0x8f6d15880 .functor OR 1, L_0x8f6d1e8a0, L_0x8f6d1e940, C4<0>, C4<0>;
v0x8f657d720_0 .net *"_ivl_0", 0 0, L_0x8f6d1e8a0;  1 drivers
v0x8f657d7c0_0 .net *"_ivl_1", 0 0, L_0x8f6d1e940;  1 drivers
v0x8f657d860_0 .net *"_ivl_2", 0 0, L_0x8f6d15880;  1 drivers
S_0x8f6584600 .scope generate, "loop[28]" "loop[28]" 11 9, 11 9 0, S_0x8f6579980;
 .timescale -9 -11;
P_0x8f6580240 .param/l "i" 1 11 9, +C4<011100>;
L_0x8f6d158f0 .functor OR 1, L_0x8f6d1e9e0, L_0x8f6d1ea80, C4<0>, C4<0>;
v0x8f657d900_0 .net *"_ivl_0", 0 0, L_0x8f6d1e9e0;  1 drivers
v0x8f657d9a0_0 .net *"_ivl_1", 0 0, L_0x8f6d1ea80;  1 drivers
v0x8f657da40_0 .net *"_ivl_2", 0 0, L_0x8f6d158f0;  1 drivers
S_0x8f6584780 .scope generate, "loop[29]" "loop[29]" 11 9, 11 9 0, S_0x8f6579980;
 .timescale -9 -11;
P_0x8f6580280 .param/l "i" 1 11 9, +C4<011101>;
L_0x8f6d15960 .functor OR 1, L_0x8f6d1eb20, L_0x8f6d1ebc0, C4<0>, C4<0>;
v0x8f657dae0_0 .net *"_ivl_0", 0 0, L_0x8f6d1eb20;  1 drivers
v0x8f657db80_0 .net *"_ivl_1", 0 0, L_0x8f6d1ebc0;  1 drivers
v0x8f657dc20_0 .net *"_ivl_2", 0 0, L_0x8f6d15960;  1 drivers
S_0x8f6584900 .scope generate, "loop[30]" "loop[30]" 11 9, 11 9 0, S_0x8f6579980;
 .timescale -9 -11;
P_0x8f65802c0 .param/l "i" 1 11 9, +C4<011110>;
L_0x8f6d159d0 .functor OR 1, L_0x8f6d1ec60, L_0x8f6d1ed00, C4<0>, C4<0>;
v0x8f657dcc0_0 .net *"_ivl_0", 0 0, L_0x8f6d1ec60;  1 drivers
v0x8f657dd60_0 .net *"_ivl_1", 0 0, L_0x8f6d1ed00;  1 drivers
v0x8f657de00_0 .net *"_ivl_2", 0 0, L_0x8f6d159d0;  1 drivers
S_0x8f6584a80 .scope generate, "loop[31]" "loop[31]" 11 9, 11 9 0, S_0x8f6579980;
 .timescale -9 -11;
P_0x8f6580300 .param/l "i" 1 11 9, +C4<011111>;
L_0x8f6d15a40 .functor OR 1, L_0x8f6d1eda0, L_0x8f6d1ee40, C4<0>, C4<0>;
v0x8f657dea0_0 .net *"_ivl_0", 0 0, L_0x8f6d1eda0;  1 drivers
v0x8f657df40_0 .net *"_ivl_1", 0 0, L_0x8f6d1ee40;  1 drivers
v0x8f657dfe0_0 .net *"_ivl_2", 0 0, L_0x8f6d15a40;  1 drivers
S_0x8f6584c00 .scope module, "pcinc_unit" "pcinc" 4 120, 12 1 0, S_0x8f6544c00;
 .timescale -9 -11;
    .port_info 0 /INPUT 32 "B";
    .port_info 1 /OUTPUT 32 "sum";
v0x8f657e260_0 .net "B", 31 0, v0x8f658a080_0;  alias, 1 drivers
L_0x8f68790f0 .functor BUFT 1, C4<00000000000000000000000000000001>, C4<0>, C4<0>, C4<0>;
v0x8f657e300_0 .net/2u *"_ivl_0", 31 0, L_0x8f68790f0;  1 drivers
v0x8f657e3a0_0 .net "sum", 31 0, L_0x8f714a120;  alias, 1 drivers
L_0x8f714a120 .arith/sum 32, v0x8f658a080_0, L_0x8f68790f0;
S_0x8f6584d80 .scope module, "rotl_unit" "rotl" 4 114, 13 1 0, S_0x8f6544c00;
 .timescale -9 -11;
    .port_info 0 /INPUT 32 "A";
    .port_info 1 /INPUT 5 "B";
    .port_info 2 /OUTPUT 32 "C";
L_0x8f6d30540 .functor OR 32, L_0x8f7149f40, L_0x8f714a080, C4<00000000000000000000000000000000>, C4<00000000000000000000000000000000>;
v0x8f657e440_0 .net "A", 31 0, v0x8f65bbd40_0;  alias, 1 drivers
v0x8f657e4e0_0 .net "B", 4 0, L_0x8f6d2e9e0;  1 drivers
v0x8f657e580_0 .net "C", 31 0, L_0x8f6d30540;  alias, 1 drivers
v0x8f657e620_0 .net *"_ivl_0", 31 0, L_0x8f7149f40;  1 drivers
v0x8f657e6c0_0 .net *"_ivl_10", 31 0, L_0x8f714a080;  1 drivers
L_0x8f6879060 .functor BUFT 1, C4<00000000000000000000000000100000>, C4<0>, C4<0>, C4<0>;
v0x8f657e760_0 .net/2u *"_ivl_2", 31 0, L_0x8f6879060;  1 drivers
v0x8f657e800_0 .net *"_ivl_4", 31 0, L_0x8f75475c0;  1 drivers
L_0x8f68790a8 .functor BUFT 1, C4<000000000000000000000000000>, C4<0>, C4<0>, C4<0>;
v0x8f657e8a0_0 .net *"_ivl_7", 26 0, L_0x8f68790a8;  1 drivers
v0x8f657e940_0 .net *"_ivl_8", 31 0, L_0x8f7149fe0;  1 drivers
L_0x8f7149f40 .shift/l 32, v0x8f65bbd40_0, L_0x8f6d2e9e0;
L_0x8f75475c0 .concat [ 5 27 0 0], L_0x8f6d2e9e0, L_0x8f68790a8;
L_0x8f7149fe0 .arith/sub 32, L_0x8f6879060, L_0x8f75475c0;
L_0x8f714a080 .shift/r 32, v0x8f65bbd40_0, L_0x8f7149fe0;
S_0x8f6584f00 .scope module, "rotr_unit" "rotr" 4 108, 14 1 0, S_0x8f6544c00;
 .timescale -9 -11;
    .port_info 0 /INPUT 32 "A";
    .port_info 1 /INPUT 5 "B";
    .port_info 2 /OUTPUT 32 "C";
L_0x8f6d304d0 .functor OR 32, L_0x8f7149d60, L_0x8f7149ea0, C4<00000000000000000000000000000000>, C4<00000000000000000000000000000000>;
v0x8f657e9e0_0 .net "A", 31 0, v0x8f65bbd40_0;  alias, 1 drivers
v0x8f657ea80_0 .net "B", 4 0, L_0x8f6d2e940;  1 drivers
v0x8f657eb20_0 .net "C", 31 0, L_0x8f6d304d0;  alias, 1 drivers
v0x8f657ebc0_0 .net *"_ivl_0", 31 0, L_0x8f7149d60;  1 drivers
v0x8f657ec60_0 .net *"_ivl_10", 31 0, L_0x8f7149ea0;  1 drivers
L_0x8f6878fd0 .functor BUFT 1, C4<00000000000000000000000000100000>, C4<0>, C4<0>, C4<0>;
v0x8f657ed00_0 .net/2u *"_ivl_2", 31 0, L_0x8f6878fd0;  1 drivers
v0x8f657eda0_0 .net *"_ivl_4", 31 0, L_0x8f7547520;  1 drivers
L_0x8f6879018 .functor BUFT 1, C4<000000000000000000000000000>, C4<0>, C4<0>, C4<0>;
v0x8f657ee40_0 .net *"_ivl_7", 26 0, L_0x8f6879018;  1 drivers
v0x8f657eee0_0 .net *"_ivl_8", 31 0, L_0x8f7149e00;  1 drivers
L_0x8f7149d60 .shift/r 32, v0x8f65bbd40_0, L_0x8f6d2e940;
L_0x8f7547520 .concat [ 5 27 0 0], L_0x8f6d2e940, L_0x8f6879018;
L_0x8f7149e00 .arith/sub 32, L_0x8f6878fd0, L_0x8f7547520;
L_0x8f7149ea0 .shift/l 32, v0x8f65bbd40_0, L_0x8f7149e00;
S_0x8f6585080 .scope module, "shiftl_unit" "shiftl" 4 102, 15 1 0, S_0x8f6544c00;
 .timescale -9 -11;
    .port_info 0 /INPUT 32 "A";
    .port_info 1 /INPUT 5 "B";
    .port_info 2 /OUTPUT 32 "C";
v0x8f657ef80_0 .net "A", 31 0, v0x8f65bbd40_0;  alias, 1 drivers
v0x8f657f020_0 .net "B", 4 0, L_0x8f6d2e8a0;  1 drivers
v0x8f657f0c0_0 .var "C", 31 0;
v0x8f657f160_0 .var/i "i", 31 0;
E_0x8f752eac0 .event anyedge, v0x8f657f020_0, v0x8f654c820_0;
S_0x8f6585200 .scope module, "shr_unit" "shiftr" 4 90, 16 1 0, S_0x8f6544c00;
 .timescale -9 -11;
    .port_info 0 /INPUT 32 "A";
    .port_info 1 /INPUT 5 "B";
    .port_info 2 /OUTPUT 32 "C";
v0x8f657f200_0 .net "A", 31 0, v0x8f65bbd40_0;  alias, 1 drivers
v0x8f657f2a0_0 .net "B", 4 0, L_0x8f6d2e760;  1 drivers
v0x8f657f340_0 .var "C", 31 0;
v0x8f657f3e0_0 .var/i "i", 31 0;
E_0x8f752eb00 .event anyedge, v0x8f657f2a0_0, v0x8f654c820_0;
S_0x8f6585380 .scope module, "shra_unit" "shiftra" 4 96, 17 1 0, S_0x8f6544c00;
 .timescale -9 -11;
    .port_info 0 /INPUT 32 "A";
    .port_info 1 /INPUT 5 "B";
    .port_info 2 /OUTPUT 32 "C";
v0x8f657f480_0 .net "A", 31 0, v0x8f65bbd40_0;  alias, 1 drivers
v0x8f657f520_0 .net "B", 4 0, L_0x8f6d2e800;  1 drivers
v0x8f657f5c0_0 .net "C", 31 0, L_0x8f7149cc0;  alias, 1 drivers
L_0x8f7149cc0 .shift/r 32, v0x8f65bbd40_0, L_0x8f6d2e800;
S_0x8f6585500 .scope module, "sub_unit" "subtractor" 4 50, 18 1 0, S_0x8f6544c00;
 .timescale -9 -11;
    .port_info 0 /INPUT 32 "A";
    .port_info 1 /INPUT 32 "B";
    .port_info 2 /OUTPUT 32 "Result";
v0x8f657f660_0 .net "A", 31 0, v0x8f65bbd40_0;  alias, 1 drivers
v0x8f657f700_0 .net "B", 31 0, v0x8f658a080_0;  alias, 1 drivers
v0x8f657f7a0_0 .var "LocalCarry", 32 0;
v0x8f657f840_0 .var "Result", 31 0;
v0x8f657f8e0_0 .var "TwosCompB", 31 0;
v0x8f657f980_0 .var/i "i", 31 0;
E_0x8f752eb40 .event anyedge, v0x8f654c8c0_0, v0x8f654c820_0;
S_0x8f6585680 .scope module, "u_bus" "bus" 30 124, 19 2 0, S_0x8f6544a80;
 .timescale -9 -11;
    .port_info 0 /INPUT 32 "r0";
    .port_info 1 /INPUT 32 "r1";
    .port_info 2 /INPUT 32 "r2";
    .port_info 3 /INPUT 32 "r3";
    .port_info 4 /INPUT 32 "r4";
    .port_info 5 /INPUT 32 "r5";
    .port_info 6 /INPUT 32 "r6";
    .port_info 7 /INPUT 32 "r7";
    .port_info 8 /INPUT 32 "r8";
    .port_info 9 /INPUT 32 "r9";
    .port_info 10 /INPUT 32 "r10";
    .port_info 11 /INPUT 32 "r11";
    .port_info 12 /INPUT 32 "r12";
    .port_info 13 /INPUT 32 "r13";
    .port_info 14 /INPUT 32 "r14";
    .port_info 15 /INPUT 32 "r15";
    .port_info 16 /INPUT 32 "hi";
    .port_info 17 /INPUT 32 "lo";
    .port_info 18 /INPUT 32 "zhi";
    .port_info 19 /INPUT 32 "zlo";
    .port_info 20 /INPUT 32 "pc";
    .port_info 21 /INPUT 32 "mdr";
    .port_info 22 /INPUT 32 "in_port";
    .port_info 23 /INPUT 32 "c_signext";
    .port_info 24 /INPUT 16 "r_out";
    .port_info 25 /INPUT 1 "hi_out";
    .port_info 26 /INPUT 1 "lo_out";
    .port_info 27 /INPUT 1 "zhi_out";
    .port_info 28 /INPUT 1 "zlo_out";
    .port_info 29 /INPUT 1 "pc_out";
    .port_info 30 /INPUT 1 "mdr_out";
    .port_info 31 /INPUT 1 "in_port_out";
    .port_info 32 /INPUT 1 "c_out";
    .port_info 33 /OUTPUT 32 "bus_out";
    .port_info 34 /OUTPUT 1 "bus_valid";
    .port_info 35 /OUTPUT 1 "bus_multi";
L_0x8f6c73870 .functor BUFZ 16, L_0x8f6d10aa0, C4<0000000000000000>, C4<0000000000000000>, C4<0000000000000000>;
L_0x8f6c738e0 .functor BUFZ 1, v0x8f65959a0_0, C4<0>, C4<0>, C4<0>;
L_0x8f6c73950 .functor BUFZ 1, v0x8f6595cc0_0, C4<0>, C4<0>, C4<0>;
L_0x8f6c739c0 .functor BUFZ 1, v0x8f6596800_0, C4<0>, C4<0>, C4<0>;
L_0x8f6c73a30 .functor BUFZ 1, v0x8f6596940_0, C4<0>, C4<0>, C4<0>;
L_0x8f6c73aa0 .functor BUFZ 1, v0x8f65961c0_0, C4<0>, C4<0>, C4<0>;
L_0x8f6c73b10 .functor BUFZ 1, v0x8f6595ea0_0, C4<0>, C4<0>, C4<0>;
L_0x8f6c73b80 .functor BUFZ 1, v0x8f6595a40_0, C4<0>, C4<0>, C4<0>;
L_0x8f6c73bf0 .functor BUFZ 1, v0x8f65954a0_0, C4<0>, C4<0>, C4<0>;
v0x8f658a1c0_0 .net *"_ivl_11", 0 0, L_0x8f6c73950;  1 drivers
v0x8f658a260_0 .net *"_ivl_15", 0 0, L_0x8f6c739c0;  1 drivers
v0x8f658a300_0 .net *"_ivl_19", 0 0, L_0x8f6c73a30;  1 drivers
v0x8f658a3a0_0 .net *"_ivl_23", 0 0, L_0x8f6c73aa0;  1 drivers
v0x8f658a440_0 .net *"_ivl_27", 0 0, L_0x8f6c73b10;  1 drivers
v0x8f658a4e0_0 .net *"_ivl_3", 15 0, L_0x8f6c73870;  1 drivers
v0x8f658a580_0 .net *"_ivl_31", 0 0, L_0x8f6c73b80;  1 drivers
v0x8f658a620_0 .net *"_ivl_35", 0 0, L_0x8f6c73bf0;  1 drivers
L_0x8f6878be0 .functor BUFT 1, C4<00000000>, C4<0>, C4<0>, C4<0>;
v0x8f658a6c0_0 .net/2u *"_ivl_39", 7 0, L_0x8f6878be0;  1 drivers
v0x8f658a760_0 .net *"_ivl_7", 0 0, L_0x8f6c738e0;  1 drivers
v0x8f658a800_0 .net "bus_multi", 0 0, L_0x8f6c73cd0;  1 drivers
v0x8f658a8a0_0 .net "bus_out", 31 0, v0x8f658a080_0;  alias, 1 drivers
v0x8f658a940_0 .net "bus_valid", 0 0, L_0x8f7545ae0;  1 drivers
v0x8f658a9e0_0 .net "c_out", 0 0, v0x8f65954a0_0;  alias, 1 drivers
v0x8f658aa80_0 .net "c_signext", 31 0, L_0x8f6c72d10;  alias, 1 drivers
v0x8f658ab20_0 .net "hi", 31 0, v0x8f65baa80_0;  alias, 1 drivers
v0x8f658abc0_0 .net "hi_out", 0 0, v0x8f65959a0_0;  alias, 1 drivers
v0x8f658ac60_0 .net "in_port", 31 0, v0x8f6596b20_0;  alias, 1 drivers
v0x8f658ad00_0 .net "in_port_out", 0 0, v0x8f6595a40_0;  alias, 1 drivers
v0x8f658ada0_0 .net "lo", 31 0, v0x8f65bb0c0_0;  alias, 1 drivers
v0x8f658ae40_0 .net "lo_out", 0 0, v0x8f6595cc0_0;  alias, 1 drivers
v0x8f658aee0_0 .net "mdr", 31 0, v0x8f6597020_0;  alias, 1 drivers
v0x8f658af80_0 .net "mdr_out", 0 0, v0x8f6595ea0_0;  alias, 1 drivers
v0x8f658b020_0 .net "onehot", 31 0, L_0x8f7545a40;  1 drivers
v0x8f658b0c0_0 .net "pc", 31 0, v0x8f65bb700_0;  alias, 1 drivers
v0x8f658b160_0 .net "pc_out", 0 0, v0x8f65961c0_0;  alias, 1 drivers
v0x8f658b200_0 .net "r0", 31 0, L_0x8f6c72d80;  alias, 1 drivers
v0x8f658b2a0_0 .net "r1", 31 0, L_0x8f6c72df0;  alias, 1 drivers
v0x8f658b340_0 .net "r10", 31 0, L_0x8f6c731e0;  alias, 1 drivers
v0x8f658b3e0_0 .net "r11", 31 0, L_0x8f6c73250;  alias, 1 drivers
v0x8f658b480_0 .net "r12", 31 0, L_0x8f6c732c0;  alias, 1 drivers
v0x8f658b520_0 .net "r13", 31 0, L_0x8f6c73330;  alias, 1 drivers
v0x8f658b5c0_0 .net "r14", 31 0, L_0x8f6c733a0;  alias, 1 drivers
v0x8f658b660_0 .net "r15", 31 0, L_0x8f6c73410;  alias, 1 drivers
v0x8f658b700_0 .net "r2", 31 0, L_0x8f6c72e60;  alias, 1 drivers
v0x8f658b7a0_0 .net "r3", 31 0, L_0x8f6c72ed0;  alias, 1 drivers
v0x8f658b840_0 .net "r4", 31 0, L_0x8f6c72f40;  alias, 1 drivers
v0x8f658b8e0_0 .net "r5", 31 0, L_0x8f6c72fb0;  alias, 1 drivers
v0x8f658b980_0 .net "r6", 31 0, L_0x8f6c73020;  alias, 1 drivers
v0x8f658ba20_0 .net "r7", 31 0, L_0x8f6c73090;  alias, 1 drivers
v0x8f658bac0_0 .net "r8", 31 0, L_0x8f6c73100;  alias, 1 drivers
v0x8f658bb60_0 .net "r9", 31 0, L_0x8f6c73170;  alias, 1 drivers
v0x8f658bc00_0 .net "r_out", 15 0, L_0x8f6d10aa0;  alias, 1 drivers
v0x8f658bca0_0 .net "sel", 4 0, v0x8f6588b40_0;  1 drivers
v0x8f658bd40_0 .net "zhi", 31 0, v0x8f65c80a0_0;  alias, 1 drivers
v0x8f658bde0_0 .net "zhi_out", 0 0, v0x8f6596800_0;  alias, 1 drivers
v0x8f658be80_0 .net "zlo", 31 0, v0x8f65c83c0_0;  alias, 1 drivers
v0x8f658bf20_0 .net "zlo_out", 0 0, v0x8f6596940_0;  alias, 1 drivers
LS_0x8f7545a40_0_0 .concat8 [ 16 1 1 1], L_0x8f6c73870, L_0x8f6c738e0, L_0x8f6c73950, L_0x8f6c739c0;
LS_0x8f7545a40_0_4 .concat8 [ 1 1 1 1], L_0x8f6c73a30, L_0x8f6c73aa0, L_0x8f6c73b10, L_0x8f6c73b80;
LS_0x8f7545a40_0_8 .concat8 [ 1 8 0 0], L_0x8f6c73bf0, L_0x8f6878be0;
L_0x8f7545a40 .concat8 [ 19 4 9 0], LS_0x8f7545a40_0_0, LS_0x8f7545a40_0_4, LS_0x8f7545a40_0_8;
S_0x8f6585800 .scope module, "u_enc" "encoder32to5" 19 51, 20 1 0, S_0x8f6585680;
 .timescale -9 -11;
    .port_info 0 /INPUT 32 "onehot";
    .port_info 1 /OUTPUT 5 "sel";
    .port_info 2 /OUTPUT 1 "valid";
    .port_info 3 /OUTPUT 1 "multi";
L_0x8f6c73c60 .functor AND 32, L_0x8f7545a40, L_0x8f7149b80, C4<11111111111111111111111111111111>, C4<11111111111111111111111111111111>;
L_0x8f6c73cd0 .functor AND 1, L_0x8f7545b80, L_0x8f7545c20, C4<1>, C4<1>;
v0x8f65885a0_0 .net *"_ivl_10", 31 0, L_0x8f6c73c60;  1 drivers
L_0x8f6878cb8 .functor BUFT 1, C4<00000000000000000000000000000000>, C4<0>, C4<0>, C4<0>;
v0x8f6588640_0 .net/2u *"_ivl_12", 31 0, L_0x8f6878cb8;  1 drivers
v0x8f65886e0_0 .net *"_ivl_14", 0 0, L_0x8f7545c20;  1 drivers
L_0x8f6878c28 .functor BUFT 1, C4<00000000000000000000000000000000>, C4<0>, C4<0>, C4<0>;
v0x8f6588780_0 .net/2u *"_ivl_2", 31 0, L_0x8f6878c28;  1 drivers
v0x8f6588820_0 .net *"_ivl_4", 0 0, L_0x8f7545b80;  1 drivers
L_0x8f6878c70 .functor BUFT 1, C4<00000000000000000000000000000001>, C4<0>, C4<0>, C4<0>;
v0x8f65888c0_0 .net/2u *"_ivl_6", 31 0, L_0x8f6878c70;  1 drivers
v0x8f6588960_0 .net *"_ivl_8", 31 0, L_0x8f7149b80;  1 drivers
v0x8f6588a00_0 .net "multi", 0 0, L_0x8f6c73cd0;  alias, 1 drivers
v0x8f6588aa0_0 .net "onehot", 31 0, L_0x8f7545a40;  alias, 1 drivers
v0x8f6588b40_0 .var "sel", 4 0;
v0x8f6588be0_0 .net "valid", 0 0, L_0x8f7545ae0;  alias, 1 drivers
E_0x8f752eb80 .event anyedge, v0x8f6588aa0_0;
L_0x8f7545ae0 .reduce/or L_0x8f7545a40;
L_0x8f7545b80 .cmp/ne 32, L_0x8f7545a40, L_0x8f6878c28;
L_0x8f7149b80 .arith/sub 32, L_0x8f7545a40, L_0x8f6878c70;
L_0x8f7545c20 .cmp/ne 32, L_0x8f6c73c60, L_0x8f6878cb8;
S_0x8f6585980 .scope module, "u_mux" "bus_mux32" 19 59, 21 2 0, S_0x8f6585680;
 .timescale -9 -11;
    .port_info 0 /INPUT 5 "sel";
    .port_info 1 /INPUT 32 "in0";
    .port_info 2 /INPUT 32 "in1";
    .port_info 3 /INPUT 32 "in2";
    .port_info 4 /INPUT 32 "in3";
    .port_info 5 /INPUT 32 "in4";
    .port_info 6 /INPUT 32 "in5";
    .port_info 7 /INPUT 32 "in6";
    .port_info 8 /INPUT 32 "in7";
    .port_info 9 /INPUT 32 "in8";
    .port_info 10 /INPUT 32 "in9";
    .port_info 11 /INPUT 32 "in10";
    .port_info 12 /INPUT 32 "in11";
    .port_info 13 /INPUT 32 "in12";
    .port_info 14 /INPUT 32 "in13";
    .port_info 15 /INPUT 32 "in14";
    .port_info 16 /INPUT 32 "in15";
    .port_info 17 /INPUT 32 "in16";
    .port_info 18 /INPUT 32 "in17";
    .port_info 19 /INPUT 32 "in18";
    .port_info 20 /INPUT 32 "in19";
    .port_info 21 /INPUT 32 "in20";
    .port_info 22 /INPUT 32 "in21";
    .port_info 23 /INPUT 32 "in22";
    .port_info 24 /INPUT 32 "in23";
    .port_info 25 /INPUT 32 "in24";
    .port_info 26 /INPUT 32 "in25";
    .port_info 27 /INPUT 32 "in26";
    .port_info 28 /INPUT 32 "in27";
    .port_info 29 /INPUT 32 "in28";
    .port_info 30 /INPUT 32 "in29";
    .port_info 31 /INPUT 32 "in30";
    .port_info 32 /INPUT 32 "in31";
    .port_info 33 /OUTPUT 32 "out";
v0x8f6588c80_0 .net "in0", 31 0, L_0x8f6c72d80;  alias, 1 drivers
v0x8f6588d20_0 .net "in1", 31 0, L_0x8f6c72df0;  alias, 1 drivers
v0x8f6588dc0_0 .net "in10", 31 0, L_0x8f6c731e0;  alias, 1 drivers
v0x8f6588e60_0 .net "in11", 31 0, L_0x8f6c73250;  alias, 1 drivers
v0x8f6588f00_0 .net "in12", 31 0, L_0x8f6c732c0;  alias, 1 drivers
v0x8f6588fa0_0 .net "in13", 31 0, L_0x8f6c73330;  alias, 1 drivers
v0x8f6589040_0 .net "in14", 31 0, L_0x8f6c733a0;  alias, 1 drivers
v0x8f65890e0_0 .net "in15", 31 0, L_0x8f6c73410;  alias, 1 drivers
v0x8f6589180_0 .net "in16", 31 0, v0x8f65baa80_0;  alias, 1 drivers
v0x8f6589220_0 .net "in17", 31 0, v0x8f65bb0c0_0;  alias, 1 drivers
v0x8f65892c0_0 .net "in18", 31 0, v0x8f65c80a0_0;  alias, 1 drivers
v0x8f6589360_0 .net "in19", 31 0, v0x8f65c83c0_0;  alias, 1 drivers
v0x8f6589400_0 .net "in2", 31 0, L_0x8f6c72e60;  alias, 1 drivers
v0x8f65894a0_0 .net "in20", 31 0, v0x8f65bb700_0;  alias, 1 drivers
v0x8f6589540_0 .net "in21", 31 0, v0x8f6597020_0;  alias, 1 drivers
v0x8f65895e0_0 .net "in22", 31 0, v0x8f6596b20_0;  alias, 1 drivers
v0x8f6589680_0 .net "in23", 31 0, L_0x8f6c72d10;  alias, 1 drivers
L_0x8f6878d00 .functor BUFT 1, C4<00000000000000000000000000000000>, C4<0>, C4<0>, C4<0>;
v0x8f6589720_0 .net "in24", 31 0, L_0x8f6878d00;  1 drivers
L_0x8f6878d48 .functor BUFT 1, C4<00000000000000000000000000000000>, C4<0>, C4<0>, C4<0>;
v0x8f65897c0_0 .net "in25", 31 0, L_0x8f6878d48;  1 drivers
L_0x8f6878d90 .functor BUFT 1, C4<00000000000000000000000000000000>, C4<0>, C4<0>, C4<0>;
v0x8f6589860_0 .net "in26", 31 0, L_0x8f6878d90;  1 drivers
L_0x8f6878dd8 .functor BUFT 1, C4<00000000000000000000000000000000>, C4<0>, C4<0>, C4<0>;
v0x8f6589900_0 .net "in27", 31 0, L_0x8f6878dd8;  1 drivers
L_0x8f6878e20 .functor BUFT 1, C4<00000000000000000000000000000000>, C4<0>, C4<0>, C4<0>;
v0x8f65899a0_0 .net "in28", 31 0, L_0x8f6878e20;  1 drivers
L_0x8f6878e68 .functor BUFT 1, C4<00000000000000000000000000000000>, C4<0>, C4<0>, C4<0>;
v0x8f6589a40_0 .net "in29", 31 0, L_0x8f6878e68;  1 drivers
v0x8f6589ae0_0 .net "in3", 31 0, L_0x8f6c72ed0;  alias, 1 drivers
L_0x8f6878eb0 .functor BUFT 1, C4<00000000000000000000000000000000>, C4<0>, C4<0>, C4<0>;
v0x8f6589b80_0 .net "in30", 31 0, L_0x8f6878eb0;  1 drivers
L_0x8f6878ef8 .functor BUFT 1, C4<00000000000000000000000000000000>, C4<0>, C4<0>, C4<0>;
v0x8f6589c20_0 .net "in31", 31 0, L_0x8f6878ef8;  1 drivers
v0x8f6589cc0_0 .net "in4", 31 0, L_0x8f6c72f40;  alias, 1 drivers
v0x8f6589d60_0 .net "in5", 31 0, L_0x8f6c72fb0;  alias, 1 drivers
v0x8f6589e00_0 .net "in6", 31 0, L_0x8f6c73020;  alias, 1 drivers
v0x8f6589ea0_0 .net "in7", 31 0, L_0x8f6c73090;  alias, 1 drivers
v0x8f6589f40_0 .net "in8", 31 0, L_0x8f6c73100;  alias, 1 drivers
v0x8f6589fe0_0 .net "in9", 31 0, L_0x8f6c73170;  alias, 1 drivers
v0x8f658a080_0 .var "out", 31 0;
v0x8f658a120_0 .net "sel", 4 0, v0x8f6588b40_0;  alias, 1 drivers
E_0x8f752ebc0/0 .event anyedge, v0x8f6588b40_0, v0x8f6588c80_0, v0x8f6588d20_0, v0x8f6589400_0;
E_0x8f752ebc0/1 .event anyedge, v0x8f6589ae0_0, v0x8f6589cc0_0, v0x8f6589d60_0, v0x8f6589e00_0;
E_0x8f752ebc0/2 .event anyedge, v0x8f6589ea0_0, v0x8f6589f40_0, v0x8f6589fe0_0, v0x8f6588dc0_0;
E_0x8f752ebc0/3 .event anyedge, v0x8f6588e60_0, v0x8f6588f00_0, v0x8f6588fa0_0, v0x8f6589040_0;
E_0x8f752ebc0/4 .event anyedge, v0x8f65890e0_0, v0x8f6589180_0, v0x8f6589220_0, v0x8f65892c0_0;
E_0x8f752ebc0/5 .event anyedge, v0x8f6589360_0, v0x8f65894a0_0, v0x8f6589540_0, v0x8f65895e0_0;
E_0x8f752ebc0/6 .event anyedge, v0x8f6589680_0, v0x8f6589720_0, v0x8f65897c0_0, v0x8f6589860_0;
E_0x8f752ebc0/7 .event anyedge, v0x8f6589900_0, v0x8f65899a0_0, v0x8f6589a40_0, v0x8f6589b80_0;
E_0x8f752ebc0/8 .event anyedge, v0x8f6589c20_0;
E_0x8f752ebc0 .event/or E_0x8f752ebc0/0, E_0x8f752ebc0/1, E_0x8f752ebc0/2, E_0x8f752ebc0/3, E_0x8f752ebc0/4, E_0x8f752ebc0/5, E_0x8f752ebc0/6, E_0x8f752ebc0/7, E_0x8f752ebc0/8;
S_0x8f6585b00 .scope module, "u_conff" "conff" 30 105, 22 2 0, S_0x8f6544a80;
 .timescale -9 -11;
    .port_info 0 /INPUT 32 "bus_in";
    .port_info 1 /INPUT 2 "irIn";
    .port_info 2 /INPUT 1 "con_in";
    .port_info 3 /INPUT 1 "clk";
    .port_info 4 /INPUT 1 "reset";
    .port_info 5 /OUTPUT 1 "q";
L_0x8f6878b08 .functor BUFT 1, C4<0>, C4<0>, C4<0>, C4<0>;
L_0x8f6c73480 .functor XNOR 1, L_0x8f6d11860, L_0x8f6878b08, C4<0>, C4<0>;
L_0x8f6878b50 .functor BUFT 1, C4<1>, C4<0>, C4<0>, C4<0>;
L_0x8f6c734f0 .functor XNOR 1, L_0x8f6d11900, L_0x8f6878b50, C4<0>, C4<0>;
L_0x8f6c73560 .functor AND 1, L_0x8f6d119a0, L_0x8f7545900, C4<1>, C4<1>;
L_0x8f6c735d0 .functor AND 1, L_0x8f6d11a40, L_0x8f75459a0, C4<1>, C4<1>;
L_0x8f6c73640 .functor OR 1, L_0x8f6c73560, L_0x8f6c735d0, C4<0>, C4<0>;
L_0x8f6c736b0 .functor AND 1, L_0x8f6d11ae0, L_0x8f6c73480, C4<1>, C4<1>;
L_0x8f6c73720 .functor OR 1, L_0x8f6c73640, L_0x8f6c736b0, C4<0>, C4<0>;
L_0x8f6c73790 .functor AND 1, L_0x8f6d11b80, L_0x8f6c734f0, C4<1>, C4<1>;
L_0x8f6c73800 .functor OR 1, L_0x8f6c73720, L_0x8f6c73790, C4<0>, C4<0>;
L_0x8f6878a78 .functor BUFT 1, C4<00000000000000000000000000000000>, C4<0>, C4<0>, C4<0>;
v0x8f6594000_0 .net/2u *"_ivl_0", 31 0, L_0x8f6878a78;  1 drivers
v0x8f65940a0_0 .net/2u *"_ivl_10", 0 0, L_0x8f6878b08;  1 drivers
v0x8f6594140_0 .net *"_ivl_15", 0 0, L_0x8f6d11900;  1 drivers
v0x8f65941e0_0 .net/2u *"_ivl_16", 0 0, L_0x8f6878b50;  1 drivers
L_0x8f6878b98 .functor BUFT 1, C4<0001>, C4<0>, C4<0>, C4<0>;
v0x8f6594280_0 .net/2u *"_ivl_20", 3 0, L_0x8f6878b98;  1 drivers
v0x8f6594320_0 .net *"_ivl_25", 0 0, L_0x8f6d119a0;  1 drivers
v0x8f65943c0_0 .net *"_ivl_26", 0 0, L_0x8f6c73560;  1 drivers
v0x8f6594460_0 .net *"_ivl_29", 0 0, L_0x8f6d11a40;  1 drivers
v0x8f6594500_0 .net *"_ivl_30", 0 0, L_0x8f6c735d0;  1 drivers
v0x8f65945a0_0 .net *"_ivl_32", 0 0, L_0x8f6c73640;  1 drivers
v0x8f6594640_0 .net *"_ivl_35", 0 0, L_0x8f6d11ae0;  1 drivers
v0x8f65946e0_0 .net *"_ivl_36", 0 0, L_0x8f6c736b0;  1 drivers
v0x8f6594780_0 .net *"_ivl_38", 0 0, L_0x8f6c73720;  1 drivers
L_0x8f6878ac0 .functor BUFT 1, C4<00000000000000000000000000000000>, C4<0>, C4<0>, C4<0>;
v0x8f6594820_0 .net/2u *"_ivl_4", 31 0, L_0x8f6878ac0;  1 drivers
v0x8f65948c0_0 .net *"_ivl_41", 0 0, L_0x8f6d11b80;  1 drivers
v0x8f6594960_0 .net *"_ivl_42", 0 0, L_0x8f6c73790;  1 drivers
v0x8f6594a00_0 .net *"_ivl_9", 0 0, L_0x8f6d11860;  1 drivers
v0x8f6594aa0_0 .net "bus_in", 31 0, v0x8f658a080_0;  alias, 1 drivers
v0x8f6594b40_0 .net "clk", 0 0, v0x8f65cda40_0;  alias, 1 drivers
v0x8f6594be0_0 .net "con_in", 0 0, v0x8f6595680_0;  alias, 1 drivers
v0x8f6594c80_0 .net "condition_met", 0 0, L_0x8f6c73800;  1 drivers
v0x8f6594d20_0 .net "decoded", 3 0, L_0x8f7149ae0;  1 drivers
v0x8f6594dc0_0 .net "irIn", 1 0, L_0x8f6d11c20;  1 drivers
v0x8f6594e60_0 .net "is_neg", 0 0, L_0x8f6c734f0;  1 drivers
v0x8f6594f00_0 .net "is_nonzero", 0 0, L_0x8f75459a0;  1 drivers
v0x8f6594fa0_0 .net "is_pos", 0 0, L_0x8f6c73480;  1 drivers
v0x8f6595040_0 .net "is_zero", 0 0, L_0x8f7545900;  1 drivers
v0x8f65950e0_0 .var "q", 0 0;
v0x8f6595180_0 .net "reset", 0 0, v0x8f65cdd60_0;  alias, 1 drivers
E_0x8f752ec00 .event posedge, v0x8f6594b40_0;
L_0x8f7545900 .cmp/eq 32, v0x8f658a080_0, L_0x8f6878a78;
L_0x8f75459a0 .cmp/ne 32, v0x8f658a080_0, L_0x8f6878ac0;
L_0x8f6d11860 .part v0x8f658a080_0, 31, 1;
L_0x8f6d11900 .part v0x8f658a080_0, 31, 1;
L_0x8f7149ae0 .shift/l 4, L_0x8f6878b98, L_0x8f6d11c20;
L_0x8f6d119a0 .part L_0x8f7149ae0, 0, 1;
L_0x8f6d11a40 .part L_0x8f7149ae0, 1, 1;
L_0x8f6d11ae0 .part L_0x8f7149ae0, 2, 1;
L_0x8f6d11b80 .part L_0x8f7149ae0, 3, 1;
S_0x8f6585c80 .scope module, "u_control" "control_unit" 30 42, 31 1 0, S_0x8f6544a80;
 .timescale -9 -11;
    .port_info 0 /OUTPUT 1 "gra";
    .port_info 1 /OUTPUT 1 "grb";
    .port_info 2 /OUTPUT 1 "grc";
    .port_info 3 /OUTPUT 1 "rin";
    .port_info 4 /OUTPUT 1 "rout";
    .port_info 5 /OUTPUT 1 "ba_out";
    .port_info 6 /OUTPUT 1 "pc_in";
    .port_info 7 /OUTPUT 1 "ir_in";
    .port_info 8 /OUTPUT 1 "y_in";
    .port_info 9 /OUTPUT 1 "mar_in";
    .port_info 10 /OUTPUT 1 "hi_in";
    .port_info 11 /OUTPUT 1 "lo_in";
    .port_info 12 /OUTPUT 1 "zhi_in";
    .port_info 13 /OUTPUT 1 "zlo_in";
    .port_info 14 /OUTPUT 1 "hi_out";
    .port_info 15 /OUTPUT 1 "lo_out";
    .port_info 16 /OUTPUT 1 "pc_out";
    .port_info 17 /OUTPUT 1 "zhi_out";
    .port_info 18 /OUTPUT 1 "zlo_out";
    .port_info 19 /OUTPUT 5 "alu_opcode";
    .port_info 20 /OUTPUT 1 "mdr_in";
    .port_info 21 /OUTPUT 1 "mdr_out";
    .port_info 22 /OUTPUT 1 "read";
    .port_info 23 /OUTPUT 1 "write";
    .port_info 24 /OUTPUT 1 "in_port_out";
    .port_info 25 /OUTPUT 1 "c_out";
    .port_info 26 /OUTPUT 1 "out_port_in";
    .port_info 27 /OUTPUT 1 "con_in";
    .port_info 28 /INPUT 32 "mdr_q";
    .port_info 29 /OUTPUT 32 "insn";
    .port_info 30 /INPUT 1 "con_ff_out";
    .port_info 31 /INPUT 1 "stop";
    .port_info 32 /INPUT 1 "reset";
    .port_info 33 /INPUT 1 "clk";
P_0x104dc98e0 .param/l "ADD" 0 31 110, C4<00000>;
P_0x104dc9920 .param/l "ADDI" 0 31 119, C4<01001>;
P_0x104dc9960 .param/l "ALU_ADD" 1 31 37, C4<00000>;
P_0x104dc99a0 .param/l "ALU_AND" 1 31 39, C4<00010>;
P_0x104dc99e0 .param/l "ALU_DIV" 1 31 41, C4<01100>;
P_0x104dc9a20 .param/l "ALU_INC" 1 31 45, C4<10000>;
P_0x104dc9a60 .param/l "ALU_MUL" 1 31 42, C4<01101>;
P_0x104dc9aa0 .param/l "ALU_NEG" 1 31 43, C4<01110>;
P_0x104dc9ae0 .param/l "ALU_NOT" 1 31 44, C4<01111>;
P_0x104dc9b20 .param/l "ALU_OR" 1 31 40, C4<00011>;
P_0x104dc9b60 .param/l "ALU_SUB" 1 31 38, C4<00001>;
P_0x104dc9ba0 .param/l "AND" 0 31 112, C4<00010>;
P_0x104dc9be0 .param/l "ANDI" 0 31 120, C4<01010>;
P_0x104dc9c20 .param/l "BRANCH" 0 31 131, C4<10101>;
P_0x104dc9c60 .param/l "DIV" 0 31 122, C4<01100>;
P_0x104dc9ca0 .param/l "HALT" 0 31 137, C4<11011>;
P_0x104dc9ce0 .param/l "IN" 0 31 132, C4<10110>;
P_0x104dc9d20 .param/l "JAL" 0 31 129, C4<10011>;
P_0x104dc9d60 .param/l "JR" 0 31 130, C4<10100>;
P_0x104dc9da0 .param/l "LD" 0 31 126, C4<10000>;
P_0x104dc9de0 .param/l "LDI" 0 31 127, C4<10001>;
P_0x104dc9e20 .param/l "MFHI" 0 31 134, C4<11000>;
P_0x104dc9e60 .param/l "MFLO" 0 31 135, C4<11001>;
P_0x104dc9ea0 .param/l "MUL" 0 31 123, C4<01101>;
P_0x104dc9ee0 .param/l "NEG" 0 31 124, C4<01110>;
P_0x104dc9f20 .param/l "NOP" 0 31 136, C4<11010>;
P_0x104dc9f60 .param/l "NOT" 0 31 125, C4<01111>;
P_0x104dc9fa0 .param/l "OR" 0 31 113, C4<00011>;
P_0x104dc9fe0 .param/l "ORI" 0 31 121, C4<01011>;
P_0x104dca020 .param/l "OUT" 0 31 133, C4<10111>;
P_0x104dca060 .param/l "ROTL" 0 31 118, C4<01000>;
P_0x104dca0a0 .param/l "ROTR" 0 31 117, C4<00111>;
P_0x104dca0e0 .param/l "SHL" 0 31 116, C4<00110>;
P_0x104dca120 .param/l "SHR" 0 31 114, C4<00100>;
P_0x104dca160 .param/l "SHRA" 0 31 115, C4<00101>;
P_0x104dca1a0 .param/l "ST" 0 31 128, C4<10010>;
P_0x104dca1e0 .param/l "SUB" 0 31 111, C4<00001>;
P_0x104dca220 .param/l "S_BR0" 1 31 96, C4<100100>;
P_0x104dca260 .param/l "S_BR1" 1 31 97, C4<100101>;
P_0x104dca2a0 .param/l "S_BR2" 1 31 98, C4<100110>;
P_0x104dca2e0 .param/l "S_BR3" 1 31 99, C4<100111>;
P_0x104dca320 .param/l "S_DIV0" 1 31 64, C4<001100>;
P_0x104dca360 .param/l "S_DIV1" 1 31 65, C4<001101>;
P_0x104dca3a0 .param/l "S_FETCH0" 1 31 49, C4<000001>;
P_0x104dca3e0 .param/l "S_FETCH1" 1 31 50, C4<000010>;
P_0x104dca420 .param/l "S_FETCH2" 1 31 51, C4<000011>;
P_0x104dca460 .param/l "S_HALT" 1 31 107, C4<101100>;
P_0x104dca4a0 .param/l "S_I0" 1 31 57, C4<000111>;
P_0x104dca4e0 .param/l "S_I1" 1 31 58, C4<001000>;
P_0x104dca520 .param/l "S_I2" 1 31 59, C4<001001>;
P_0x104dca560 .param/l "S_IN0" 1 31 101, C4<101000>;
P_0x104dca5a0 .param/l "S_JAL0" 1 31 91, C4<100001>;
P_0x104dca5e0 .param/l "S_JAL1" 1 31 92, C4<100010>;
P_0x104dca620 .param/l "S_JR0" 1 31 94, C4<100011>;
P_0x104dca660 .param/l "S_LD0" 1 31 75, C4<010100>;
P_0x104dca6a0 .param/l "S_LD1" 1 31 76, C4<010101>;
P_0x104dca6e0 .param/l "S_LD2" 1 31 77, C4<010110>;
P_0x104dca720 .param/l "S_LD3" 1 31 78, C4<010111>;
P_0x104dca760 .param/l "S_LD4" 1 31 79, C4<011000>;
P_0x104dca7a0 .param/l "S_LDI0" 1 31 81, C4<011001>;
P_0x104dca7e0 .param/l "S_LDI1" 1 31 82, C4<011010>;
P_0x104dca820 .param/l "S_LDI2" 1 31 83, C4<011011>;
P_0x104dca860 .param/l "S_MFHI0" 1 31 104, C4<101010>;
P_0x104dca8a0 .param/l "S_MFLO0" 1 31 105, C4<101011>;
P_0x104dca8e0 .param/l "S_MUL0" 1 31 61, C4<001010>;
P_0x104dca920 .param/l "S_MUL1" 1 31 62, C4<001011>;
P_0x104dca960 .param/l "S_NEG0" 1 31 67, C4<001110>;
P_0x104dca9a0 .param/l "S_NEG1" 1 31 68, C4<001111>;
P_0x104dca9e0 .param/l "S_NEG2" 1 31 69, C4<010000>;
P_0x104dcaa20 .param/l "S_NOT0" 1 31 71, C4<010001>;
P_0x104dcaa60 .param/l "S_NOT1" 1 31 72, C4<010010>;
P_0x104dcaaa0 .param/l "S_NOT2" 1 31 73, C4<010011>;
P_0x104dcaae0 .param/l "S_OUT0" 1 31 102, C4<101001>;
P_0x104dcab20 .param/l "S_R0" 1 31 53, C4<000100>;
P_0x104dcab60 .param/l "S_R1" 1 31 54, C4<000101>;
P_0x104dcaba0 .param/l "S_R2" 1 31 55, C4<000110>;
P_0x104dcabe0 .param/l "S_RESET" 1 31 48, C4<000000>;
P_0x104dcac20 .param/l "S_ST0" 1 31 85, C4<011100>;
P_0x104dcac60 .param/l "S_ST1" 1 31 86, C4<011101>;
P_0x104dcaca0 .param/l "S_ST2" 1 31 87, C4<011110>;
P_0x104dcace0 .param/l "S_ST3" 1 31 88, C4<011111>;
P_0x104dcad20 .param/l "S_ST4" 1 31 89, C4<100000>;
v0x8f6595360_0 .var "alu_opcode", 4 0;
v0x8f6595400_0 .var "ba_out", 0 0;
v0x8f65954a0_0 .var "c_out", 0 0;
v0x8f6595540_0 .net "clk", 0 0, v0x8f65cda40_0;  alias, 1 drivers
v0x8f65955e0_0 .net "con_ff_out", 0 0, v0x8f65950e0_0;  alias, 1 drivers
v0x8f6595680_0 .var "con_in", 0 0;
v0x8f6595720_0 .var "gra", 0 0;
v0x8f65957c0_0 .var "grb", 0 0;
v0x8f6595860_0 .var "grc", 0 0;
v0x8f6595900_0 .var "hi_in", 0 0;
v0x8f65959a0_0 .var "hi_out", 0 0;
v0x8f6595a40_0 .var "in_port_out", 0 0;
v0x8f6595ae0_0 .var "insn", 31 0;
v0x8f6595b80_0 .var "ir_in", 0 0;
v0x8f6595c20_0 .var "lo_in", 0 0;
v0x8f6595cc0_0 .var "lo_out", 0 0;
v0x8f6595d60_0 .var "mar_in", 0 0;
v0x8f6595e00_0 .var "mdr_in", 0 0;
v0x8f6595ea0_0 .var "mdr_out", 0 0;
v0x8f6595f40_0 .net "mdr_q", 31 0, v0x8f6597020_0;  alias, 1 drivers
v0x8f6595fe0_0 .var "nextState", 5 0;
v0x8f6596080_0 .var "out_port_in", 0 0;
v0x8f6596120_0 .var "pc_in", 0 0;
v0x8f65961c0_0 .var "pc_out", 0 0;
v0x8f6596260_0 .var "presentState", 5 0;
v0x8f6596300_0 .var "read", 0 0;
v0x8f65963a0_0 .net "reset", 0 0, v0x8f65cdd60_0;  alias, 1 drivers
v0x8f6596440_0 .var "rin", 0 0;
v0x8f65964e0_0 .var "rout", 0 0;
v0x8f6596580_0 .net "stop", 0 0, v0x8f65cde00_0;  alias, 1 drivers
v0x8f6596620_0 .var "write", 0 0;
v0x8f65966c0_0 .var "y_in", 0 0;
v0x8f6596760_0 .var "zhi_in", 0 0;
v0x8f6596800_0 .var "zhi_out", 0 0;
v0x8f65968a0_0 .var "zlo_in", 0 0;
v0x8f6596940_0 .var "zlo_out", 0 0;
E_0x8f75300c0 .event anyedge, v0x8f6595180_0, v0x8f6596260_0, v0x8f6595ae0_0, v0x8f65950e0_0;
E_0x8f7530100 .event posedge, v0x8f6595180_0, v0x8f6594b40_0;
E_0x8f7530140 .event anyedge, v0x8f6596260_0, v0x8f6589540_0;
S_0x8f6585e00 .scope autofunction.vec4.s5, "itype_alu_op" "itype_alu_op" 31 149, 31 149 0, S_0x8f6585c80;
 .timescale -9 -11;
; Variable itype_alu_op is vec4 return value of scope S_0x8f6585e00
v0x8f65952c0_0 .var "op", 4 0;
TD_tb_cpu.uut.u_control.itype_alu_op ;
    %load/vec4 v0x8f65952c0_0;
    %dup/vec4;
    %pushi/vec4 9, 0, 5;
    %cmp/u;
    %jmp/1 T_0.0, 6;
    %dup/vec4;
    %pushi/vec4 10, 0, 5;
    %cmp/u;
    %jmp/1 T_0.1, 6;
    %dup/vec4;
    %pushi/vec4 11, 0, 5;
    %cmp/u;
    %jmp/1 T_0.2, 6;
    %pushi/vec4 0, 0, 5;
    %ret/vec4 0, 0, 5;  Assign to itype_alu_op (store_vec4_to_lval)
    %jmp T_0.4;
T_0.0 ;
    %pushi/vec4 0, 0, 5;
    %ret/vec4 0, 0, 5;  Assign to itype_alu_op (store_vec4_to_lval)
    %jmp T_0.4;
T_0.1 ;
    %pushi/vec4 2, 0, 5;
    %ret/vec4 0, 0, 5;  Assign to itype_alu_op (store_vec4_to_lval)
    %jmp T_0.4;
T_0.2 ;
    %pushi/vec4 3, 0, 5;
    %ret/vec4 0, 0, 5;  Assign to itype_alu_op (store_vec4_to_lval)
    %jmp T_0.4;
T_0.4 ;
    %pop/vec4 1;
    %end;
S_0x8f6585f80 .scope module, "u_inport" "reg32" 30 76, 23 1 0, S_0x8f6544a80;
 .timescale -9 -11;
    .port_info 0 /INPUT 1 "clk";
    .port_info 1 /INPUT 1 "reset";
    .port_info 2 /INPUT 1 "wr_en";
    .port_info 3 /INPUT 32 "d";
    .port_info 4 /OUTPUT 32 "q";
v0x8f65969e0_0 .net "clk", 0 0, v0x8f65cda40_0;  alias, 1 drivers
v0x8f6596a80_0 .net "d", 31 0, v0x8f65cdb80_0;  alias, 1 drivers
v0x8f6596b20_0 .var "q", 31 0;
v0x8f6596bc0_0 .net "reset", 0 0, v0x8f65cdd60_0;  alias, 1 drivers
L_0x8f68789e8 .functor BUFT 1, C4<1>, C4<0>, C4<0>, C4<0>;
v0x8f6596c60_0 .net "wr_en", 0 0, L_0x8f68789e8;  1 drivers
S_0x8f6586100 .scope module, "u_mdr" "mdr" 30 114, 24 1 0, S_0x8f6544a80;
 .timescale -9 -11;
    .port_info 0 /INPUT 1 "clk";
    .port_info 1 /INPUT 1 "reset";
    .port_info 2 /INPUT 1 "mdr_in";
    .port_info 3 /INPUT 1 "read";
    .port_info 4 /INPUT 32 "bus_mux_out";
    .port_info 5 /INPUT 32 "mdatain";
    .port_info 6 /OUTPUT 32 "q";
v0x8f6596d00_0 .net "bus_mux_out", 31 0, v0x8f658a080_0;  alias, 1 drivers
v0x8f6596da0_0 .net "clk", 0 0, v0x8f65cda40_0;  alias, 1 drivers
v0x8f6596e40_0 .net "mdatain", 31 0, v0x8f6597700_0;  alias, 1 drivers
v0x8f6596ee0_0 .net "mdmux_out", 31 0, L_0x8f6d11cc0;  1 drivers
v0x8f6596f80_0 .net "mdr_in", 0 0, v0x8f6595e00_0;  alias, 1 drivers
v0x8f6597020_0 .var "q", 31 0;
v0x8f65970c0_0 .net "read", 0 0, v0x8f6596300_0;  alias, 1 drivers
v0x8f6597160_0 .net "reset", 0 0, v0x8f65cdd60_0;  alias, 1 drivers
L_0x8f6d11cc0 .functor MUXZ 32, v0x8f658a080_0, v0x8f6597700_0, v0x8f6596300_0, C4<>;
S_0x8f6586280 .scope module, "u_outport" "reg32" 30 84, 23 1 0, S_0x8f6544a80;
 .timescale -9 -11;
    .port_info 0 /INPUT 1 "clk";
    .port_info 1 /INPUT 1 "reset";
    .port_info 2 /INPUT 1 "wr_en";
    .port_info 3 /INPUT 32 "d";
    .port_info 4 /OUTPUT 32 "q";
v0x8f6597200_0 .net "clk", 0 0, v0x8f65cda40_0;  alias, 1 drivers
v0x8f65972a0_0 .net "d", 31 0, v0x8f658a080_0;  alias, 1 drivers
v0x8f6597340_0 .var "q", 31 0;
v0x8f65973e0_0 .net "reset", 0 0, v0x8f65cdd60_0;  alias, 1 drivers
v0x8f6597480_0 .net "wr_en", 0 0, v0x8f6596080_0;  alias, 1 drivers
S_0x8f6586400 .scope module, "u_ram" "ram" 30 119, 25 1 0, S_0x8f6544a80;
 .timescale -9 -11;
    .port_info 0 /INPUT 1 "read";
    .port_info 1 /INPUT 1 "write";
    .port_info 2 /INPUT 1 "clk";
    .port_info 3 /INPUT 32 "dataIn";
    .port_info 4 /INPUT 9 "addrIn";
    .port_info 5 /OUTPUT 32 "dataOut";
v0x8f6597520_0 .net "addrIn", 8 0, L_0x8f6d11d60;  1 drivers
v0x8f65975c0_0 .net "clk", 0 0, v0x8f65cda40_0;  alias, 1 drivers
v0x8f6597660_0 .net "dataIn", 31 0, v0x8f6597020_0;  alias, 1 drivers
v0x8f6597700_0 .var "dataOut", 31 0;
v0x8f65977a0 .array "memData", 511 0, 31 0;
v0x8f6597840_0 .net "read", 0 0, v0x8f6596300_0;  alias, 1 drivers
v0x8f65978e0_0 .var/i "ri", 31 0;
v0x8f6597980_0 .net "write", 0 0, v0x8f6596620_0;  alias, 1 drivers
v0x8f65977a0_0 .array/port v0x8f65977a0, 0;
v0x8f65977a0_1 .array/port v0x8f65977a0, 1;
E_0x8f75301c0/0 .event anyedge, v0x8f6596300_0, v0x8f6597520_0, v0x8f65977a0_0, v0x8f65977a0_1;
v0x8f65977a0_2 .array/port v0x8f65977a0, 2;
v0x8f65977a0_3 .array/port v0x8f65977a0, 3;
v0x8f65977a0_4 .array/port v0x8f65977a0, 4;
v0x8f65977a0_5 .array/port v0x8f65977a0, 5;
E_0x8f75301c0/1 .event anyedge, v0x8f65977a0_2, v0x8f65977a0_3, v0x8f65977a0_4, v0x8f65977a0_5;
v0x8f65977a0_6 .array/port v0x8f65977a0, 6;
v0x8f65977a0_7 .array/port v0x8f65977a0, 7;
v0x8f65977a0_8 .array/port v0x8f65977a0, 8;
v0x8f65977a0_9 .array/port v0x8f65977a0, 9;
E_0x8f75301c0/2 .event anyedge, v0x8f65977a0_6, v0x8f65977a0_7, v0x8f65977a0_8, v0x8f65977a0_9;
v0x8f65977a0_10 .array/port v0x8f65977a0, 10;
v0x8f65977a0_11 .array/port v0x8f65977a0, 11;
v0x8f65977a0_12 .array/port v0x8f65977a0, 12;
v0x8f65977a0_13 .array/port v0x8f65977a0, 13;
E_0x8f75301c0/3 .event anyedge, v0x8f65977a0_10, v0x8f65977a0_11, v0x8f65977a0_12, v0x8f65977a0_13;
v0x8f65977a0_14 .array/port v0x8f65977a0, 14;
v0x8f65977a0_15 .array/port v0x8f65977a0, 15;
v0x8f65977a0_16 .array/port v0x8f65977a0, 16;
v0x8f65977a0_17 .array/port v0x8f65977a0, 17;
E_0x8f75301c0/4 .event anyedge, v0x8f65977a0_14, v0x8f65977a0_15, v0x8f65977a0_16, v0x8f65977a0_17;
v0x8f65977a0_18 .array/port v0x8f65977a0, 18;
v0x8f65977a0_19 .array/port v0x8f65977a0, 19;
v0x8f65977a0_20 .array/port v0x8f65977a0, 20;
v0x8f65977a0_21 .array/port v0x8f65977a0, 21;
E_0x8f75301c0/5 .event anyedge, v0x8f65977a0_18, v0x8f65977a0_19, v0x8f65977a0_20, v0x8f65977a0_21;
v0x8f65977a0_22 .array/port v0x8f65977a0, 22;
v0x8f65977a0_23 .array/port v0x8f65977a0, 23;
v0x8f65977a0_24 .array/port v0x8f65977a0, 24;
v0x8f65977a0_25 .array/port v0x8f65977a0, 25;
E_0x8f75301c0/6 .event anyedge, v0x8f65977a0_22, v0x8f65977a0_23, v0x8f65977a0_24, v0x8f65977a0_25;
v0x8f65977a0_26 .array/port v0x8f65977a0, 26;
v0x8f65977a0_27 .array/port v0x8f65977a0, 27;
v0x8f65977a0_28 .array/port v0x8f65977a0, 28;
v0x8f65977a0_29 .array/port v0x8f65977a0, 29;
E_0x8f75301c0/7 .event anyedge, v0x8f65977a0_26, v0x8f65977a0_27, v0x8f65977a0_28, v0x8f65977a0_29;
v0x8f65977a0_30 .array/port v0x8f65977a0, 30;
v0x8f65977a0_31 .array/port v0x8f65977a0, 31;
v0x8f65977a0_32 .array/port v0x8f65977a0, 32;
v0x8f65977a0_33 .array/port v0x8f65977a0, 33;
E_0x8f75301c0/8 .event anyedge, v0x8f65977a0_30, v0x8f65977a0_31, v0x8f65977a0_32, v0x8f65977a0_33;
v0x8f65977a0_34 .array/port v0x8f65977a0, 34;
v0x8f65977a0_35 .array/port v0x8f65977a0, 35;
v0x8f65977a0_36 .array/port v0x8f65977a0, 36;
v0x8f65977a0_37 .array/port v0x8f65977a0, 37;
E_0x8f75301c0/9 .event anyedge, v0x8f65977a0_34, v0x8f65977a0_35, v0x8f65977a0_36, v0x8f65977a0_37;
v0x8f65977a0_38 .array/port v0x8f65977a0, 38;
v0x8f65977a0_39 .array/port v0x8f65977a0, 39;
v0x8f65977a0_40 .array/port v0x8f65977a0, 40;
v0x8f65977a0_41 .array/port v0x8f65977a0, 41;
E_0x8f75301c0/10 .event anyedge, v0x8f65977a0_38, v0x8f65977a0_39, v0x8f65977a0_40, v0x8f65977a0_41;
v0x8f65977a0_42 .array/port v0x8f65977a0, 42;
v0x8f65977a0_43 .array/port v0x8f65977a0, 43;
v0x8f65977a0_44 .array/port v0x8f65977a0, 44;
v0x8f65977a0_45 .array/port v0x8f65977a0, 45;
E_0x8f75301c0/11 .event anyedge, v0x8f65977a0_42, v0x8f65977a0_43, v0x8f65977a0_44, v0x8f65977a0_45;
v0x8f65977a0_46 .array/port v0x8f65977a0, 46;
v0x8f65977a0_47 .array/port v0x8f65977a0, 47;
v0x8f65977a0_48 .array/port v0x8f65977a0, 48;
v0x8f65977a0_49 .array/port v0x8f65977a0, 49;
E_0x8f75301c0/12 .event anyedge, v0x8f65977a0_46, v0x8f65977a0_47, v0x8f65977a0_48, v0x8f65977a0_49;
v0x8f65977a0_50 .array/port v0x8f65977a0, 50;
v0x8f65977a0_51 .array/port v0x8f65977a0, 51;
v0x8f65977a0_52 .array/port v0x8f65977a0, 52;
v0x8f65977a0_53 .array/port v0x8f65977a0, 53;
E_0x8f75301c0/13 .event anyedge, v0x8f65977a0_50, v0x8f65977a0_51, v0x8f65977a0_52, v0x8f65977a0_53;
v0x8f65977a0_54 .array/port v0x8f65977a0, 54;
v0x8f65977a0_55 .array/port v0x8f65977a0, 55;
v0x8f65977a0_56 .array/port v0x8f65977a0, 56;
v0x8f65977a0_57 .array/port v0x8f65977a0, 57;
E_0x8f75301c0/14 .event anyedge, v0x8f65977a0_54, v0x8f65977a0_55, v0x8f65977a0_56, v0x8f65977a0_57;
v0x8f65977a0_58 .array/port v0x8f65977a0, 58;
v0x8f65977a0_59 .array/port v0x8f65977a0, 59;
v0x8f65977a0_60 .array/port v0x8f65977a0, 60;
v0x8f65977a0_61 .array/port v0x8f65977a0, 61;
E_0x8f75301c0/15 .event anyedge, v0x8f65977a0_58, v0x8f65977a0_59, v0x8f65977a0_60, v0x8f65977a0_61;
v0x8f65977a0_62 .array/port v0x8f65977a0, 62;
v0x8f65977a0_63 .array/port v0x8f65977a0, 63;
v0x8f65977a0_64 .array/port v0x8f65977a0, 64;
v0x8f65977a0_65 .array/port v0x8f65977a0, 65;
E_0x8f75301c0/16 .event anyedge, v0x8f65977a0_62, v0x8f65977a0_63, v0x8f65977a0_64, v0x8f65977a0_65;
v0x8f65977a0_66 .array/port v0x8f65977a0, 66;
v0x8f65977a0_67 .array/port v0x8f65977a0, 67;
v0x8f65977a0_68 .array/port v0x8f65977a0, 68;
v0x8f65977a0_69 .array/port v0x8f65977a0, 69;
E_0x8f75301c0/17 .event anyedge, v0x8f65977a0_66, v0x8f65977a0_67, v0x8f65977a0_68, v0x8f65977a0_69;
v0x8f65977a0_70 .array/port v0x8f65977a0, 70;
v0x8f65977a0_71 .array/port v0x8f65977a0, 71;
v0x8f65977a0_72 .array/port v0x8f65977a0, 72;
v0x8f65977a0_73 .array/port v0x8f65977a0, 73;
E_0x8f75301c0/18 .event anyedge, v0x8f65977a0_70, v0x8f65977a0_71, v0x8f65977a0_72, v0x8f65977a0_73;
v0x8f65977a0_74 .array/port v0x8f65977a0, 74;
v0x8f65977a0_75 .array/port v0x8f65977a0, 75;
v0x8f65977a0_76 .array/port v0x8f65977a0, 76;
v0x8f65977a0_77 .array/port v0x8f65977a0, 77;
E_0x8f75301c0/19 .event anyedge, v0x8f65977a0_74, v0x8f65977a0_75, v0x8f65977a0_76, v0x8f65977a0_77;
v0x8f65977a0_78 .array/port v0x8f65977a0, 78;
v0x8f65977a0_79 .array/port v0x8f65977a0, 79;
v0x8f65977a0_80 .array/port v0x8f65977a0, 80;
v0x8f65977a0_81 .array/port v0x8f65977a0, 81;
E_0x8f75301c0/20 .event anyedge, v0x8f65977a0_78, v0x8f65977a0_79, v0x8f65977a0_80, v0x8f65977a0_81;
v0x8f65977a0_82 .array/port v0x8f65977a0, 82;
v0x8f65977a0_83 .array/port v0x8f65977a0, 83;
v0x8f65977a0_84 .array/port v0x8f65977a0, 84;
v0x8f65977a0_85 .array/port v0x8f65977a0, 85;
E_0x8f75301c0/21 .event anyedge, v0x8f65977a0_82, v0x8f65977a0_83, v0x8f65977a0_84, v0x8f65977a0_85;
v0x8f65977a0_86 .array/port v0x8f65977a0, 86;
v0x8f65977a0_87 .array/port v0x8f65977a0, 87;
v0x8f65977a0_88 .array/port v0x8f65977a0, 88;
v0x8f65977a0_89 .array/port v0x8f65977a0, 89;
E_0x8f75301c0/22 .event anyedge, v0x8f65977a0_86, v0x8f65977a0_87, v0x8f65977a0_88, v0x8f65977a0_89;
v0x8f65977a0_90 .array/port v0x8f65977a0, 90;
v0x8f65977a0_91 .array/port v0x8f65977a0, 91;
v0x8f65977a0_92 .array/port v0x8f65977a0, 92;
v0x8f65977a0_93 .array/port v0x8f65977a0, 93;
E_0x8f75301c0/23 .event anyedge, v0x8f65977a0_90, v0x8f65977a0_91, v0x8f65977a0_92, v0x8f65977a0_93;
v0x8f65977a0_94 .array/port v0x8f65977a0, 94;
v0x8f65977a0_95 .array/port v0x8f65977a0, 95;
v0x8f65977a0_96 .array/port v0x8f65977a0, 96;
v0x8f65977a0_97 .array/port v0x8f65977a0, 97;
E_0x8f75301c0/24 .event anyedge, v0x8f65977a0_94, v0x8f65977a0_95, v0x8f65977a0_96, v0x8f65977a0_97;
v0x8f65977a0_98 .array/port v0x8f65977a0, 98;
v0x8f65977a0_99 .array/port v0x8f65977a0, 99;
v0x8f65977a0_100 .array/port v0x8f65977a0, 100;
v0x8f65977a0_101 .array/port v0x8f65977a0, 101;
E_0x8f75301c0/25 .event anyedge, v0x8f65977a0_98, v0x8f65977a0_99, v0x8f65977a0_100, v0x8f65977a0_101;
v0x8f65977a0_102 .array/port v0x8f65977a0, 102;
v0x8f65977a0_103 .array/port v0x8f65977a0, 103;
v0x8f65977a0_104 .array/port v0x8f65977a0, 104;
v0x8f65977a0_105 .array/port v0x8f65977a0, 105;
E_0x8f75301c0/26 .event anyedge, v0x8f65977a0_102, v0x8f65977a0_103, v0x8f65977a0_104, v0x8f65977a0_105;
v0x8f65977a0_106 .array/port v0x8f65977a0, 106;
v0x8f65977a0_107 .array/port v0x8f65977a0, 107;
v0x8f65977a0_108 .array/port v0x8f65977a0, 108;
v0x8f65977a0_109 .array/port v0x8f65977a0, 109;
E_0x8f75301c0/27 .event anyedge, v0x8f65977a0_106, v0x8f65977a0_107, v0x8f65977a0_108, v0x8f65977a0_109;
v0x8f65977a0_110 .array/port v0x8f65977a0, 110;
v0x8f65977a0_111 .array/port v0x8f65977a0, 111;
v0x8f65977a0_112 .array/port v0x8f65977a0, 112;
v0x8f65977a0_113 .array/port v0x8f65977a0, 113;
E_0x8f75301c0/28 .event anyedge, v0x8f65977a0_110, v0x8f65977a0_111, v0x8f65977a0_112, v0x8f65977a0_113;
v0x8f65977a0_114 .array/port v0x8f65977a0, 114;
v0x8f65977a0_115 .array/port v0x8f65977a0, 115;
v0x8f65977a0_116 .array/port v0x8f65977a0, 116;
v0x8f65977a0_117 .array/port v0x8f65977a0, 117;
E_0x8f75301c0/29 .event anyedge, v0x8f65977a0_114, v0x8f65977a0_115, v0x8f65977a0_116, v0x8f65977a0_117;
v0x8f65977a0_118 .array/port v0x8f65977a0, 118;
v0x8f65977a0_119 .array/port v0x8f65977a0, 119;
v0x8f65977a0_120 .array/port v0x8f65977a0, 120;
v0x8f65977a0_121 .array/port v0x8f65977a0, 121;
E_0x8f75301c0/30 .event anyedge, v0x8f65977a0_118, v0x8f65977a0_119, v0x8f65977a0_120, v0x8f65977a0_121;
v0x8f65977a0_122 .array/port v0x8f65977a0, 122;
v0x8f65977a0_123 .array/port v0x8f65977a0, 123;
v0x8f65977a0_124 .array/port v0x8f65977a0, 124;
v0x8f65977a0_125 .array/port v0x8f65977a0, 125;
E_0x8f75301c0/31 .event anyedge, v0x8f65977a0_122, v0x8f65977a0_123, v0x8f65977a0_124, v0x8f65977a0_125;
v0x8f65977a0_126 .array/port v0x8f65977a0, 126;
v0x8f65977a0_127 .array/port v0x8f65977a0, 127;
v0x8f65977a0_128 .array/port v0x8f65977a0, 128;
v0x8f65977a0_129 .array/port v0x8f65977a0, 129;
E_0x8f75301c0/32 .event anyedge, v0x8f65977a0_126, v0x8f65977a0_127, v0x8f65977a0_128, v0x8f65977a0_129;
v0x8f65977a0_130 .array/port v0x8f65977a0, 130;
v0x8f65977a0_131 .array/port v0x8f65977a0, 131;
v0x8f65977a0_132 .array/port v0x8f65977a0, 132;
v0x8f65977a0_133 .array/port v0x8f65977a0, 133;
E_0x8f75301c0/33 .event anyedge, v0x8f65977a0_130, v0x8f65977a0_131, v0x8f65977a0_132, v0x8f65977a0_133;
v0x8f65977a0_134 .array/port v0x8f65977a0, 134;
v0x8f65977a0_135 .array/port v0x8f65977a0, 135;
v0x8f65977a0_136 .array/port v0x8f65977a0, 136;
v0x8f65977a0_137 .array/port v0x8f65977a0, 137;
E_0x8f75301c0/34 .event anyedge, v0x8f65977a0_134, v0x8f65977a0_135, v0x8f65977a0_136, v0x8f65977a0_137;
v0x8f65977a0_138 .array/port v0x8f65977a0, 138;
v0x8f65977a0_139 .array/port v0x8f65977a0, 139;
v0x8f65977a0_140 .array/port v0x8f65977a0, 140;
v0x8f65977a0_141 .array/port v0x8f65977a0, 141;
E_0x8f75301c0/35 .event anyedge, v0x8f65977a0_138, v0x8f65977a0_139, v0x8f65977a0_140, v0x8f65977a0_141;
v0x8f65977a0_142 .array/port v0x8f65977a0, 142;
v0x8f65977a0_143 .array/port v0x8f65977a0, 143;
v0x8f65977a0_144 .array/port v0x8f65977a0, 144;
v0x8f65977a0_145 .array/port v0x8f65977a0, 145;
E_0x8f75301c0/36 .event anyedge, v0x8f65977a0_142, v0x8f65977a0_143, v0x8f65977a0_144, v0x8f65977a0_145;
v0x8f65977a0_146 .array/port v0x8f65977a0, 146;
v0x8f65977a0_147 .array/port v0x8f65977a0, 147;
v0x8f65977a0_148 .array/port v0x8f65977a0, 148;
v0x8f65977a0_149 .array/port v0x8f65977a0, 149;
E_0x8f75301c0/37 .event anyedge, v0x8f65977a0_146, v0x8f65977a0_147, v0x8f65977a0_148, v0x8f65977a0_149;
v0x8f65977a0_150 .array/port v0x8f65977a0, 150;
v0x8f65977a0_151 .array/port v0x8f65977a0, 151;
v0x8f65977a0_152 .array/port v0x8f65977a0, 152;
v0x8f65977a0_153 .array/port v0x8f65977a0, 153;
E_0x8f75301c0/38 .event anyedge, v0x8f65977a0_150, v0x8f65977a0_151, v0x8f65977a0_152, v0x8f65977a0_153;
v0x8f65977a0_154 .array/port v0x8f65977a0, 154;
v0x8f65977a0_155 .array/port v0x8f65977a0, 155;
v0x8f65977a0_156 .array/port v0x8f65977a0, 156;
v0x8f65977a0_157 .array/port v0x8f65977a0, 157;
E_0x8f75301c0/39 .event anyedge, v0x8f65977a0_154, v0x8f65977a0_155, v0x8f65977a0_156, v0x8f65977a0_157;
v0x8f65977a0_158 .array/port v0x8f65977a0, 158;
v0x8f65977a0_159 .array/port v0x8f65977a0, 159;
v0x8f65977a0_160 .array/port v0x8f65977a0, 160;
v0x8f65977a0_161 .array/port v0x8f65977a0, 161;
E_0x8f75301c0/40 .event anyedge, v0x8f65977a0_158, v0x8f65977a0_159, v0x8f65977a0_160, v0x8f65977a0_161;
v0x8f65977a0_162 .array/port v0x8f65977a0, 162;
v0x8f65977a0_163 .array/port v0x8f65977a0, 163;
v0x8f65977a0_164 .array/port v0x8f65977a0, 164;
v0x8f65977a0_165 .array/port v0x8f65977a0, 165;
E_0x8f75301c0/41 .event anyedge, v0x8f65977a0_162, v0x8f65977a0_163, v0x8f65977a0_164, v0x8f65977a0_165;
v0x8f65977a0_166 .array/port v0x8f65977a0, 166;
v0x8f65977a0_167 .array/port v0x8f65977a0, 167;
v0x8f65977a0_168 .array/port v0x8f65977a0, 168;
v0x8f65977a0_169 .array/port v0x8f65977a0, 169;
E_0x8f75301c0/42 .event anyedge, v0x8f65977a0_166, v0x8f65977a0_167, v0x8f65977a0_168, v0x8f65977a0_169;
v0x8f65977a0_170 .array/port v0x8f65977a0, 170;
v0x8f65977a0_171 .array/port v0x8f65977a0, 171;
v0x8f65977a0_172 .array/port v0x8f65977a0, 172;
v0x8f65977a0_173 .array/port v0x8f65977a0, 173;
E_0x8f75301c0/43 .event anyedge, v0x8f65977a0_170, v0x8f65977a0_171, v0x8f65977a0_172, v0x8f65977a0_173;
v0x8f65977a0_174 .array/port v0x8f65977a0, 174;
v0x8f65977a0_175 .array/port v0x8f65977a0, 175;
v0x8f65977a0_176 .array/port v0x8f65977a0, 176;
v0x8f65977a0_177 .array/port v0x8f65977a0, 177;
E_0x8f75301c0/44 .event anyedge, v0x8f65977a0_174, v0x8f65977a0_175, v0x8f65977a0_176, v0x8f65977a0_177;
v0x8f65977a0_178 .array/port v0x8f65977a0, 178;
v0x8f65977a0_179 .array/port v0x8f65977a0, 179;
v0x8f65977a0_180 .array/port v0x8f65977a0, 180;
v0x8f65977a0_181 .array/port v0x8f65977a0, 181;
E_0x8f75301c0/45 .event anyedge, v0x8f65977a0_178, v0x8f65977a0_179, v0x8f65977a0_180, v0x8f65977a0_181;
v0x8f65977a0_182 .array/port v0x8f65977a0, 182;
v0x8f65977a0_183 .array/port v0x8f65977a0, 183;
v0x8f65977a0_184 .array/port v0x8f65977a0, 184;
v0x8f65977a0_185 .array/port v0x8f65977a0, 185;
E_0x8f75301c0/46 .event anyedge, v0x8f65977a0_182, v0x8f65977a0_183, v0x8f65977a0_184, v0x8f65977a0_185;
v0x8f65977a0_186 .array/port v0x8f65977a0, 186;
v0x8f65977a0_187 .array/port v0x8f65977a0, 187;
v0x8f65977a0_188 .array/port v0x8f65977a0, 188;
v0x8f65977a0_189 .array/port v0x8f65977a0, 189;
E_0x8f75301c0/47 .event anyedge, v0x8f65977a0_186, v0x8f65977a0_187, v0x8f65977a0_188, v0x8f65977a0_189;
v0x8f65977a0_190 .array/port v0x8f65977a0, 190;
v0x8f65977a0_191 .array/port v0x8f65977a0, 191;
v0x8f65977a0_192 .array/port v0x8f65977a0, 192;
v0x8f65977a0_193 .array/port v0x8f65977a0, 193;
E_0x8f75301c0/48 .event anyedge, v0x8f65977a0_190, v0x8f65977a0_191, v0x8f65977a0_192, v0x8f65977a0_193;
v0x8f65977a0_194 .array/port v0x8f65977a0, 194;
v0x8f65977a0_195 .array/port v0x8f65977a0, 195;
v0x8f65977a0_196 .array/port v0x8f65977a0, 196;
v0x8f65977a0_197 .array/port v0x8f65977a0, 197;
E_0x8f75301c0/49 .event anyedge, v0x8f65977a0_194, v0x8f65977a0_195, v0x8f65977a0_196, v0x8f65977a0_197;
v0x8f65977a0_198 .array/port v0x8f65977a0, 198;
v0x8f65977a0_199 .array/port v0x8f65977a0, 199;
v0x8f65977a0_200 .array/port v0x8f65977a0, 200;
v0x8f65977a0_201 .array/port v0x8f65977a0, 201;
E_0x8f75301c0/50 .event anyedge, v0x8f65977a0_198, v0x8f65977a0_199, v0x8f65977a0_200, v0x8f65977a0_201;
v0x8f65977a0_202 .array/port v0x8f65977a0, 202;
v0x8f65977a0_203 .array/port v0x8f65977a0, 203;
v0x8f65977a0_204 .array/port v0x8f65977a0, 204;
v0x8f65977a0_205 .array/port v0x8f65977a0, 205;
E_0x8f75301c0/51 .event anyedge, v0x8f65977a0_202, v0x8f65977a0_203, v0x8f65977a0_204, v0x8f65977a0_205;
v0x8f65977a0_206 .array/port v0x8f65977a0, 206;
v0x8f65977a0_207 .array/port v0x8f65977a0, 207;
v0x8f65977a0_208 .array/port v0x8f65977a0, 208;
v0x8f65977a0_209 .array/port v0x8f65977a0, 209;
E_0x8f75301c0/52 .event anyedge, v0x8f65977a0_206, v0x8f65977a0_207, v0x8f65977a0_208, v0x8f65977a0_209;
v0x8f65977a0_210 .array/port v0x8f65977a0, 210;
v0x8f65977a0_211 .array/port v0x8f65977a0, 211;
v0x8f65977a0_212 .array/port v0x8f65977a0, 212;
v0x8f65977a0_213 .array/port v0x8f65977a0, 213;
E_0x8f75301c0/53 .event anyedge, v0x8f65977a0_210, v0x8f65977a0_211, v0x8f65977a0_212, v0x8f65977a0_213;
v0x8f65977a0_214 .array/port v0x8f65977a0, 214;
v0x8f65977a0_215 .array/port v0x8f65977a0, 215;
v0x8f65977a0_216 .array/port v0x8f65977a0, 216;
v0x8f65977a0_217 .array/port v0x8f65977a0, 217;
E_0x8f75301c0/54 .event anyedge, v0x8f65977a0_214, v0x8f65977a0_215, v0x8f65977a0_216, v0x8f65977a0_217;
v0x8f65977a0_218 .array/port v0x8f65977a0, 218;
v0x8f65977a0_219 .array/port v0x8f65977a0, 219;
v0x8f65977a0_220 .array/port v0x8f65977a0, 220;
v0x8f65977a0_221 .array/port v0x8f65977a0, 221;
E_0x8f75301c0/55 .event anyedge, v0x8f65977a0_218, v0x8f65977a0_219, v0x8f65977a0_220, v0x8f65977a0_221;
v0x8f65977a0_222 .array/port v0x8f65977a0, 222;
v0x8f65977a0_223 .array/port v0x8f65977a0, 223;
v0x8f65977a0_224 .array/port v0x8f65977a0, 224;
v0x8f65977a0_225 .array/port v0x8f65977a0, 225;
E_0x8f75301c0/56 .event anyedge, v0x8f65977a0_222, v0x8f65977a0_223, v0x8f65977a0_224, v0x8f65977a0_225;
v0x8f65977a0_226 .array/port v0x8f65977a0, 226;
v0x8f65977a0_227 .array/port v0x8f65977a0, 227;
v0x8f65977a0_228 .array/port v0x8f65977a0, 228;
v0x8f65977a0_229 .array/port v0x8f65977a0, 229;
E_0x8f75301c0/57 .event anyedge, v0x8f65977a0_226, v0x8f65977a0_227, v0x8f65977a0_228, v0x8f65977a0_229;
v0x8f65977a0_230 .array/port v0x8f65977a0, 230;
v0x8f65977a0_231 .array/port v0x8f65977a0, 231;
v0x8f65977a0_232 .array/port v0x8f65977a0, 232;
v0x8f65977a0_233 .array/port v0x8f65977a0, 233;
E_0x8f75301c0/58 .event anyedge, v0x8f65977a0_230, v0x8f65977a0_231, v0x8f65977a0_232, v0x8f65977a0_233;
v0x8f65977a0_234 .array/port v0x8f65977a0, 234;
v0x8f65977a0_235 .array/port v0x8f65977a0, 235;
v0x8f65977a0_236 .array/port v0x8f65977a0, 236;
v0x8f65977a0_237 .array/port v0x8f65977a0, 237;
E_0x8f75301c0/59 .event anyedge, v0x8f65977a0_234, v0x8f65977a0_235, v0x8f65977a0_236, v0x8f65977a0_237;
v0x8f65977a0_238 .array/port v0x8f65977a0, 238;
v0x8f65977a0_239 .array/port v0x8f65977a0, 239;
v0x8f65977a0_240 .array/port v0x8f65977a0, 240;
v0x8f65977a0_241 .array/port v0x8f65977a0, 241;
E_0x8f75301c0/60 .event anyedge, v0x8f65977a0_238, v0x8f65977a0_239, v0x8f65977a0_240, v0x8f65977a0_241;
v0x8f65977a0_242 .array/port v0x8f65977a0, 242;
v0x8f65977a0_243 .array/port v0x8f65977a0, 243;
v0x8f65977a0_244 .array/port v0x8f65977a0, 244;
v0x8f65977a0_245 .array/port v0x8f65977a0, 245;
E_0x8f75301c0/61 .event anyedge, v0x8f65977a0_242, v0x8f65977a0_243, v0x8f65977a0_244, v0x8f65977a0_245;
v0x8f65977a0_246 .array/port v0x8f65977a0, 246;
v0x8f65977a0_247 .array/port v0x8f65977a0, 247;
v0x8f65977a0_248 .array/port v0x8f65977a0, 248;
v0x8f65977a0_249 .array/port v0x8f65977a0, 249;
E_0x8f75301c0/62 .event anyedge, v0x8f65977a0_246, v0x8f65977a0_247, v0x8f65977a0_248, v0x8f65977a0_249;
v0x8f65977a0_250 .array/port v0x8f65977a0, 250;
v0x8f65977a0_251 .array/port v0x8f65977a0, 251;
v0x8f65977a0_252 .array/port v0x8f65977a0, 252;
v0x8f65977a0_253 .array/port v0x8f65977a0, 253;
E_0x8f75301c0/63 .event anyedge, v0x8f65977a0_250, v0x8f65977a0_251, v0x8f65977a0_252, v0x8f65977a0_253;
v0x8f65977a0_254 .array/port v0x8f65977a0, 254;
v0x8f65977a0_255 .array/port v0x8f65977a0, 255;
v0x8f65977a0_256 .array/port v0x8f65977a0, 256;
v0x8f65977a0_257 .array/port v0x8f65977a0, 257;
E_0x8f75301c0/64 .event anyedge, v0x8f65977a0_254, v0x8f65977a0_255, v0x8f65977a0_256, v0x8f65977a0_257;
v0x8f65977a0_258 .array/port v0x8f65977a0, 258;
v0x8f65977a0_259 .array/port v0x8f65977a0, 259;
v0x8f65977a0_260 .array/port v0x8f65977a0, 260;
v0x8f65977a0_261 .array/port v0x8f65977a0, 261;
E_0x8f75301c0/65 .event anyedge, v0x8f65977a0_258, v0x8f65977a0_259, v0x8f65977a0_260, v0x8f65977a0_261;
v0x8f65977a0_262 .array/port v0x8f65977a0, 262;
v0x8f65977a0_263 .array/port v0x8f65977a0, 263;
v0x8f65977a0_264 .array/port v0x8f65977a0, 264;
v0x8f65977a0_265 .array/port v0x8f65977a0, 265;
E_0x8f75301c0/66 .event anyedge, v0x8f65977a0_262, v0x8f65977a0_263, v0x8f65977a0_264, v0x8f65977a0_265;
v0x8f65977a0_266 .array/port v0x8f65977a0, 266;
v0x8f65977a0_267 .array/port v0x8f65977a0, 267;
v0x8f65977a0_268 .array/port v0x8f65977a0, 268;
v0x8f65977a0_269 .array/port v0x8f65977a0, 269;
E_0x8f75301c0/67 .event anyedge, v0x8f65977a0_266, v0x8f65977a0_267, v0x8f65977a0_268, v0x8f65977a0_269;
v0x8f65977a0_270 .array/port v0x8f65977a0, 270;
v0x8f65977a0_271 .array/port v0x8f65977a0, 271;
v0x8f65977a0_272 .array/port v0x8f65977a0, 272;
v0x8f65977a0_273 .array/port v0x8f65977a0, 273;
E_0x8f75301c0/68 .event anyedge, v0x8f65977a0_270, v0x8f65977a0_271, v0x8f65977a0_272, v0x8f65977a0_273;
v0x8f65977a0_274 .array/port v0x8f65977a0, 274;
v0x8f65977a0_275 .array/port v0x8f65977a0, 275;
v0x8f65977a0_276 .array/port v0x8f65977a0, 276;
v0x8f65977a0_277 .array/port v0x8f65977a0, 277;
E_0x8f75301c0/69 .event anyedge, v0x8f65977a0_274, v0x8f65977a0_275, v0x8f65977a0_276, v0x8f65977a0_277;
v0x8f65977a0_278 .array/port v0x8f65977a0, 278;
v0x8f65977a0_279 .array/port v0x8f65977a0, 279;
v0x8f65977a0_280 .array/port v0x8f65977a0, 280;
v0x8f65977a0_281 .array/port v0x8f65977a0, 281;
E_0x8f75301c0/70 .event anyedge, v0x8f65977a0_278, v0x8f65977a0_279, v0x8f65977a0_280, v0x8f65977a0_281;
v0x8f65977a0_282 .array/port v0x8f65977a0, 282;
v0x8f65977a0_283 .array/port v0x8f65977a0, 283;
v0x8f65977a0_284 .array/port v0x8f65977a0, 284;
v0x8f65977a0_285 .array/port v0x8f65977a0, 285;
E_0x8f75301c0/71 .event anyedge, v0x8f65977a0_282, v0x8f65977a0_283, v0x8f65977a0_284, v0x8f65977a0_285;
v0x8f65977a0_286 .array/port v0x8f65977a0, 286;
v0x8f65977a0_287 .array/port v0x8f65977a0, 287;
v0x8f65977a0_288 .array/port v0x8f65977a0, 288;
v0x8f65977a0_289 .array/port v0x8f65977a0, 289;
E_0x8f75301c0/72 .event anyedge, v0x8f65977a0_286, v0x8f65977a0_287, v0x8f65977a0_288, v0x8f65977a0_289;
v0x8f65977a0_290 .array/port v0x8f65977a0, 290;
v0x8f65977a0_291 .array/port v0x8f65977a0, 291;
v0x8f65977a0_292 .array/port v0x8f65977a0, 292;
v0x8f65977a0_293 .array/port v0x8f65977a0, 293;
E_0x8f75301c0/73 .event anyedge, v0x8f65977a0_290, v0x8f65977a0_291, v0x8f65977a0_292, v0x8f65977a0_293;
v0x8f65977a0_294 .array/port v0x8f65977a0, 294;
v0x8f65977a0_295 .array/port v0x8f65977a0, 295;
v0x8f65977a0_296 .array/port v0x8f65977a0, 296;
v0x8f65977a0_297 .array/port v0x8f65977a0, 297;
E_0x8f75301c0/74 .event anyedge, v0x8f65977a0_294, v0x8f65977a0_295, v0x8f65977a0_296, v0x8f65977a0_297;
v0x8f65977a0_298 .array/port v0x8f65977a0, 298;
v0x8f65977a0_299 .array/port v0x8f65977a0, 299;
v0x8f65977a0_300 .array/port v0x8f65977a0, 300;
v0x8f65977a0_301 .array/port v0x8f65977a0, 301;
E_0x8f75301c0/75 .event anyedge, v0x8f65977a0_298, v0x8f65977a0_299, v0x8f65977a0_300, v0x8f65977a0_301;
v0x8f65977a0_302 .array/port v0x8f65977a0, 302;
v0x8f65977a0_303 .array/port v0x8f65977a0, 303;
v0x8f65977a0_304 .array/port v0x8f65977a0, 304;
v0x8f65977a0_305 .array/port v0x8f65977a0, 305;
E_0x8f75301c0/76 .event anyedge, v0x8f65977a0_302, v0x8f65977a0_303, v0x8f65977a0_304, v0x8f65977a0_305;
v0x8f65977a0_306 .array/port v0x8f65977a0, 306;
v0x8f65977a0_307 .array/port v0x8f65977a0, 307;
v0x8f65977a0_308 .array/port v0x8f65977a0, 308;
v0x8f65977a0_309 .array/port v0x8f65977a0, 309;
E_0x8f75301c0/77 .event anyedge, v0x8f65977a0_306, v0x8f65977a0_307, v0x8f65977a0_308, v0x8f65977a0_309;
v0x8f65977a0_310 .array/port v0x8f65977a0, 310;
v0x8f65977a0_311 .array/port v0x8f65977a0, 311;
v0x8f65977a0_312 .array/port v0x8f65977a0, 312;
v0x8f65977a0_313 .array/port v0x8f65977a0, 313;
E_0x8f75301c0/78 .event anyedge, v0x8f65977a0_310, v0x8f65977a0_311, v0x8f65977a0_312, v0x8f65977a0_313;
v0x8f65977a0_314 .array/port v0x8f65977a0, 314;
v0x8f65977a0_315 .array/port v0x8f65977a0, 315;
v0x8f65977a0_316 .array/port v0x8f65977a0, 316;
v0x8f65977a0_317 .array/port v0x8f65977a0, 317;
E_0x8f75301c0/79 .event anyedge, v0x8f65977a0_314, v0x8f65977a0_315, v0x8f65977a0_316, v0x8f65977a0_317;
v0x8f65977a0_318 .array/port v0x8f65977a0, 318;
v0x8f65977a0_319 .array/port v0x8f65977a0, 319;
v0x8f65977a0_320 .array/port v0x8f65977a0, 320;
v0x8f65977a0_321 .array/port v0x8f65977a0, 321;
E_0x8f75301c0/80 .event anyedge, v0x8f65977a0_318, v0x8f65977a0_319, v0x8f65977a0_320, v0x8f65977a0_321;
v0x8f65977a0_322 .array/port v0x8f65977a0, 322;
v0x8f65977a0_323 .array/port v0x8f65977a0, 323;
v0x8f65977a0_324 .array/port v0x8f65977a0, 324;
v0x8f65977a0_325 .array/port v0x8f65977a0, 325;
E_0x8f75301c0/81 .event anyedge, v0x8f65977a0_322, v0x8f65977a0_323, v0x8f65977a0_324, v0x8f65977a0_325;
v0x8f65977a0_326 .array/port v0x8f65977a0, 326;
v0x8f65977a0_327 .array/port v0x8f65977a0, 327;
v0x8f65977a0_328 .array/port v0x8f65977a0, 328;
v0x8f65977a0_329 .array/port v0x8f65977a0, 329;
E_0x8f75301c0/82 .event anyedge, v0x8f65977a0_326, v0x8f65977a0_327, v0x8f65977a0_328, v0x8f65977a0_329;
v0x8f65977a0_330 .array/port v0x8f65977a0, 330;
v0x8f65977a0_331 .array/port v0x8f65977a0, 331;
v0x8f65977a0_332 .array/port v0x8f65977a0, 332;
v0x8f65977a0_333 .array/port v0x8f65977a0, 333;
E_0x8f75301c0/83 .event anyedge, v0x8f65977a0_330, v0x8f65977a0_331, v0x8f65977a0_332, v0x8f65977a0_333;
v0x8f65977a0_334 .array/port v0x8f65977a0, 334;
v0x8f65977a0_335 .array/port v0x8f65977a0, 335;
v0x8f65977a0_336 .array/port v0x8f65977a0, 336;
v0x8f65977a0_337 .array/port v0x8f65977a0, 337;
E_0x8f75301c0/84 .event anyedge, v0x8f65977a0_334, v0x8f65977a0_335, v0x8f65977a0_336, v0x8f65977a0_337;
v0x8f65977a0_338 .array/port v0x8f65977a0, 338;
v0x8f65977a0_339 .array/port v0x8f65977a0, 339;
v0x8f65977a0_340 .array/port v0x8f65977a0, 340;
v0x8f65977a0_341 .array/port v0x8f65977a0, 341;
E_0x8f75301c0/85 .event anyedge, v0x8f65977a0_338, v0x8f65977a0_339, v0x8f65977a0_340, v0x8f65977a0_341;
v0x8f65977a0_342 .array/port v0x8f65977a0, 342;
v0x8f65977a0_343 .array/port v0x8f65977a0, 343;
v0x8f65977a0_344 .array/port v0x8f65977a0, 344;
v0x8f65977a0_345 .array/port v0x8f65977a0, 345;
E_0x8f75301c0/86 .event anyedge, v0x8f65977a0_342, v0x8f65977a0_343, v0x8f65977a0_344, v0x8f65977a0_345;
v0x8f65977a0_346 .array/port v0x8f65977a0, 346;
v0x8f65977a0_347 .array/port v0x8f65977a0, 347;
v0x8f65977a0_348 .array/port v0x8f65977a0, 348;
v0x8f65977a0_349 .array/port v0x8f65977a0, 349;
E_0x8f75301c0/87 .event anyedge, v0x8f65977a0_346, v0x8f65977a0_347, v0x8f65977a0_348, v0x8f65977a0_349;
v0x8f65977a0_350 .array/port v0x8f65977a0, 350;
v0x8f65977a0_351 .array/port v0x8f65977a0, 351;
v0x8f65977a0_352 .array/port v0x8f65977a0, 352;
v0x8f65977a0_353 .array/port v0x8f65977a0, 353;
E_0x8f75301c0/88 .event anyedge, v0x8f65977a0_350, v0x8f65977a0_351, v0x8f65977a0_352, v0x8f65977a0_353;
v0x8f65977a0_354 .array/port v0x8f65977a0, 354;
v0x8f65977a0_355 .array/port v0x8f65977a0, 355;
v0x8f65977a0_356 .array/port v0x8f65977a0, 356;
v0x8f65977a0_357 .array/port v0x8f65977a0, 357;
E_0x8f75301c0/89 .event anyedge, v0x8f65977a0_354, v0x8f65977a0_355, v0x8f65977a0_356, v0x8f65977a0_357;
v0x8f65977a0_358 .array/port v0x8f65977a0, 358;
v0x8f65977a0_359 .array/port v0x8f65977a0, 359;
v0x8f65977a0_360 .array/port v0x8f65977a0, 360;
v0x8f65977a0_361 .array/port v0x8f65977a0, 361;
E_0x8f75301c0/90 .event anyedge, v0x8f65977a0_358, v0x8f65977a0_359, v0x8f65977a0_360, v0x8f65977a0_361;
v0x8f65977a0_362 .array/port v0x8f65977a0, 362;
v0x8f65977a0_363 .array/port v0x8f65977a0, 363;
v0x8f65977a0_364 .array/port v0x8f65977a0, 364;
v0x8f65977a0_365 .array/port v0x8f65977a0, 365;
E_0x8f75301c0/91 .event anyedge, v0x8f65977a0_362, v0x8f65977a0_363, v0x8f65977a0_364, v0x8f65977a0_365;
v0x8f65977a0_366 .array/port v0x8f65977a0, 366;
v0x8f65977a0_367 .array/port v0x8f65977a0, 367;
v0x8f65977a0_368 .array/port v0x8f65977a0, 368;
v0x8f65977a0_369 .array/port v0x8f65977a0, 369;
E_0x8f75301c0/92 .event anyedge, v0x8f65977a0_366, v0x8f65977a0_367, v0x8f65977a0_368, v0x8f65977a0_369;
v0x8f65977a0_370 .array/port v0x8f65977a0, 370;
v0x8f65977a0_371 .array/port v0x8f65977a0, 371;
v0x8f65977a0_372 .array/port v0x8f65977a0, 372;
v0x8f65977a0_373 .array/port v0x8f65977a0, 373;
E_0x8f75301c0/93 .event anyedge, v0x8f65977a0_370, v0x8f65977a0_371, v0x8f65977a0_372, v0x8f65977a0_373;
v0x8f65977a0_374 .array/port v0x8f65977a0, 374;
v0x8f65977a0_375 .array/port v0x8f65977a0, 375;
v0x8f65977a0_376 .array/port v0x8f65977a0, 376;
v0x8f65977a0_377 .array/port v0x8f65977a0, 377;
E_0x8f75301c0/94 .event anyedge, v0x8f65977a0_374, v0x8f65977a0_375, v0x8f65977a0_376, v0x8f65977a0_377;
v0x8f65977a0_378 .array/port v0x8f65977a0, 378;
v0x8f65977a0_379 .array/port v0x8f65977a0, 379;
v0x8f65977a0_380 .array/port v0x8f65977a0, 380;
v0x8f65977a0_381 .array/port v0x8f65977a0, 381;
E_0x8f75301c0/95 .event anyedge, v0x8f65977a0_378, v0x8f65977a0_379, v0x8f65977a0_380, v0x8f65977a0_381;
v0x8f65977a0_382 .array/port v0x8f65977a0, 382;
v0x8f65977a0_383 .array/port v0x8f65977a0, 383;
v0x8f65977a0_384 .array/port v0x8f65977a0, 384;
v0x8f65977a0_385 .array/port v0x8f65977a0, 385;
E_0x8f75301c0/96 .event anyedge, v0x8f65977a0_382, v0x8f65977a0_383, v0x8f65977a0_384, v0x8f65977a0_385;
v0x8f65977a0_386 .array/port v0x8f65977a0, 386;
v0x8f65977a0_387 .array/port v0x8f65977a0, 387;
v0x8f65977a0_388 .array/port v0x8f65977a0, 388;
v0x8f65977a0_389 .array/port v0x8f65977a0, 389;
E_0x8f75301c0/97 .event anyedge, v0x8f65977a0_386, v0x8f65977a0_387, v0x8f65977a0_388, v0x8f65977a0_389;
v0x8f65977a0_390 .array/port v0x8f65977a0, 390;
v0x8f65977a0_391 .array/port v0x8f65977a0, 391;
v0x8f65977a0_392 .array/port v0x8f65977a0, 392;
v0x8f65977a0_393 .array/port v0x8f65977a0, 393;
E_0x8f75301c0/98 .event anyedge, v0x8f65977a0_390, v0x8f65977a0_391, v0x8f65977a0_392, v0x8f65977a0_393;
v0x8f65977a0_394 .array/port v0x8f65977a0, 394;
v0x8f65977a0_395 .array/port v0x8f65977a0, 395;
v0x8f65977a0_396 .array/port v0x8f65977a0, 396;
v0x8f65977a0_397 .array/port v0x8f65977a0, 397;
E_0x8f75301c0/99 .event anyedge, v0x8f65977a0_394, v0x8f65977a0_395, v0x8f65977a0_396, v0x8f65977a0_397;
v0x8f65977a0_398 .array/port v0x8f65977a0, 398;
v0x8f65977a0_399 .array/port v0x8f65977a0, 399;
v0x8f65977a0_400 .array/port v0x8f65977a0, 400;
v0x8f65977a0_401 .array/port v0x8f65977a0, 401;
E_0x8f75301c0/100 .event anyedge, v0x8f65977a0_398, v0x8f65977a0_399, v0x8f65977a0_400, v0x8f65977a0_401;
v0x8f65977a0_402 .array/port v0x8f65977a0, 402;
v0x8f65977a0_403 .array/port v0x8f65977a0, 403;
v0x8f65977a0_404 .array/port v0x8f65977a0, 404;
v0x8f65977a0_405 .array/port v0x8f65977a0, 405;
E_0x8f75301c0/101 .event anyedge, v0x8f65977a0_402, v0x8f65977a0_403, v0x8f65977a0_404, v0x8f65977a0_405;
v0x8f65977a0_406 .array/port v0x8f65977a0, 406;
v0x8f65977a0_407 .array/port v0x8f65977a0, 407;
v0x8f65977a0_408 .array/port v0x8f65977a0, 408;
v0x8f65977a0_409 .array/port v0x8f65977a0, 409;
E_0x8f75301c0/102 .event anyedge, v0x8f65977a0_406, v0x8f65977a0_407, v0x8f65977a0_408, v0x8f65977a0_409;
v0x8f65977a0_410 .array/port v0x8f65977a0, 410;
v0x8f65977a0_411 .array/port v0x8f65977a0, 411;
v0x8f65977a0_412 .array/port v0x8f65977a0, 412;
v0x8f65977a0_413 .array/port v0x8f65977a0, 413;
E_0x8f75301c0/103 .event anyedge, v0x8f65977a0_410, v0x8f65977a0_411, v0x8f65977a0_412, v0x8f65977a0_413;
v0x8f65977a0_414 .array/port v0x8f65977a0, 414;
v0x8f65977a0_415 .array/port v0x8f65977a0, 415;
v0x8f65977a0_416 .array/port v0x8f65977a0, 416;
v0x8f65977a0_417 .array/port v0x8f65977a0, 417;
E_0x8f75301c0/104 .event anyedge, v0x8f65977a0_414, v0x8f65977a0_415, v0x8f65977a0_416, v0x8f65977a0_417;
v0x8f65977a0_418 .array/port v0x8f65977a0, 418;
v0x8f65977a0_419 .array/port v0x8f65977a0, 419;
v0x8f65977a0_420 .array/port v0x8f65977a0, 420;
v0x8f65977a0_421 .array/port v0x8f65977a0, 421;
E_0x8f75301c0/105 .event anyedge, v0x8f65977a0_418, v0x8f65977a0_419, v0x8f65977a0_420, v0x8f65977a0_421;
v0x8f65977a0_422 .array/port v0x8f65977a0, 422;
v0x8f65977a0_423 .array/port v0x8f65977a0, 423;
v0x8f65977a0_424 .array/port v0x8f65977a0, 424;
v0x8f65977a0_425 .array/port v0x8f65977a0, 425;
E_0x8f75301c0/106 .event anyedge, v0x8f65977a0_422, v0x8f65977a0_423, v0x8f65977a0_424, v0x8f65977a0_425;
v0x8f65977a0_426 .array/port v0x8f65977a0, 426;
v0x8f65977a0_427 .array/port v0x8f65977a0, 427;
v0x8f65977a0_428 .array/port v0x8f65977a0, 428;
v0x8f65977a0_429 .array/port v0x8f65977a0, 429;
E_0x8f75301c0/107 .event anyedge, v0x8f65977a0_426, v0x8f65977a0_427, v0x8f65977a0_428, v0x8f65977a0_429;
v0x8f65977a0_430 .array/port v0x8f65977a0, 430;
v0x8f65977a0_431 .array/port v0x8f65977a0, 431;
v0x8f65977a0_432 .array/port v0x8f65977a0, 432;
v0x8f65977a0_433 .array/port v0x8f65977a0, 433;
E_0x8f75301c0/108 .event anyedge, v0x8f65977a0_430, v0x8f65977a0_431, v0x8f65977a0_432, v0x8f65977a0_433;
v0x8f65977a0_434 .array/port v0x8f65977a0, 434;
v0x8f65977a0_435 .array/port v0x8f65977a0, 435;
v0x8f65977a0_436 .array/port v0x8f65977a0, 436;
v0x8f65977a0_437 .array/port v0x8f65977a0, 437;
E_0x8f75301c0/109 .event anyedge, v0x8f65977a0_434, v0x8f65977a0_435, v0x8f65977a0_436, v0x8f65977a0_437;
v0x8f65977a0_438 .array/port v0x8f65977a0, 438;
v0x8f65977a0_439 .array/port v0x8f65977a0, 439;
v0x8f65977a0_440 .array/port v0x8f65977a0, 440;
v0x8f65977a0_441 .array/port v0x8f65977a0, 441;
E_0x8f75301c0/110 .event anyedge, v0x8f65977a0_438, v0x8f65977a0_439, v0x8f65977a0_440, v0x8f65977a0_441;
v0x8f65977a0_442 .array/port v0x8f65977a0, 442;
v0x8f65977a0_443 .array/port v0x8f65977a0, 443;
v0x8f65977a0_444 .array/port v0x8f65977a0, 444;
v0x8f65977a0_445 .array/port v0x8f65977a0, 445;
E_0x8f75301c0/111 .event anyedge, v0x8f65977a0_442, v0x8f65977a0_443, v0x8f65977a0_444, v0x8f65977a0_445;
v0x8f65977a0_446 .array/port v0x8f65977a0, 446;
v0x8f65977a0_447 .array/port v0x8f65977a0, 447;
v0x8f65977a0_448 .array/port v0x8f65977a0, 448;
v0x8f65977a0_449 .array/port v0x8f65977a0, 449;
E_0x8f75301c0/112 .event anyedge, v0x8f65977a0_446, v0x8f65977a0_447, v0x8f65977a0_448, v0x8f65977a0_449;
v0x8f65977a0_450 .array/port v0x8f65977a0, 450;
v0x8f65977a0_451 .array/port v0x8f65977a0, 451;
v0x8f65977a0_452 .array/port v0x8f65977a0, 452;
v0x8f65977a0_453 .array/port v0x8f65977a0, 453;
E_0x8f75301c0/113 .event anyedge, v0x8f65977a0_450, v0x8f65977a0_451, v0x8f65977a0_452, v0x8f65977a0_453;
v0x8f65977a0_454 .array/port v0x8f65977a0, 454;
v0x8f65977a0_455 .array/port v0x8f65977a0, 455;
v0x8f65977a0_456 .array/port v0x8f65977a0, 456;
v0x8f65977a0_457 .array/port v0x8f65977a0, 457;
E_0x8f75301c0/114 .event anyedge, v0x8f65977a0_454, v0x8f65977a0_455, v0x8f65977a0_456, v0x8f65977a0_457;
v0x8f65977a0_458 .array/port v0x8f65977a0, 458;
v0x8f65977a0_459 .array/port v0x8f65977a0, 459;
v0x8f65977a0_460 .array/port v0x8f65977a0, 460;
v0x8f65977a0_461 .array/port v0x8f65977a0, 461;
E_0x8f75301c0/115 .event anyedge, v0x8f65977a0_458, v0x8f65977a0_459, v0x8f65977a0_460, v0x8f65977a0_461;
v0x8f65977a0_462 .array/port v0x8f65977a0, 462;
v0x8f65977a0_463 .array/port v0x8f65977a0, 463;
v0x8f65977a0_464 .array/port v0x8f65977a0, 464;
v0x8f65977a0_465 .array/port v0x8f65977a0, 465;
E_0x8f75301c0/116 .event anyedge, v0x8f65977a0_462, v0x8f65977a0_463, v0x8f65977a0_464, v0x8f65977a0_465;
v0x8f65977a0_466 .array/port v0x8f65977a0, 466;
v0x8f65977a0_467 .array/port v0x8f65977a0, 467;
v0x8f65977a0_468 .array/port v0x8f65977a0, 468;
v0x8f65977a0_469 .array/port v0x8f65977a0, 469;
E_0x8f75301c0/117 .event anyedge, v0x8f65977a0_466, v0x8f65977a0_467, v0x8f65977a0_468, v0x8f65977a0_469;
v0x8f65977a0_470 .array/port v0x8f65977a0, 470;
v0x8f65977a0_471 .array/port v0x8f65977a0, 471;
v0x8f65977a0_472 .array/port v0x8f65977a0, 472;
v0x8f65977a0_473 .array/port v0x8f65977a0, 473;
E_0x8f75301c0/118 .event anyedge, v0x8f65977a0_470, v0x8f65977a0_471, v0x8f65977a0_472, v0x8f65977a0_473;
v0x8f65977a0_474 .array/port v0x8f65977a0, 474;
v0x8f65977a0_475 .array/port v0x8f65977a0, 475;
v0x8f65977a0_476 .array/port v0x8f65977a0, 476;
v0x8f65977a0_477 .array/port v0x8f65977a0, 477;
E_0x8f75301c0/119 .event anyedge, v0x8f65977a0_474, v0x8f65977a0_475, v0x8f65977a0_476, v0x8f65977a0_477;
v0x8f65977a0_478 .array/port v0x8f65977a0, 478;
v0x8f65977a0_479 .array/port v0x8f65977a0, 479;
v0x8f65977a0_480 .array/port v0x8f65977a0, 480;
v0x8f65977a0_481 .array/port v0x8f65977a0, 481;
E_0x8f75301c0/120 .event anyedge, v0x8f65977a0_478, v0x8f65977a0_479, v0x8f65977a0_480, v0x8f65977a0_481;
v0x8f65977a0_482 .array/port v0x8f65977a0, 482;
v0x8f65977a0_483 .array/port v0x8f65977a0, 483;
v0x8f65977a0_484 .array/port v0x8f65977a0, 484;
v0x8f65977a0_485 .array/port v0x8f65977a0, 485;
E_0x8f75301c0/121 .event anyedge, v0x8f65977a0_482, v0x8f65977a0_483, v0x8f65977a0_484, v0x8f65977a0_485;
v0x8f65977a0_486 .array/port v0x8f65977a0, 486;
v0x8f65977a0_487 .array/port v0x8f65977a0, 487;
v0x8f65977a0_488 .array/port v0x8f65977a0, 488;
v0x8f65977a0_489 .array/port v0x8f65977a0, 489;
E_0x8f75301c0/122 .event anyedge, v0x8f65977a0_486, v0x8f65977a0_487, v0x8f65977a0_488, v0x8f65977a0_489;
v0x8f65977a0_490 .array/port v0x8f65977a0, 490;
v0x8f65977a0_491 .array/port v0x8f65977a0, 491;
v0x8f65977a0_492 .array/port v0x8f65977a0, 492;
v0x8f65977a0_493 .array/port v0x8f65977a0, 493;
E_0x8f75301c0/123 .event anyedge, v0x8f65977a0_490, v0x8f65977a0_491, v0x8f65977a0_492, v0x8f65977a0_493;
v0x8f65977a0_494 .array/port v0x8f65977a0, 494;
v0x8f65977a0_495 .array/port v0x8f65977a0, 495;
v0x8f65977a0_496 .array/port v0x8f65977a0, 496;
v0x8f65977a0_497 .array/port v0x8f65977a0, 497;
E_0x8f75301c0/124 .event anyedge, v0x8f65977a0_494, v0x8f65977a0_495, v0x8f65977a0_496, v0x8f65977a0_497;
v0x8f65977a0_498 .array/port v0x8f65977a0, 498;
v0x8f65977a0_499 .array/port v0x8f65977a0, 499;
v0x8f65977a0_500 .array/port v0x8f65977a0, 500;
v0x8f65977a0_501 .array/port v0x8f65977a0, 501;
E_0x8f75301c0/125 .event anyedge, v0x8f65977a0_498, v0x8f65977a0_499, v0x8f65977a0_500, v0x8f65977a0_501;
v0x8f65977a0_502 .array/port v0x8f65977a0, 502;
v0x8f65977a0_503 .array/port v0x8f65977a0, 503;
v0x8f65977a0_504 .array/port v0x8f65977a0, 504;
v0x8f65977a0_505 .array/port v0x8f65977a0, 505;
E_0x8f75301c0/126 .event anyedge, v0x8f65977a0_502, v0x8f65977a0_503, v0x8f65977a0_504, v0x8f65977a0_505;
v0x8f65977a0_506 .array/port v0x8f65977a0, 506;
v0x8f65977a0_507 .array/port v0x8f65977a0, 507;
v0x8f65977a0_508 .array/port v0x8f65977a0, 508;
v0x8f65977a0_509 .array/port v0x8f65977a0, 509;
E_0x8f75301c0/127 .event anyedge, v0x8f65977a0_506, v0x8f65977a0_507, v0x8f65977a0_508, v0x8f65977a0_509;
v0x8f65977a0_510 .array/port v0x8f65977a0, 510;
v0x8f65977a0_511 .array/port v0x8f65977a0, 511;
E_0x8f75301c0/128 .event anyedge, v0x8f65977a0_510, v0x8f65977a0_511;
E_0x8f75301c0 .event/or E_0x8f75301c0/0, E_0x8f75301c0/1, E_0x8f75301c0/2, E_0x8f75301c0/3, E_0x8f75301c0/4, E_0x8f75301c0/5, E_0x8f75301c0/6, E_0x8f75301c0/7, E_0x8f75301c0/8, E_0x8f75301c0/9, E_0x8f75301c0/10, E_0x8f75301c0/11, E_0x8f75301c0/12, E_0x8f75301c0/13, E_0x8f75301c0/14, E_0x8f75301c0/15, E_0x8f75301c0/16, E_0x8f75301c0/17, E_0x8f75301c0/18, E_0x8f75301c0/19, E_0x8f75301c0/20, E_0x8f75301c0/21, E_0x8f75301c0/22, E_0x8f75301c0/23, E_0x8f75301c0/24, E_0x8f75301c0/25, E_0x8f75301c0/26, E_0x8f75301c0/27, E_0x8f75301c0/28, E_0x8f75301c0/29, E_0x8f75301c0/30, E_0x8f75301c0/31, E_0x8f75301c0/32, E_0x8f75301c0/33, E_0x8f75301c0/34, E_0x8f75301c0/35, E_0x8f75301c0/36, E_0x8f75301c0/37, E_0x8f75301c0/38, E_0x8f75301c0/39, E_0x8f75301c0/40, E_0x8f75301c0/41, E_0x8f75301c0/42, E_0x8f75301c0/43, E_0x8f75301c0/44, E_0x8f75301c0/45, E_0x8f75301c0/46, E_0x8f75301c0/47, E_0x8f75301c0/48, E_0x8f75301c0/49, E_0x8f75301c0/50, E_0x8f75301c0/51, E_0x8f75301c0/52, E_0x8f75301c0/53, E_0x8f75301c0/54, E_0x8f75301c0/55, E_0x8f75301c0/56, E_0x8f75301c0/57, E_0x8f75301c0/58, E_0x8f75301c0/59, E_0x8f75301c0/60, E_0x8f75301c0/61, E_0x8f75301c0/62, E_0x8f75301c0/63, E_0x8f75301c0/64, E_0x8f75301c0/65, E_0x8f75301c0/66, E_0x8f75301c0/67, E_0x8f75301c0/68, E_0x8f75301c0/69, E_0x8f75301c0/70, E_0x8f75301c0/71, E_0x8f75301c0/72, E_0x8f75301c0/73, E_0x8f75301c0/74, E_0x8f75301c0/75, E_0x8f75301c0/76, E_0x8f75301c0/77, E_0x8f75301c0/78, E_0x8f75301c0/79, E_0x8f75301c0/80, E_0x8f75301c0/81, E_0x8f75301c0/82, E_0x8f75301c0/83, E_0x8f75301c0/84, E_0x8f75301c0/85, E_0x8f75301c0/86, E_0x8f75301c0/87, E_0x8f75301c0/88, E_0x8f75301c0/89, E_0x8f75301c0/90, E_0x8f75301c0/91, E_0x8f75301c0/92, E_0x8f75301c0/93, E_0x8f75301c0/94, E_0x8f75301c0/95, E_0x8f75301c0/96, E_0x8f75301c0/97, E_0x8f75301c0/98, E_0x8f75301c0/99, E_0x8f75301c0/100, E_0x8f75301c0/101, E_0x8f75301c0/102, E_0x8f75301c0/103, E_0x8f75301c0/104, E_0x8f75301c0/105, E_0x8f75301c0/106, E_0x8f75301c0/107, E_0x8f75301c0/108, E_0x8f75301c0/109, E_0x8f75301c0/110, E_0x8f75301c0/111, E_0x8f75301c0/112, E_0x8f75301c0/113, E_0x8f75301c0/114, E_0x8f75301c0/115, E_0x8f75301c0/116, E_0x8f75301c0/117, E_0x8f75301c0/118, E_0x8f75301c0/119, E_0x8f75301c0/120, E_0x8f75301c0/121, E_0x8f75301c0/122, E_0x8f75301c0/123, E_0x8f75301c0/124, E_0x8f75301c0/125, E_0x8f75301c0/126, E_0x8f75301c0/127, E_0x8f75301c0/128;
S_0x8f6586580 .scope module, "u_regs" "registers" 30 92, 26 1 0, S_0x8f6544a80;
 .timescale -9 -11;
    .port_info 0 /INPUT 1 "clk";
    .port_info 1 /INPUT 1 "reset";
    .port_info 2 /INPUT 32 "bus_in";
    .port_info 3 /INPUT 64 "alu_in";
    .port_info 4 /INPUT 16 "r_in";
    .port_info 5 /INPUT 1 "pc_in";
    .port_info 6 /INPUT 1 "ir_in";
    .port_info 7 /INPUT 1 "y_in";
    .port_info 8 /INPUT 1 "mar_in";
    .port_info 9 /INPUT 1 "hi_in";
    .port_info 10 /INPUT 1 "lo_in";
    .port_info 11 /INPUT 1 "zhi_in";
    .port_info 12 /INPUT 1 "zlo_in";
    .port_info 13 /INPUT 1 "ba_out";
    .port_info 14 /OUTPUT 32 "r0";
    .port_info 15 /OUTPUT 32 "r1";
    .port_info 16 /OUTPUT 32 "r2";
    .port_info 17 /OUTPUT 32 "r3";
    .port_info 18 /OUTPUT 32 "r4";
    .port_info 19 /OUTPUT 32 "r5";
    .port_info 20 /OUTPUT 32 "r6";
    .port_info 21 /OUTPUT 32 "r7";
    .port_info 22 /OUTPUT 32 "r8";
    .port_info 23 /OUTPUT 32 "r9";
    .port_info 24 /OUTPUT 32 "r10";
    .port_info 25 /OUTPUT 32 "r11";
    .port_info 26 /OUTPUT 32 "r12";
    .port_info 27 /OUTPUT 32 "r13";
    .port_info 28 /OUTPUT 32 "r14";
    .port_info 29 /OUTPUT 32 "r15";
    .port_info 30 /OUTPUT 32 "pc";
    .port_info 31 /OUTPUT 32 "ir";
    .port_info 32 /OUTPUT 32 "y";
    .port_info 33 /OUTPUT 32 "mar";
    .port_info 34 /OUTPUT 32 "hi";
    .port_info 35 /OUTPUT 32 "lo";
    .port_info 36 /OUTPUT 32 "zhi";
    .port_info 37 /OUTPUT 32 "zlo";
L_0x8f6c72d80 .functor BUFZ 32, L_0x8f6d11540, C4<00000000000000000000000000000000>, C4<00000000000000000000000000000000>, C4<00000000000000000000000000000000>;
L_0x8f6c72df0 .functor BUFZ 32, v0x8f6597b60_0, C4<00000000000000000000000000000000>, C4<00000000000000000000000000000000>, C4<00000000000000000000000000000000>;
L_0x8f6c72e60 .functor BUFZ 32, v0x8f6597e80_0, C4<00000000000000000000000000000000>, C4<00000000000000000000000000000000>, C4<00000000000000000000000000000000>;
L_0x8f6c72ed0 .functor BUFZ 32, v0x8f65b81e0_0, C4<00000000000000000000000000000000>, C4<00000000000000000000000000000000>, C4<00000000000000000000000000000000>;
L_0x8f6c72f40 .functor BUFZ 32, v0x8f65b8500_0, C4<00000000000000000000000000000000>, C4<00000000000000000000000000000000>, C4<00000000000000000000000000000000>;
L_0x8f6c72fb0 .functor BUFZ 32, v0x8f65b8820_0, C4<00000000000000000000000000000000>, C4<00000000000000000000000000000000>, C4<00000000000000000000000000000000>;
L_0x8f6c73020 .functor BUFZ 32, v0x8f65b8b40_0, C4<00000000000000000000000000000000>, C4<00000000000000000000000000000000>, C4<00000000000000000000000000000000>;
L_0x8f6c73090 .functor BUFZ 32, v0x8f65b8e60_0, C4<00000000000000000000000000000000>, C4<00000000000000000000000000000000>, C4<00000000000000000000000000000000>;
L_0x8f6c73100 .functor BUFZ 32, v0x8f65b9180_0, C4<00000000000000000000000000000000>, C4<00000000000000000000000000000000>, C4<00000000000000000000000000000000>;
L_0x8f6c73170 .functor BUFZ 32, v0x8f65b94a0_0, C4<00000000000000000000000000000000>, C4<00000000000000000000000000000000>, C4<00000000000000000000000000000000>;
L_0x8f6c731e0 .functor BUFZ 32, v0x8f65b97c0_0, C4<00000000000000000000000000000000>, C4<00000000000000000000000000000000>, C4<00000000000000000000000000000000>;
L_0x8f6c73250 .functor BUFZ 32, v0x8f65b9ae0_0, C4<00000000000000000000000000000000>, C4<00000000000000000000000000000000>, C4<00000000000000000000000000000000>;
L_0x8f6c732c0 .functor BUFZ 32, v0x8f65b9e00_0, C4<00000000000000000000000000000000>, C4<00000000000000000000000000000000>, C4<00000000000000000000000000000000>;
L_0x8f6c73330 .functor BUFZ 32, v0x8f65ba120_0, C4<00000000000000000000000000000000>, C4<00000000000000000000000000000000>, C4<00000000000000000000000000000000>;
L_0x8f6c733a0 .functor BUFZ 32, v0x8f65ba440_0, C4<00000000000000000000000000000000>, C4<00000000000000000000000000000000>, C4<00000000000000000000000000000000>;
L_0x8f6c73410 .functor BUFZ 32, v0x8f65ba760_0, C4<00000000000000000000000000000000>, C4<00000000000000000000000000000000>, C4<00000000000000000000000000000000>;
v0x8f65c85a0 .array "R", 15 0;
v0x8f65c85a0_0 .net v0x8f65c85a0 0, 31 0, L_0x8f6d11540; 1 drivers
v0x8f65c85a0_1 .net v0x8f65c85a0 1, 31 0, v0x8f6597b60_0; 1 drivers
v0x8f65c85a0_2 .net v0x8f65c85a0 2, 31 0, v0x8f6597e80_0; 1 drivers
v0x8f65c85a0_3 .net v0x8f65c85a0 3, 31 0, v0x8f65b81e0_0; 1 drivers
v0x8f65c85a0_4 .net v0x8f65c85a0 4, 31 0, v0x8f65b8500_0; 1 drivers
v0x8f65c85a0_5 .net v0x8f65c85a0 5, 31 0, v0x8f65b8820_0; 1 drivers
v0x8f65c85a0_6 .net v0x8f65c85a0 6, 31 0, v0x8f65b8b40_0; 1 drivers
v0x8f65c85a0_7 .net v0x8f65c85a0 7, 31 0, v0x8f65b8e60_0; 1 drivers
v0x8f65c85a0_8 .net v0x8f65c85a0 8, 31 0, v0x8f65b9180_0; 1 drivers
v0x8f65c85a0_9 .net v0x8f65c85a0 9, 31 0, v0x8f65b94a0_0; 1 drivers
v0x8f65c85a0_10 .net v0x8f65c85a0 10, 31 0, v0x8f65b97c0_0; 1 drivers
v0x8f65c85a0_11 .net v0x8f65c85a0 11, 31 0, v0x8f65b9ae0_0; 1 drivers
v0x8f65c85a0_12 .net v0x8f65c85a0 12, 31 0, v0x8f65b9e00_0; 1 drivers
v0x8f65c85a0_13 .net v0x8f65c85a0 13, 31 0, v0x8f65ba120_0; 1 drivers
v0x8f65c85a0_14 .net v0x8f65c85a0 14, 31 0, v0x8f65ba440_0; 1 drivers
v0x8f65c85a0_15 .net v0x8f65c85a0 15, 31 0, v0x8f65ba760_0; 1 drivers
L_0x8f6878a30 .functor BUFT 1, C4<00000000000000000000000000000000>, C4<0>, C4<0>, C4<0>;
v0x8f65c8640_0 .net/2u *"_ivl_18", 31 0, L_0x8f6878a30;  1 drivers
v0x8f65c86e0_0 .net "alu_in", 63 0, v0x8f657fb60_0;  alias, 1 drivers
v0x8f65c8780_0 .net "ba_out", 0 0, v0x8f6595400_0;  alias, 1 drivers
v0x8f65c8820_0 .net "bus_in", 31 0, v0x8f658a080_0;  alias, 1 drivers
v0x8f65c88c0_0 .net "clk", 0 0, v0x8f65cda40_0;  alias, 1 drivers
v0x8f65c8960_0 .net "hi", 31 0, v0x8f65baa80_0;  alias, 1 drivers
v0x8f65c8a00_0 .net "hi_in", 0 0, v0x8f6595900_0;  alias, 1 drivers
v0x8f65c8aa0_0 .net "ir", 31 0, v0x8f65bada0_0;  alias, 1 drivers
v0x8f65c8b40_0 .net "ir_in", 0 0, v0x8f6595b80_0;  alias, 1 drivers
v0x8f65c8be0_0 .net "lo", 31 0, v0x8f65bb0c0_0;  alias, 1 drivers
v0x8f65c8c80_0 .net "lo_in", 0 0, v0x8f6595c20_0;  alias, 1 drivers
v0x8f65c8d20_0 .net "mar", 31 0, v0x8f65bb3e0_0;  alias, 1 drivers
v0x8f65c8dc0_0 .net "mar_in", 0 0, v0x8f6595d60_0;  alias, 1 drivers
v0x8f65c8e60_0 .net "pc", 31 0, v0x8f65bb700_0;  alias, 1 drivers
v0x8f65c8f00_0 .net "pc_in", 0 0, v0x8f6596120_0;  alias, 1 drivers
v0x8f65c8fa0_0 .net "r0", 31 0, L_0x8f6c72d80;  alias, 1 drivers
v0x8f65c9040_0 .net "r0_internal_q", 31 0, v0x8f65bba20_0;  1 drivers
v0x8f65c90e0_0 .net "r1", 31 0, L_0x8f6c72df0;  alias, 1 drivers
v0x8f65c9180_0 .net "r10", 31 0, L_0x8f6c731e0;  alias, 1 drivers
v0x8f65c9220_0 .net "r11", 31 0, L_0x8f6c73250;  alias, 1 drivers
v0x8f65c92c0_0 .net "r12", 31 0, L_0x8f6c732c0;  alias, 1 drivers
v0x8f65c9360_0 .net "r13", 31 0, L_0x8f6c73330;  alias, 1 drivers
v0x8f65c9400_0 .net "r14", 31 0, L_0x8f6c733a0;  alias, 1 drivers
v0x8f65c94a0_0 .net "r15", 31 0, L_0x8f6c73410;  alias, 1 drivers
v0x8f65c9540_0 .net "r2", 31 0, L_0x8f6c72e60;  alias, 1 drivers
v0x8f65c95e0_0 .net "r3", 31 0, L_0x8f6c72ed0;  alias, 1 drivers
v0x8f65c9680_0 .net "r4", 31 0, L_0x8f6c72f40;  alias, 1 drivers
v0x8f65c9720_0 .net "r5", 31 0, L_0x8f6c72fb0;  alias, 1 drivers
v0x8f65c97c0_0 .net "r6", 31 0, L_0x8f6c73020;  alias, 1 drivers
v0x8f65c9860_0 .net "r7", 31 0, L_0x8f6c73090;  alias, 1 drivers
v0x8f65c9900_0 .net "r8", 31 0, L_0x8f6c73100;  alias, 1 drivers
v0x8f65c99a0_0 .net "r9", 31 0, L_0x8f6c73170;  alias, 1 drivers
v0x8f65c9a40_0 .net "r_in", 15 0, L_0x8f6d10a00;  alias, 1 drivers
v0x8f65c9ae0_0 .net "reset", 0 0, v0x8f65cdd60_0;  alias, 1 drivers
v0x8f65c9b80_0 .net "y", 31 0, v0x8f65bbd40_0;  alias, 1 drivers
v0x8f65c9c20_0 .net "y_in", 0 0, v0x8f65966c0_0;  alias, 1 drivers
v0x8f65c9cc0_0 .net "zhi", 31 0, v0x8f65c80a0_0;  alias, 1 drivers
v0x8f65c9d60_0 .net "zhi_in", 0 0, v0x8f6596760_0;  alias, 1 drivers
v0x8f65c9e00_0 .net "zlo", 31 0, v0x8f65c83c0_0;  alias, 1 drivers
v0x8f65c9ea0_0 .net "zlo_in", 0 0, v0x8f65968a0_0;  alias, 1 drivers
L_0x8f6d10b40 .part L_0x8f6d10a00, 1, 1;
L_0x8f6d10be0 .part L_0x8f6d10a00, 2, 1;
L_0x8f6d10c80 .part L_0x8f6d10a00, 3, 1;
L_0x8f6d10d20 .part L_0x8f6d10a00, 4, 1;
L_0x8f6d10dc0 .part L_0x8f6d10a00, 5, 1;
L_0x8f6d10e60 .part L_0x8f6d10a00, 6, 1;
L_0x8f6d10f00 .part L_0x8f6d10a00, 7, 1;
L_0x8f6d10fa0 .part L_0x8f6d10a00, 8, 1;
L_0x8f6d11040 .part L_0x8f6d10a00, 9, 1;
L_0x8f6d110e0 .part L_0x8f6d10a00, 10, 1;
L_0x8f6d11180 .part L_0x8f6d10a00, 11, 1;
L_0x8f6d11220 .part L_0x8f6d10a00, 12, 1;
L_0x8f6d112c0 .part L_0x8f6d10a00, 13, 1;
L_0x8f6d11360 .part L_0x8f6d10a00, 14, 1;
L_0x8f6d11400 .part L_0x8f6d10a00, 15, 1;
L_0x8f6d114a0 .part L_0x8f6d10a00, 0, 1;
L_0x8f6d11540 .functor MUXZ 32, v0x8f65bba20_0, L_0x8f6878a30, v0x8f6595400_0, C4<>;
L_0x8f6d115e0 .part v0x8f657fb60_0, 32, 32;
L_0x8f6d11680 .part v0x8f657fb60_0, 0, 32;
L_0x8f6d11720 .part v0x8f657fb60_0, 32, 32;
L_0x8f6d117c0 .part v0x8f657fb60_0, 0, 32;
S_0x8f6586700 .scope generate, "GEN_REGS[1]" "GEN_REGS[1]" 26 72, 26 72 0, S_0x8f6586580;
 .timescale -9 -11;
P_0x8f6580340 .param/l "i" 1 26 72, +C4<01>;
S_0x8f6586880 .scope module, "u_reg" "reg32" 26 73, 23 1 0, S_0x8f6586700;
 .timescale -9 -11;
    .port_info 0 /INPUT 1 "clk";
    .port_info 1 /INPUT 1 "reset";
    .port_info 2 /INPUT 1 "wr_en";
    .port_info 3 /INPUT 32 "d";
    .port_info 4 /OUTPUT 32 "q";
v0x8f6597a20_0 .net "clk", 0 0, v0x8f65cda40_0;  alias, 1 drivers
v0x8f6597ac0_0 .net "d", 31 0, v0x8f658a080_0;  alias, 1 drivers
v0x8f6597b60_0 .var "q", 31 0;
v0x8f6597c00_0 .net "reset", 0 0, v0x8f65cdd60_0;  alias, 1 drivers
v0x8f6597ca0_0 .net "wr_en", 0 0, L_0x8f6d10b40;  1 drivers
S_0x8f6586a00 .scope generate, "GEN_REGS[2]" "GEN_REGS[2]" 26 72, 26 72 0, S_0x8f6586580;
 .timescale -9 -11;
P_0x8f6580380 .param/l "i" 1 26 72, +C4<010>;
S_0x8f6586b80 .scope module, "u_reg" "reg32" 26 73, 23 1 0, S_0x8f6586a00;
 .timescale -9 -11;
    .port_info 0 /INPUT 1 "clk";
    .port_info 1 /INPUT 1 "reset";
    .port_info 2 /INPUT 1 "wr_en";
    .port_info 3 /INPUT 32 "d";
    .port_info 4 /OUTPUT 32 "q";
v0x8f6597d40_0 .net "clk", 0 0, v0x8f65cda40_0;  alias, 1 drivers
v0x8f6597de0_0 .net "d", 31 0, v0x8f658a080_0;  alias, 1 drivers
v0x8f6597e80_0 .var "q", 31 0;
v0x8f6597f20_0 .net "reset", 0 0, v0x8f65cdd60_0;  alias, 1 drivers
v0x8f65b8000_0 .net "wr_en", 0 0, L_0x8f6d10be0;  1 drivers
S_0x8f6586d00 .scope generate, "GEN_REGS[3]" "GEN_REGS[3]" 26 72, 26 72 0, S_0x8f6586580;
 .timescale -9 -11;
P_0x8f65803c0 .param/l "i" 1 26 72, +C4<011>;
S_0x8f6586e80 .scope module, "u_reg" "reg32" 26 73, 23 1 0, S_0x8f6586d00;
 .timescale -9 -11;
    .port_info 0 /INPUT 1 "clk";
    .port_info 1 /INPUT 1 "reset";
    .port_info 2 /INPUT 1 "wr_en";
    .port_info 3 /INPUT 32 "d";
    .port_info 4 /OUTPUT 32 "q";
v0x8f65b80a0_0 .net "clk", 0 0, v0x8f65cda40_0;  alias, 1 drivers
v0x8f65b8140_0 .net "d", 31 0, v0x8f658a080_0;  alias, 1 drivers
v0x8f65b81e0_0 .var "q", 31 0;
v0x8f65b8280_0 .net "reset", 0 0, v0x8f65cdd60_0;  alias, 1 drivers
v0x8f65b8320_0 .net "wr_en", 0 0, L_0x8f6d10c80;  1 drivers
S_0x8f6587000 .scope generate, "GEN_REGS[4]" "GEN_REGS[4]" 26 72, 26 72 0, S_0x8f6586580;
 .timescale -9 -11;
P_0x8f6580400 .param/l "i" 1 26 72, +C4<0100>;
S_0x8f6587180 .scope module, "u_reg" "reg32" 26 73, 23 1 0, S_0x8f6587000;
 .timescale -9 -11;
    .port_info 0 /INPUT 1 "clk";
    .port_info 1 /INPUT 1 "reset";
    .port_info 2 /INPUT 1 "wr_en";
    .port_info 3 /INPUT 32 "d";
    .port_info 4 /OUTPUT 32 "q";
v0x8f65b83c0_0 .net "clk", 0 0, v0x8f65cda40_0;  alias, 1 drivers
v0x8f65b8460_0 .net "d", 31 0, v0x8f658a080_0;  alias, 1 drivers
v0x8f65b8500_0 .var "q", 31 0;
v0x8f65b85a0_0 .net "reset", 0 0, v0x8f65cdd60_0;  alias, 1 drivers
v0x8f65b8640_0 .net "wr_en", 0 0, L_0x8f6d10d20;  1 drivers
S_0x8f6587300 .scope generate, "GEN_REGS[5]" "GEN_REGS[5]" 26 72, 26 72 0, S_0x8f6586580;
 .timescale -9 -11;
P_0x8f6580440 .param/l "i" 1 26 72, +C4<0101>;
S_0x8f6587480 .scope module, "u_reg" "reg32" 26 73, 23 1 0, S_0x8f6587300;
 .timescale -9 -11;
    .port_info 0 /INPUT 1 "clk";
    .port_info 1 /INPUT 1 "reset";
    .port_info 2 /INPUT 1 "wr_en";
    .port_info 3 /INPUT 32 "d";
    .port_info 4 /OUTPUT 32 "q";
v0x8f65b86e0_0 .net "clk", 0 0, v0x8f65cda40_0;  alias, 1 drivers
v0x8f65b8780_0 .net "d", 31 0, v0x8f658a080_0;  alias, 1 drivers
v0x8f65b8820_0 .var "q", 31 0;
v0x8f65b88c0_0 .net "reset", 0 0, v0x8f65cdd60_0;  alias, 1 drivers
v0x8f65b8960_0 .net "wr_en", 0 0, L_0x8f6d10dc0;  1 drivers
S_0x8f6587600 .scope generate, "GEN_REGS[6]" "GEN_REGS[6]" 26 72, 26 72 0, S_0x8f6586580;
 .timescale -9 -11;
P_0x8f6580480 .param/l "i" 1 26 72, +C4<0110>;
S_0x8f6587780 .scope module, "u_reg" "reg32" 26 73, 23 1 0, S_0x8f6587600;
 .timescale -9 -11;
    .port_info 0 /INPUT 1 "clk";
    .port_info 1 /INPUT 1 "reset";
    .port_info 2 /INPUT 1 "wr_en";
    .port_info 3 /INPUT 32 "d";
    .port_info 4 /OUTPUT 32 "q";
v0x8f65b8a00_0 .net "clk", 0 0, v0x8f65cda40_0;  alias, 1 drivers
v0x8f65b8aa0_0 .net "d", 31 0, v0x8f658a080_0;  alias, 1 drivers
v0x8f65b8b40_0 .var "q", 31 0;
v0x8f65b8be0_0 .net "reset", 0 0, v0x8f65cdd60_0;  alias, 1 drivers
v0x8f65b8c80_0 .net "wr_en", 0 0, L_0x8f6d10e60;  1 drivers
S_0x8f6587900 .scope generate, "GEN_REGS[7]" "GEN_REGS[7]" 26 72, 26 72 0, S_0x8f6586580;
 .timescale -9 -11;
P_0x8f65804c0 .param/l "i" 1 26 72, +C4<0111>;
S_0x8f6587a80 .scope module, "u_reg" "reg32" 26 73, 23 1 0, S_0x8f6587900;
 .timescale -9 -11;
    .port_info 0 /INPUT 1 "clk";
    .port_info 1 /INPUT 1 "reset";
    .port_info 2 /INPUT 1 "wr_en";
    .port_info 3 /INPUT 32 "d";
    .port_info 4 /OUTPUT 32 "q";
v0x8f65b8d20_0 .net "clk", 0 0, v0x8f65cda40_0;  alias, 1 drivers
v0x8f65b8dc0_0 .net "d", 31 0, v0x8f658a080_0;  alias, 1 drivers
v0x8f65b8e60_0 .var "q", 31 0;
v0x8f65b8f00_0 .net "reset", 0 0, v0x8f65cdd60_0;  alias, 1 drivers
v0x8f65b8fa0_0 .net "wr_en", 0 0, L_0x8f6d10f00;  1 drivers
S_0x8f6587c00 .scope generate, "GEN_REGS[8]" "GEN_REGS[8]" 26 72, 26 72 0, S_0x8f6586580;
 .timescale -9 -11;
P_0x8f6580500 .param/l "i" 1 26 72, +C4<01000>;
S_0x8f6587d80 .scope module, "u_reg" "reg32" 26 73, 23 1 0, S_0x8f6587c00;
 .timescale -9 -11;
    .port_info 0 /INPUT 1 "clk";
    .port_info 1 /INPUT 1 "reset";
    .port_info 2 /INPUT 1 "wr_en";
    .port_info 3 /INPUT 32 "d";
    .port_info 4 /OUTPUT 32 "q";
v0x8f65b9040_0 .net "clk", 0 0, v0x8f65cda40_0;  alias, 1 drivers
v0x8f65b90e0_0 .net "d", 31 0, v0x8f658a080_0;  alias, 1 drivers
v0x8f65b9180_0 .var "q", 31 0;
v0x8f65b9220_0 .net "reset", 0 0, v0x8f65cdd60_0;  alias, 1 drivers
v0x8f65b92c0_0 .net "wr_en", 0 0, L_0x8f6d10fa0;  1 drivers
S_0x8f65bc000 .scope generate, "GEN_REGS[9]" "GEN_REGS[9]" 26 72, 26 72 0, S_0x8f6586580;
 .timescale -9 -11;
P_0x8f6580540 .param/l "i" 1 26 72, +C4<01001>;
S_0x8f65bc180 .scope module, "u_reg" "reg32" 26 73, 23 1 0, S_0x8f65bc000;
 .timescale -9 -11;
    .port_info 0 /INPUT 1 "clk";
    .port_info 1 /INPUT 1 "reset";
    .port_info 2 /INPUT 1 "wr_en";
    .port_info 3 /INPUT 32 "d";
    .port_info 4 /OUTPUT 32 "q";
v0x8f65b9360_0 .net "clk", 0 0, v0x8f65cda40_0;  alias, 1 drivers
v0x8f65b9400_0 .net "d", 31 0, v0x8f658a080_0;  alias, 1 drivers
v0x8f65b94a0_0 .var "q", 31 0;
v0x8f65b9540_0 .net "reset", 0 0, v0x8f65cdd60_0;  alias, 1 drivers
v0x8f65b95e0_0 .net "wr_en", 0 0, L_0x8f6d11040;  1 drivers
S_0x8f65bc300 .scope generate, "GEN_REGS[10]" "GEN_REGS[10]" 26 72, 26 72 0, S_0x8f6586580;
 .timescale -9 -11;
P_0x8f6580580 .param/l "i" 1 26 72, +C4<01010>;
S_0x8f65bc480 .scope module, "u_reg" "reg32" 26 73, 23 1 0, S_0x8f65bc300;
 .timescale -9 -11;
    .port_info 0 /INPUT 1 "clk";
    .port_info 1 /INPUT 1 "reset";
    .port_info 2 /INPUT 1 "wr_en";
    .port_info 3 /INPUT 32 "d";
    .port_info 4 /OUTPUT 32 "q";
v0x8f65b9680_0 .net "clk", 0 0, v0x8f65cda40_0;  alias, 1 drivers
v0x8f65b9720_0 .net "d", 31 0, v0x8f658a080_0;  alias, 1 drivers
v0x8f65b97c0_0 .var "q", 31 0;
v0x8f65b9860_0 .net "reset", 0 0, v0x8f65cdd60_0;  alias, 1 drivers
v0x8f65b9900_0 .net "wr_en", 0 0, L_0x8f6d110e0;  1 drivers
S_0x8f65bc600 .scope generate, "GEN_REGS[11]" "GEN_REGS[11]" 26 72, 26 72 0, S_0x8f6586580;
 .timescale -9 -11;
P_0x8f65805c0 .param/l "i" 1 26 72, +C4<01011>;
S_0x8f65bc780 .scope module, "u_reg" "reg32" 26 73, 23 1 0, S_0x8f65bc600;
 .timescale -9 -11;
    .port_info 0 /INPUT 1 "clk";
    .port_info 1 /INPUT 1 "reset";
    .port_info 2 /INPUT 1 "wr_en";
    .port_info 3 /INPUT 32 "d";
    .port_info 4 /OUTPUT 32 "q";
v0x8f65b99a0_0 .net "clk", 0 0, v0x8f65cda40_0;  alias, 1 drivers
v0x8f65b9a40_0 .net "d", 31 0, v0x8f658a080_0;  alias, 1 drivers
v0x8f65b9ae0_0 .var "q", 31 0;
v0x8f65b9b80_0 .net "reset", 0 0, v0x8f65cdd60_0;  alias, 1 drivers
v0x8f65b9c20_0 .net "wr_en", 0 0, L_0x8f6d11180;  1 drivers
S_0x8f65bc900 .scope generate, "GEN_REGS[12]" "GEN_REGS[12]" 26 72, 26 72 0, S_0x8f6586580;
 .timescale -9 -11;
P_0x8f6580600 .param/l "i" 1 26 72, +C4<01100>;
S_0x8f65bca80 .scope module, "u_reg" "reg32" 26 73, 23 1 0, S_0x8f65bc900;
 .timescale -9 -11;
    .port_info 0 /INPUT 1 "clk";
    .port_info 1 /INPUT 1 "reset";
    .port_info 2 /INPUT 1 "wr_en";
    .port_info 3 /INPUT 32 "d";
    .port_info 4 /OUTPUT 32 "q";
v0x8f65b9cc0_0 .net "clk", 0 0, v0x8f65cda40_0;  alias, 1 drivers
v0x8f65b9d60_0 .net "d", 31 0, v0x8f658a080_0;  alias, 1 drivers
v0x8f65b9e00_0 .var "q", 31 0;
v0x8f65b9ea0_0 .net "reset", 0 0, v0x8f65cdd60_0;  alias, 1 drivers
v0x8f65b9f40_0 .net "wr_en", 0 0, L_0x8f6d11220;  1 drivers
S_0x8f65bcc00 .scope generate, "GEN_REGS[13]" "GEN_REGS[13]" 26 72, 26 72 0, S_0x8f6586580;
 .timescale -9 -11;
P_0x8f6580640 .param/l "i" 1 26 72, +C4<01101>;
S_0x8f65bcd80 .scope module, "u_reg" "reg32" 26 73, 23 1 0, S_0x8f65bcc00;
 .timescale -9 -11;
    .port_info 0 /INPUT 1 "clk";
    .port_info 1 /INPUT 1 "reset";
    .port_info 2 /INPUT 1 "wr_en";
    .port_info 3 /INPUT 32 "d";
    .port_info 4 /OUTPUT 32 "q";
v0x8f65b9fe0_0 .net "clk", 0 0, v0x8f65cda40_0;  alias, 1 drivers
v0x8f65ba080_0 .net "d", 31 0, v0x8f658a080_0;  alias, 1 drivers
v0x8f65ba120_0 .var "q", 31 0;
v0x8f65ba1c0_0 .net "reset", 0 0, v0x8f65cdd60_0;  alias, 1 drivers
v0x8f65ba260_0 .net "wr_en", 0 0, L_0x8f6d112c0;  1 drivers
S_0x8f65bcf00 .scope generate, "GEN_REGS[14]" "GEN_REGS[14]" 26 72, 26 72 0, S_0x8f6586580;
 .timescale -9 -11;
P_0x8f6580680 .param/l "i" 1 26 72, +C4<01110>;
S_0x8f65bd080 .scope module, "u_reg" "reg32" 26 73, 23 1 0, S_0x8f65bcf00;
 .timescale -9 -11;
    .port_info 0 /INPUT 1 "clk";
    .port_info 1 /INPUT 1 "reset";
    .port_info 2 /INPUT 1 "wr_en";
    .port_info 3 /INPUT 32 "d";
    .port_info 4 /OUTPUT 32 "q";
v0x8f65ba300_0 .net "clk", 0 0, v0x8f65cda40_0;  alias, 1 drivers
v0x8f65ba3a0_0 .net "d", 31 0, v0x8f658a080_0;  alias, 1 drivers
v0x8f65ba440_0 .var "q", 31 0;
v0x8f65ba4e0_0 .net "reset", 0 0, v0x8f65cdd60_0;  alias, 1 drivers
v0x8f65ba580_0 .net "wr_en", 0 0, L_0x8f6d11360;  1 drivers
S_0x8f65bd200 .scope generate, "GEN_REGS[15]" "GEN_REGS[15]" 26 72, 26 72 0, S_0x8f6586580;
 .timescale -9 -11;
P_0x8f65806c0 .param/l "i" 1 26 72, +C4<01111>;
S_0x8f65bd380 .scope module, "u_reg" "reg32" 26 73, 23 1 0, S_0x8f65bd200;
 .timescale -9 -11;
    .port_info 0 /INPUT 1 "clk";
    .port_info 1 /INPUT 1 "reset";
    .port_info 2 /INPUT 1 "wr_en";
    .port_info 3 /INPUT 32 "d";
    .port_info 4 /OUTPUT 32 "q";
v0x8f65ba620_0 .net "clk", 0 0, v0x8f65cda40_0;  alias, 1 drivers
v0x8f65ba6c0_0 .net "d", 31 0, v0x8f658a080_0;  alias, 1 drivers
v0x8f65ba760_0 .var "q", 31 0;
v0x8f65ba800_0 .net "reset", 0 0, v0x8f65cdd60_0;  alias, 1 drivers
v0x8f65ba8a0_0 .net "wr_en", 0 0, L_0x8f6d11400;  1 drivers
S_0x8f65bd500 .scope module, "u_hi" "reg32" 26 105, 23 1 0, S_0x8f6586580;
 .timescale -9 -11;
    .port_info 0 /INPUT 1 "clk";
    .port_info 1 /INPUT 1 "reset";
    .port_info 2 /INPUT 1 "wr_en";
    .port_info 3 /INPUT 32 "d";
    .port_info 4 /OUTPUT 32 "q";
v0x8f65ba940_0 .net "clk", 0 0, v0x8f65cda40_0;  alias, 1 drivers
v0x8f65ba9e0_0 .net "d", 31 0, L_0x8f6d115e0;  1 drivers
v0x8f65baa80_0 .var "q", 31 0;
v0x8f65bab20_0 .net "reset", 0 0, v0x8f65cdd60_0;  alias, 1 drivers
v0x8f65babc0_0 .net "wr_en", 0 0, v0x8f6595900_0;  alias, 1 drivers
S_0x8f65bd680 .scope module, "u_ir" "reg32" 26 102, 23 1 0, S_0x8f6586580;
 .timescale -9 -11;
    .port_info 0 /INPUT 1 "clk";
    .port_info 1 /INPUT 1 "reset";
    .port_info 2 /INPUT 1 "wr_en";
    .port_info 3 /INPUT 32 "d";
    .port_info 4 /OUTPUT 32 "q";
v0x8f65bac60_0 .net "clk", 0 0, v0x8f65cda40_0;  alias, 1 drivers
v0x8f65bad00_0 .net "d", 31 0, v0x8f658a080_0;  alias, 1 drivers
v0x8f65bada0_0 .var "q", 31 0;
v0x8f65bae40_0 .net "reset", 0 0, v0x8f65cdd60_0;  alias, 1 drivers
v0x8f65baee0_0 .net "wr_en", 0 0, v0x8f6595b80_0;  alias, 1 drivers
S_0x8f65bd800 .scope module, "u_lo" "reg32" 26 106, 23 1 0, S_0x8f6586580;
 .timescale -9 -11;
    .port_info 0 /INPUT 1 "clk";
    .port_info 1 /INPUT 1 "reset";
    .port_info 2 /INPUT 1 "wr_en";
    .port_info 3 /INPUT 32 "d";
    .port_info 4 /OUTPUT 32 "q";
v0x8f65baf80_0 .net "clk", 0 0, v0x8f65cda40_0;  alias, 1 drivers
v0x8f65bb020_0 .net "d", 31 0, L_0x8f6d11680;  1 drivers
v0x8f65bb0c0_0 .var "q", 31 0;
v0x8f65bb160_0 .net "reset", 0 0, v0x8f65cdd60_0;  alias, 1 drivers
v0x8f65bb200_0 .net "wr_en", 0 0, v0x8f6595c20_0;  alias, 1 drivers
S_0x8f65bd980 .scope module, "u_mar" "reg32" 26 104, 23 1 0, S_0x8f6586580;
 .timescale -9 -11;
    .port_info 0 /INPUT 1 "clk";
    .port_info 1 /INPUT 1 "reset";
    .port_info 2 /INPUT 1 "wr_en";
    .port_info 3 /INPUT 32 "d";
    .port_info 4 /OUTPUT 32 "q";
v0x8f65bb2a0_0 .net "clk", 0 0, v0x8f65cda40_0;  alias, 1 drivers
v0x8f65bb340_0 .net "d", 31 0, v0x8f658a080_0;  alias, 1 drivers
v0x8f65bb3e0_0 .var "q", 31 0;
v0x8f65bb480_0 .net "reset", 0 0, v0x8f65cdd60_0;  alias, 1 drivers
v0x8f65bb520_0 .net "wr_en", 0 0, v0x8f6595d60_0;  alias, 1 drivers
S_0x8f65bdb00 .scope module, "u_pc" "reg32" 26 107, 23 1 0, S_0x8f6586580;
 .timescale -9 -11;
    .port_info 0 /INPUT 1 "clk";
    .port_info 1 /INPUT 1 "reset";
    .port_info 2 /INPUT 1 "wr_en";
    .port_info 3 /INPUT 32 "d";
    .port_info 4 /OUTPUT 32 "q";
v0x8f65bb5c0_0 .net "clk", 0 0, v0x8f65cda40_0;  alias, 1 drivers
v0x8f65bb660_0 .net "d", 31 0, v0x8f658a080_0;  alias, 1 drivers
v0x8f65bb700_0 .var "q", 31 0;
v0x8f65bb7a0_0 .net "reset", 0 0, v0x8f65cdd60_0;  alias, 1 drivers
v0x8f65bb840_0 .net "wr_en", 0 0, v0x8f6596120_0;  alias, 1 drivers
S_0x8f65bdc80 .scope module, "u_reg0" "reg32" 26 60, 23 1 0, S_0x8f6586580;
 .timescale -9 -11;
    .port_info 0 /INPUT 1 "clk";
    .port_info 1 /INPUT 1 "reset";
    .port_info 2 /INPUT 1 "wr_en";
    .port_info 3 /INPUT 32 "d";
    .port_info 4 /OUTPUT 32 "q";
v0x8f65bb8e0_0 .net "clk", 0 0, v0x8f65cda40_0;  alias, 1 drivers
v0x8f65bb980_0 .net "d", 31 0, v0x8f658a080_0;  alias, 1 drivers
v0x8f65bba20_0 .var "q", 31 0;
v0x8f65bbac0_0 .net "reset", 0 0, v0x8f65cdd60_0;  alias, 1 drivers
v0x8f65bbb60_0 .net "wr_en", 0 0, L_0x8f6d114a0;  1 drivers
S_0x8f65bde00 .scope module, "u_y" "reg32" 26 103, 23 1 0, S_0x8f6586580;
 .timescale -9 -11;
    .port_info 0 /INPUT 1 "clk";
    .port_info 1 /INPUT 1 "reset";
    .port_info 2 /INPUT 1 "wr_en";
    .port_info 3 /INPUT 32 "d";
    .port_info 4 /OUTPUT 32 "q";
v0x8f65bbc00_0 .net "clk", 0 0, v0x8f65cda40_0;  alias, 1 drivers
v0x8f65bbca0_0 .net "d", 31 0, v0x8f658a080_0;  alias, 1 drivers
v0x8f65bbd40_0 .var "q", 31 0;
v0x8f65bbde0_0 .net "reset", 0 0, v0x8f65cdd60_0;  alias, 1 drivers
v0x8f65bbe80_0 .net "wr_en", 0 0, v0x8f65966c0_0;  alias, 1 drivers
S_0x8f65bdf80 .scope module, "u_zhi" "reg32" 26 110, 23 1 0, S_0x8f6586580;
 .timescale -9 -11;
    .port_info 0 /INPUT 1 "clk";
    .port_info 1 /INPUT 1 "reset";
    .port_info 2 /INPUT 1 "wr_en";
    .port_info 3 /INPUT 32 "d";
    .port_info 4 /OUTPUT 32 "q";
v0x8f65bbf20_0 .net "clk", 0 0, v0x8f65cda40_0;  alias, 1 drivers
v0x8f65c8000_0 .net "d", 31 0, L_0x8f6d11720;  1 drivers
v0x8f65c80a0_0 .var "q", 31 0;
v0x8f65c8140_0 .net "reset", 0 0, v0x8f65cdd60_0;  alias, 1 drivers
v0x8f65c81e0_0 .net "wr_en", 0 0, v0x8f6596760_0;  alias, 1 drivers
S_0x8f65be100 .scope module, "u_zlo" "reg32" 26 111, 23 1 0, S_0x8f6586580;
 .timescale -9 -11;
    .port_info 0 /INPUT 1 "clk";
    .port_info 1 /INPUT 1 "reset";
    .port_info 2 /INPUT 1 "wr_en";
    .port_info 3 /INPUT 32 "d";
    .port_info 4 /OUTPUT 32 "q";
v0x8f65c8280_0 .net "clk", 0 0, v0x8f65cda40_0;  alias, 1 drivers
v0x8f65c8320_0 .net "d", 31 0, L_0x8f6d117c0;  1 drivers
v0x8f65c83c0_0 .var "q", 31 0;
v0x8f65c8460_0 .net "reset", 0 0, v0x8f65cdd60_0;  alias, 1 drivers
v0x8f65c8500_0 .net "wr_en", 0 0, v0x8f65968a0_0;  alias, 1 drivers
S_0x8f65be280 .scope module, "u_select_encode" "selectencode" 30 63, 27 2 0, S_0x8f6544a80;
 .timescale -9 -11;
    .port_info 0 /INPUT 32 "irIn";
    .port_info 1 /INPUT 1 "gra";
    .port_info 2 /INPUT 1 "grb";
    .port_info 3 /INPUT 1 "grc";
    .port_info 4 /INPUT 1 "selectIn";
    .port_info 5 /INPUT 1 "selectOut";
    .port_info 6 /INPUT 1 "BAout";
    .port_info 7 /OUTPUT 16 "regOut";
    .port_info 8 /OUTPUT 16 "regIn";
    .port_info 9 /OUTPUT 32 "c_sign_extended";
L_0x8f6c72c30 .functor OR 1, v0x8f65964e0_0, v0x8f6595400_0, C4<0>, C4<0>;
L_0x8f6c72d10 .functor BUFZ 32, L_0x8f7545860, C4<00000000000000000000000000000000>, C4<00000000000000000000000000000000>, C4<00000000000000000000000000000000>;
v0x8f65c9f40_0 .net "BAout", 0 0, v0x8f6595400_0;  alias, 1 drivers
v0x8f65c9fe0_0 .net *"_ivl_10", 3 0, L_0x8f6d10780;  1 drivers
L_0x8f6878910 .functor BUFT 1, C4<0000000000000001>, C4<0>, C4<0>, C4<0>;
v0x8f65ca080_0 .net/2u *"_ivl_14", 15 0, L_0x8f6878910;  1 drivers
v0x8f65ca120_0 .net *"_ivl_19", 0 0, L_0x8f6d108c0;  1 drivers
v0x8f65ca1c0_0 .net *"_ivl_20", 12 0, L_0x8f75457c0;  1 drivers
v0x8f65ca260_0 .net *"_ivl_23", 18 0, L_0x8f6d10960;  1 drivers
L_0x8f6878958 .functor BUFT 1, C4<0000000000000000>, C4<0>, C4<0>, C4<0>;
v0x8f65ca300_0 .net/2u *"_ivl_26", 15 0, L_0x8f6878958;  1 drivers
v0x8f65ca3a0_0 .net *"_ivl_30", 0 0, L_0x8f6c72c30;  1 drivers
L_0x8f68789a0 .functor BUFT 1, C4<0000000000000000>, C4<0>, C4<0>, C4<0>;
v0x8f65ca440_0 .net/2u *"_ivl_32", 15 0, L_0x8f68789a0;  1 drivers
L_0x8f68788c8 .functor BUFT 1, C4<0000>, C4<0>, C4<0>, C4<0>;
v0x8f65ca4e0_0 .net/2u *"_ivl_6", 3 0, L_0x8f68788c8;  1 drivers
v0x8f65ca580_0 .net *"_ivl_8", 3 0, L_0x8f6d106e0;  1 drivers
v0x8f65ca620_0 .net "c_sign_extended", 31 0, L_0x8f6c72d10;  alias, 1 drivers
v0x8f65ca6c0_0 .net "c_signext", 31 0, L_0x8f7545860;  1 drivers
v0x8f65ca760_0 .net "decoded", 15 0, L_0x8f7149a40;  1 drivers
v0x8f65ca800_0 .net "gra", 0 0, v0x8f6595720_0;  alias, 1 drivers
v0x8f65ca8a0_0 .net "grb", 0 0, v0x8f65957c0_0;  alias, 1 drivers
v0x8f65ca940_0 .net "grc", 0 0, v0x8f6595860_0;  alias, 1 drivers
v0x8f65ca9e0_0 .net "irIn", 31 0, v0x8f6595ae0_0;  alias, 1 drivers
v0x8f65caa80_0 .net "ra", 3 0, L_0x8f6d10500;  1 drivers
v0x8f65cab20_0 .net "rb", 3 0, L_0x8f6d105a0;  1 drivers
v0x8f65cabc0_0 .net "rc", 3 0, L_0x8f6d10640;  1 drivers
v0x8f65cac60_0 .net "regIn", 15 0, L_0x8f6d10a00;  alias, 1 drivers
v0x8f65cad00_0 .net "regOut", 15 0, L_0x8f6d10aa0;  alias, 1 drivers
v0x8f65cada0_0 .net "selectIn", 0 0, v0x8f6596440_0;  alias, 1 drivers
v0x8f65cae40_0 .net "selectOut", 0 0, v0x8f65964e0_0;  alias, 1 drivers
v0x8f65caee0_0 .net "selectedReg", 3 0, L_0x8f6d10820;  1 drivers
L_0x8f6d10500 .part v0x8f6595ae0_0, 23, 4;
L_0x8f6d105a0 .part v0x8f6595ae0_0, 19, 4;
L_0x8f6d10640 .part v0x8f6595ae0_0, 15, 4;
L_0x8f6d106e0 .functor MUXZ 4, L_0x8f68788c8, L_0x8f6d10640, v0x8f6595860_0, C4<>;
L_0x8f6d10780 .functor MUXZ 4, L_0x8f6d106e0, L_0x8f6d105a0, v0x8f65957c0_0, C4<>;
L_0x8f6d10820 .functor MUXZ 4, L_0x8f6d10780, L_0x8f6d10500, v0x8f6595720_0, C4<>;
L_0x8f7149a40 .shift/l 16, L_0x8f6878910, L_0x8f6d10820;
L_0x8f6d108c0 .part v0x8f6595ae0_0, 18, 1;
LS_0x8f75457c0_0_0 .concat [ 1 1 1 1], L_0x8f6d108c0, L_0x8f6d108c0, L_0x8f6d108c0, L_0x8f6d108c0;
LS_0x8f75457c0_0_4 .concat [ 1 1 1 1], L_0x8f6d108c0, L_0x8f6d108c0, L_0x8f6d108c0, L_0x8f6d108c0;
LS_0x8f75457c0_0_8 .concat [ 1 1 1 1], L_0x8f6d108c0, L_0x8f6d108c0, L_0x8f6d108c0, L_0x8f6d108c0;
LS_0x8f75457c0_0_12 .concat [ 1 0 0 0], L_0x8f6d108c0;
L_0x8f75457c0 .concat [ 4 4 4 1], LS_0x8f75457c0_0_0, LS_0x8f75457c0_0_4, LS_0x8f75457c0_0_8, LS_0x8f75457c0_0_12;
L_0x8f6d10960 .part v0x8f6595ae0_0, 0, 19;
L_0x8f7545860 .concat [ 19 13 0 0], L_0x8f6d10960, L_0x8f75457c0;
L_0x8f6d10a00 .functor MUXZ 16, L_0x8f6878958, L_0x8f7149a40, v0x8f6596440_0, C4<>;
L_0x8f6d10aa0 .functor MUXZ 16, L_0x8f68789a0, L_0x8f7149a40, L_0x8f6c72c30, C4<>;
    .scope S_0x8f652c480;
T_1 ;
    %wait E_0x8f7523980;
    %load/vec4 v0x8f65352c0_0;
    %flag_set/vec4 8;
    %jmp/0xz  T_1.0, 8;
    %pushi/vec4 0, 0, 32;
    %assign/vec4 v0x8f6535220_0, 0;
    %jmp T_1.1;
T_1.0 ;
    %load/vec4 v0x8f6535360_0;
    %flag_set/vec4 8;
    %jmp/0xz  T_1.2, 8;
    %load/vec4 v0x8f6535180_0;
    %assign/vec4 v0x8f6535220_0, 0;
T_1.2 ;
T_1.1 ;
    %jmp T_1;
    .thread T_1;
    .scope S_0x8f652c780;
T_2 ;
    %wait E_0x8f7523980;
    %load/vec4 v0x8f6535ae0_0;
    %flag_set/vec4 8;
    %jmp/0xz  T_2.0, 8;
    %pushi/vec4 0, 0, 32;
    %assign/vec4 v0x8f6535a40_0, 0;
    %jmp T_2.1;
T_2.0 ;
    %load/vec4 v0x8f6535b80_0;
    %flag_set/vec4 8;
    %jmp/0xz  T_2.2, 8;
    %load/vec4 v0x8f65359a0_0;
    %assign/vec4 v0x8f6535a40_0, 0;
T_2.2 ;
T_2.1 ;
    %jmp T_2;
    .thread T_2;
    .scope S_0x8f652cd80;
T_3 ;
    %wait E_0x8f7523980;
    %load/vec4 v0x8f6536300_0;
    %flag_set/vec4 8;
    %jmp/0xz  T_3.0, 8;
    %pushi/vec4 0, 0, 32;
    %assign/vec4 v0x8f6536260_0, 0;
    %jmp T_3.1;
T_3.0 ;
    %load/vec4 v0x8f65363a0_0;
    %flag_set/vec4 8;
    %jmp/0xz  T_3.2, 8;
    %load/vec4 v0x8f65361c0_0;
    %assign/vec4 v0x8f6536260_0, 0;
T_3.2 ;
T_3.1 ;
    %jmp T_3;
    .thread T_3;
    .scope S_0x8f652d080;
T_4 ;
    %wait E_0x8f7523980;
    %load/vec4 v0x8f6536620_0;
    %flag_set/vec4 8;
    %jmp/0xz  T_4.0, 8;
    %pushi/vec4 0, 0, 32;
    %assign/vec4 v0x8f6536580_0, 0;
    %jmp T_4.1;
T_4.0 ;
    %load/vec4 v0x8f65366c0_0;
    %flag_set/vec4 8;
    %jmp/0xz  T_4.2, 8;
    %load/vec4 v0x8f65364e0_0;
    %assign/vec4 v0x8f6536580_0, 0;
T_4.2 ;
T_4.1 ;
    %jmp T_4;
    .thread T_4;
    .scope S_0x8f652d380;
T_5 ;
    %wait E_0x8f7523980;
    %load/vec4 v0x8f6536940_0;
    %flag_set/vec4 8;
    %jmp/0xz  T_5.0, 8;
    %pushi/vec4 0, 0, 32;
    %assign/vec4 v0x8f65368a0_0, 0;
    %jmp T_5.1;
T_5.0 ;
    %load/vec4 v0x8f65369e0_0;
    %flag_set/vec4 8;
    %jmp/0xz  T_5.2, 8;
    %load/vec4 v0x8f6536800_0;
    %assign/vec4 v0x8f65368a0_0, 0;
T_5.2 ;
T_5.1 ;
    %jmp T_5;
    .thread T_5;
    .scope S_0x8f652d680;
T_6 ;
    %wait E_0x8f7523980;
    %load/vec4 v0x8f6536c60_0;
    %flag_set/vec4 8;
    %jmp/0xz  T_6.0, 8;
    %pushi/vec4 0, 0, 32;
    %assign/vec4 v0x8f6536bc0_0, 0;
    %jmp T_6.1;
T_6.0 ;
    %load/vec4 v0x8f6536d00_0;
    %flag_set/vec4 8;
    %jmp/0xz  T_6.2, 8;
    %load/vec4 v0x8f6536b20_0;
    %assign/vec4 v0x8f6536bc0_0, 0;
T_6.2 ;
T_6.1 ;
    %jmp T_6;
    .thread T_6;
    .scope S_0x8f652d980;
T_7 ;
    %wait E_0x8f7523980;
    %load/vec4 v0x8f6536f80_0;
    %flag_set/vec4 8;
    %jmp/0xz  T_7.0, 8;
    %pushi/vec4 0, 0, 32;
    %assign/vec4 v0x8f6536ee0_0, 0;
    %jmp T_7.1;
T_7.0 ;
    %load/vec4 v0x8f6537020_0;
    %flag_set/vec4 8;
    %jmp/0xz  T_7.2, 8;
    %load/vec4 v0x8f6536e40_0;
    %assign/vec4 v0x8f6536ee0_0, 0;
T_7.2 ;
T_7.1 ;
    %jmp T_7;
    .thread T_7;
    .scope S_0x8f652dc80;
T_8 ;
    %wait E_0x8f7523980;
    %load/vec4 v0x8f65372a0_0;
    %flag_set/vec4 8;
    %jmp/0xz  T_8.0, 8;
    %pushi/vec4 0, 0, 32;
    %assign/vec4 v0x8f6537200_0, 0;
    %jmp T_8.1;
T_8.0 ;
    %load/vec4 v0x8f6537340_0;
    %flag_set/vec4 8;
    %jmp/0xz  T_8.2, 8;
    %load/vec4 v0x8f6537160_0;
    %assign/vec4 v0x8f6537200_0, 0;
T_8.2 ;
T_8.1 ;
    %jmp T_8;
    .thread T_8;
    .scope S_0x8f652df80;
T_9 ;
    %wait E_0x8f7523980;
    %load/vec4 v0x8f65375c0_0;
    %flag_set/vec4 8;
    %jmp/0xz  T_9.0, 8;
    %pushi/vec4 0, 0, 32;
    %assign/vec4 v0x8f6537520_0, 0;
    %jmp T_9.1;
T_9.0 ;
    %load/vec4 v0x8f6537660_0;
    %flag_set/vec4 8;
    %jmp/0xz  T_9.2, 8;
    %load/vec4 v0x8f6537480_0;
    %assign/vec4 v0x8f6537520_0, 0;
T_9.2 ;
T_9.1 ;
    %jmp T_9;
    .thread T_9;
    .scope S_0x8f652e280;
T_10 ;
    %wait E_0x8f7523980;
    %load/vec4 v0x8f65378e0_0;
    %flag_set/vec4 8;
    %jmp/0xz  T_10.0, 8;
    %pushi/vec4 0, 0, 32;
    %assign/vec4 v0x8f6537840_0, 0;
    %jmp T_10.1;
T_10.0 ;
    %load/vec4 v0x8f6537980_0;
    %flag_set/vec4 8;
    %jmp/0xz  T_10.2, 8;
    %load/vec4 v0x8f65377a0_0;
    %assign/vec4 v0x8f6537840_0, 0;
T_10.2 ;
T_10.1 ;
    %jmp T_10;
    .thread T_10;
    .scope S_0x8f652e580;
T_11 ;
    %wait E_0x8f7523980;
    %load/vec4 v0x8f6537c00_0;
    %flag_set/vec4 8;
    %jmp/0xz  T_11.0, 8;
    %pushi/vec4 0, 0, 32;
    %assign/vec4 v0x8f6537b60_0, 0;
    %jmp T_11.1;
T_11.0 ;
    %load/vec4 v0x8f6537ca0_0;
    %flag_set/vec4 8;
    %jmp/0xz  T_11.2, 8;
    %load/vec4 v0x8f6537ac0_0;
    %assign/vec4 v0x8f6537b60_0, 0;
T_11.2 ;
T_11.1 ;
    %jmp T_11;
    .thread T_11;
    .scope S_0x8f652e880;
T_12 ;
    %wait E_0x8f7523980;
    %load/vec4 v0x8f6537f20_0;
    %flag_set/vec4 8;
    %jmp/0xz  T_12.0, 8;
    %pushi/vec4 0, 0, 32;
    %assign/vec4 v0x8f6537e80_0, 0;
    %jmp T_12.1;
T_12.0 ;
    %load/vec4 v0x8f6540000_0;
    %flag_set/vec4 8;
    %jmp/0xz  T_12.2, 8;
    %load/vec4 v0x8f6537de0_0;
    %assign/vec4 v0x8f6537e80_0, 0;
T_12.2 ;
T_12.1 ;
    %jmp T_12;
    .thread T_12;
    .scope S_0x8f652eb80;
T_13 ;
    %wait E_0x8f7523980;
    %load/vec4 v0x8f6540280_0;
    %flag_set/vec4 8;
    %jmp/0xz  T_13.0, 8;
    %pushi/vec4 0, 0, 32;
    %assign/vec4 v0x8f65401e0_0, 0;
    %jmp T_13.1;
T_13.0 ;
    %load/vec4 v0x8f6540320_0;
    %flag_set/vec4 8;
    %jmp/0xz  T_13.2, 8;
    %load/vec4 v0x8f6540140_0;
    %assign/vec4 v0x8f65401e0_0, 0;
T_13.2 ;
T_13.1 ;
    %jmp T_13;
    .thread T_13;
    .scope S_0x8f652ee80;
T_14 ;
    %wait E_0x8f7523980;
    %load/vec4 v0x8f65405a0_0;
    %flag_set/vec4 8;
    %jmp/0xz  T_14.0, 8;
    %pushi/vec4 0, 0, 32;
    %assign/vec4 v0x8f6540500_0, 0;
    %jmp T_14.1;
T_14.0 ;
    %load/vec4 v0x8f6540640_0;
    %flag_set/vec4 8;
    %jmp/0xz  T_14.2, 8;
    %load/vec4 v0x8f6540460_0;
    %assign/vec4 v0x8f6540500_0, 0;
T_14.2 ;
T_14.1 ;
    %jmp T_14;
    .thread T_14;
    .scope S_0x8f652f180;
T_15 ;
    %wait E_0x8f7523980;
    %load/vec4 v0x8f65408c0_0;
    %flag_set/vec4 8;
    %jmp/0xz  T_15.0, 8;
    %pushi/vec4 0, 0, 32;
    %assign/vec4 v0x8f6540820_0, 0;
    %jmp T_15.1;
T_15.0 ;
    %load/vec4 v0x8f6540960_0;
    %flag_set/vec4 8;
    %jmp/0xz  T_15.2, 8;
    %load/vec4 v0x8f6540780_0;
    %assign/vec4 v0x8f6540820_0, 0;
T_15.2 ;
T_15.1 ;
    %jmp T_15;
    .thread T_15;
    .scope S_0x8f652f480;
T_16 ;
    %wait E_0x8f7523980;
    %load/vec4 v0x8f6540be0_0;
    %flag_set/vec4 8;
    %jmp/0xz  T_16.0, 8;
    %pushi/vec4 0, 0, 32;
    %assign/vec4 v0x8f6540b40_0, 0;
    %jmp T_16.1;
T_16.0 ;
    %load/vec4 v0x8f6540c80_0;
    %flag_set/vec4 8;
    %jmp/0xz  T_16.2, 8;
    %load/vec4 v0x8f6540aa0_0;
    %assign/vec4 v0x8f6540b40_0, 0;
T_16.2 ;
T_16.1 ;
    %jmp T_16;
    .thread T_16;
    .scope S_0x8f652f780;
T_17 ;
    %wait E_0x8f7523980;
    %load/vec4 v0x8f6540f00_0;
    %flag_set/vec4 8;
    %jmp/0xz  T_17.0, 8;
    %pushi/vec4 0, 0, 32;
    %assign/vec4 v0x8f6540e60_0, 0;
    %jmp T_17.1;
T_17.0 ;
    %load/vec4 v0x8f6540fa0_0;
    %flag_set/vec4 8;
    %jmp/0xz  T_17.2, 8;
    %load/vec4 v0x8f6540dc0_0;
    %assign/vec4 v0x8f6540e60_0, 0;
T_17.2 ;
T_17.1 ;
    %jmp T_17;
    .thread T_17;
    .scope S_0x8f6544180;
T_18 ;
    %wait E_0x8f7523980;
    %load/vec4 v0x8f65421c0_0;
    %flag_set/vec4 8;
    %jmp/0xz  T_18.0, 8;
    %pushi/vec4 0, 0, 32;
    %assign/vec4 v0x8f6542120_0, 0;
    %jmp T_18.1;
T_18.0 ;
    %load/vec4 v0x8f6542260_0;
    %flag_set/vec4 8;
    %jmp/0xz  T_18.2, 8;
    %load/vec4 v0x8f6542080_0;
    %assign/vec4 v0x8f6542120_0, 0;
T_18.2 ;
T_18.1 ;
    %jmp T_18;
    .thread T_18;
    .scope S_0x8f652fa80;
T_19 ;
    %wait E_0x8f7523980;
    %load/vec4 v0x8f6541540_0;
    %flag_set/vec4 8;
    %jmp/0xz  T_19.0, 8;
    %pushi/vec4 0, 0, 32;
    %assign/vec4 v0x8f65414a0_0, 0;
    %jmp T_19.1;
T_19.0 ;
    %load/vec4 v0x8f65415e0_0;
    %flag_set/vec4 8;
    %jmp/0xz  T_19.2, 8;
    %load/vec4 v0x8f6541400_0;
    %assign/vec4 v0x8f65414a0_0, 0;
T_19.2 ;
T_19.1 ;
    %jmp T_19;
    .thread T_19;
    .scope S_0x8f6544300;
T_20 ;
    %wait E_0x8f7523980;
    %load/vec4 v0x8f65424e0_0;
    %flag_set/vec4 8;
    %jmp/0xz  T_20.0, 8;
    %pushi/vec4 0, 0, 32;
    %assign/vec4 v0x8f6542440_0, 0;
    %jmp T_20.1;
T_20.0 ;
    %load/vec4 v0x8f6542580_0;
    %flag_set/vec4 8;
    %jmp/0xz  T_20.2, 8;
    %load/vec4 v0x8f65423a0_0;
    %assign/vec4 v0x8f6542440_0, 0;
T_20.2 ;
T_20.1 ;
    %jmp T_20;
    .thread T_20;
    .scope S_0x8f652fd80;
T_21 ;
    %wait E_0x8f7523980;
    %load/vec4 v0x8f6541b80_0;
    %flag_set/vec4 8;
    %jmp/0xz  T_21.0, 8;
    %pushi/vec4 0, 0, 32;
    %assign/vec4 v0x8f6541ae0_0, 0;
    %jmp T_21.1;
T_21.0 ;
    %load/vec4 v0x8f6541c20_0;
    %flag_set/vec4 8;
    %jmp/0xz  T_21.2, 8;
    %load/vec4 v0x8f6541a40_0;
    %assign/vec4 v0x8f6541ae0_0, 0;
T_21.2 ;
T_21.1 ;
    %jmp T_21;
    .thread T_21;
    .scope S_0x8f652f900;
T_22 ;
    %wait E_0x8f7523980;
    %load/vec4 v0x8f6541220_0;
    %flag_set/vec4 8;
    %jmp/0xz  T_22.0, 8;
    %pushi/vec4 0, 0, 32;
    %assign/vec4 v0x8f6541180_0, 0;
    %jmp T_22.1;
T_22.0 ;
    %load/vec4 v0x8f65412c0_0;
    %flag_set/vec4 8;
    %jmp/0xz  T_22.2, 8;
    %load/vec4 v0x8f65410e0_0;
    %assign/vec4 v0x8f6541180_0, 0;
T_22.2 ;
T_22.1 ;
    %jmp T_22;
    .thread T_22;
    .scope S_0x8f652fc00;
T_23 ;
    %wait E_0x8f7523980;
    %load/vec4 v0x8f6541860_0;
    %flag_set/vec4 8;
    %jmp/0xz  T_23.0, 8;
    %pushi/vec4 0, 0, 32;
    %assign/vec4 v0x8f65417c0_0, 0;
    %jmp T_23.1;
T_23.0 ;
    %load/vec4 v0x8f6541900_0;
    %flag_set/vec4 8;
    %jmp/0xz  T_23.2, 8;
    %load/vec4 v0x8f6541720_0;
    %assign/vec4 v0x8f65417c0_0, 0;
T_23.2 ;
T_23.1 ;
    %jmp T_23;
    .thread T_23;
    .scope S_0x8f6544000;
T_24 ;
    %wait E_0x8f7523980;
    %load/vec4 v0x8f6541ea0_0;
    %flag_set/vec4 8;
    %jmp/0xz  T_24.0, 8;
    %pushi/vec4 0, 0, 32;
    %assign/vec4 v0x8f6541e00_0, 0;
    %jmp T_24.1;
T_24.0 ;
    %load/vec4 v0x8f6541f40_0;
    %flag_set/vec4 8;
    %jmp/0xz  T_24.2, 8;
    %load/vec4 v0x8f6541d60_0;
    %assign/vec4 v0x8f6541e00_0, 0;
T_24.2 ;
T_24.1 ;
    %jmp T_24;
    .thread T_24;
    .scope S_0x8f6544480;
T_25 ;
    %wait E_0x8f7523980;
    %load/vec4 v0x8f6542800_0;
    %flag_set/vec4 8;
    %jmp/0xz  T_25.0, 8;
    %pushi/vec4 0, 0, 32;
    %assign/vec4 v0x8f6542760_0, 0;
    %jmp T_25.1;
T_25.0 ;
    %load/vec4 v0x8f65428a0_0;
    %flag_set/vec4 8;
    %jmp/0xz  T_25.2, 8;
    %load/vec4 v0x8f65426c0_0;
    %assign/vec4 v0x8f6542760_0, 0;
T_25.2 ;
T_25.1 ;
    %jmp T_25;
    .thread T_25;
    .scope S_0x8f6544600;
T_26 ;
    %wait E_0x8f7523980;
    %load/vec4 v0x8f6542b20_0;
    %flag_set/vec4 8;
    %jmp/0xz  T_26.0, 8;
    %pushi/vec4 0, 0, 32;
    %assign/vec4 v0x8f6542a80_0, 0;
    %jmp T_26.1;
T_26.0 ;
    %load/vec4 v0x8f6542bc0_0;
    %flag_set/vec4 8;
    %jmp/0xz  T_26.2, 8;
    %load/vec4 v0x8f65429e0_0;
    %assign/vec4 v0x8f6542a80_0, 0;
T_26.2 ;
T_26.1 ;
    %jmp T_26;
    .thread T_26;
    .scope S_0x8f652c300;
T_27 ;
    %wait E_0x8f7523980;
    %load/vec4 v0x8f6535040_0;
    %flag_set/vec4 8;
    %jmp/0xz  T_27.0, 8;
    %pushi/vec4 0, 0, 1;
    %assign/vec4 v0x8f6534fa0_0, 0;
    %jmp T_27.1;
T_27.0 ;
    %load/vec4 v0x8f6534aa0_0;
    %flag_set/vec4 8;
    %jmp/0xz  T_27.2, 8;
    %load/vec4 v0x8f6534b40_0;
    %assign/vec4 v0x8f6534fa0_0, 0;
T_27.2 ;
T_27.1 ;
    %jmp T_27;
    .thread T_27;
    .scope S_0x8f652c600;
T_28 ;
    %wait E_0x8f7523980;
    %load/vec4 v0x8f6535860_0;
    %flag_set/vec4 8;
    %jmp/0xz  T_28.0, 8;
    %pushi/vec4 0, 0, 32;
    %assign/vec4 v0x8f6535720_0, 0;
    %jmp T_28.1;
T_28.0 ;
    %load/vec4 v0x8f6535680_0;
    %flag_set/vec4 8;
    %jmp/0xz  T_28.2, 8;
    %load/vec4 v0x8f65355e0_0;
    %assign/vec4 v0x8f6535720_0, 0;
T_28.2 ;
T_28.1 ;
    %jmp T_28;
    .thread T_28;
    .scope S_0x8f652c900;
T_29 ;
    %pushi/vec4 0, 0, 32;
    %store/vec4 v0x8f6535fe0_0, 0, 32;
T_29.0 ;
    %load/vec4 v0x8f6535fe0_0;
    %cmpi/s 512, 0, 32;
    %jmp/0xz T_29.1, 5;
    %pushi/vec4 0, 0, 32;
    %ix/getv/s 4, v0x8f6535fe0_0;
    %store/vec4a v0x8f6535ea0, 4, 0;
    %load/vec4 v0x8f6535fe0_0;
    %addi 1, 0, 32;
    %store/vec4 v0x8f6535fe0_0, 0, 32;
    %jmp T_29.0;
T_29.1 ;
    %vpi_call/w 25 16 "$readmemh", "currentcase.hex", v0x8f6535ea0 {0 0 0};
    %end;
    .thread T_29;
    .scope S_0x8f652c900;
T_30 ;
    %wait E_0x8f7523980;
    %load/vec4 v0x8f6536080_0;
    %flag_set/vec4 8;
    %jmp/0xz  T_30.0, 8;
    %load/vec4 v0x8f6535d60_0;
    %load/vec4 v0x8f6535c20_0;
    %pad/u 11;
    %ix/vec4 3;
    %ix/load 4, 0, 0; Constant delay
    %assign/vec4/a/d v0x8f6535ea0, 0, 4;
T_30.0 ;
    %jmp T_30;
    .thread T_30;
    .scope S_0x8f652c900;
T_31 ;
    %wait E_0x8f7523a00;
    %load/vec4 v0x8f6535f40_0;
    %flag_set/vec4 8;
    %jmp/0xz  T_31.0, 8;
    %load/vec4 v0x8f6535c20_0;
    %pad/u 11;
    %ix/vec4 4;
    %load/vec4a v0x8f6535ea0, 4;
    %assign/vec4 v0x8f6535e00_0, 0;
    %jmp T_31.1;
T_31.0 ;
    %pushi/vec4 0, 0, 32;
    %assign/vec4 v0x8f6535e00_0, 0;
T_31.1 ;
    %jmp T_31;
    .thread T_31, $push;
    .scope S_0x8f652c000;
T_32 ;
    %wait E_0x8f7523900;
    %pushi/vec4 0, 0, 5;
    %store/vec4 v0x8f6528a00_0, 0, 5;
    %load/vec4 v0x8f6528960_0;
    %parti/s 1, 0, 2;
    %flag_set/vec4 8;
    %jmp/0xz  T_32.0, 8;
    %pushi/vec4 0, 0, 5;
    %store/vec4 v0x8f6528a00_0, 0, 5;
    %jmp T_32.1;
T_32.0 ;
    %load/vec4 v0x8f6528960_0;
    %parti/s 1, 1, 2;
    %flag_set/vec4 8;
    %jmp/0xz  T_32.2, 8;
    %pushi/vec4 1, 0, 5;
    %store/vec4 v0x8f6528a00_0, 0, 5;
    %jmp T_32.3;
T_32.2 ;
    %load/vec4 v0x8f6528960_0;
    %parti/s 1, 2, 3;
    %flag_set/vec4 8;
    %jmp/0xz  T_32.4, 8;
    %pushi/vec4 2, 0, 5;
    %store/vec4 v0x8f6528a00_0, 0, 5;
    %jmp T_32.5;
T_32.4 ;
    %load/vec4 v0x8f6528960_0;
    %parti/s 1, 3, 3;
    %flag_set/vec4 8;
    %jmp/0xz  T_32.6, 8;
    %pushi/vec4 3, 0, 5;
    %store/vec4 v0x8f6528a00_0, 0, 5;
    %jmp T_32.7;
T_32.6 ;
    %load/vec4 v0x8f6528960_0;
    %parti/s 1, 4, 4;
    %flag_set/vec4 8;
    %jmp/0xz  T_32.8, 8;
    %pushi/vec4 4, 0, 5;
    %store/vec4 v0x8f6528a00_0, 0, 5;
    %jmp T_32.9;
T_32.8 ;
    %load/vec4 v0x8f6528960_0;
    %parti/s 1, 5, 4;
    %flag_set/vec4 8;
    %jmp/0xz  T_32.10, 8;
    %pushi/vec4 5, 0, 5;
    %store/vec4 v0x8f6528a00_0, 0, 5;
    %jmp T_32.11;
T_32.10 ;
    %load/vec4 v0x8f6528960_0;
    %parti/s 1, 6, 4;
    %flag_set/vec4 8;
    %jmp/0xz  T_32.12, 8;
    %pushi/vec4 6, 0, 5;
    %store/vec4 v0x8f6528a00_0, 0, 5;
    %jmp T_32.13;
T_32.12 ;
    %load/vec4 v0x8f6528960_0;
    %parti/s 1, 7, 4;
    %flag_set/vec4 8;
    %jmp/0xz  T_32.14, 8;
    %pushi/vec4 7, 0, 5;
    %store/vec4 v0x8f6528a00_0, 0, 5;
    %jmp T_32.15;
T_32.14 ;
    %load/vec4 v0x8f6528960_0;
    %parti/s 1, 8, 5;
    %flag_set/vec4 8;
    %jmp/0xz  T_32.16, 8;
    %pushi/vec4 8, 0, 5;
    %store/vec4 v0x8f6528a00_0, 0, 5;
    %jmp T_32.17;
T_32.16 ;
    %load/vec4 v0x8f6528960_0;
    %parti/s 1, 9, 5;
    %flag_set/vec4 8;
    %jmp/0xz  T_32.18, 8;
    %pushi/vec4 9, 0, 5;
    %store/vec4 v0x8f6528a00_0, 0, 5;
    %jmp T_32.19;
T_32.18 ;
    %load/vec4 v0x8f6528960_0;
    %parti/s 1, 10, 5;
    %flag_set/vec4 8;
    %jmp/0xz  T_32.20, 8;
    %pushi/vec4 10, 0, 5;
    %store/vec4 v0x8f6528a00_0, 0, 5;
    %jmp T_32.21;
T_32.20 ;
    %load/vec4 v0x8f6528960_0;
    %parti/s 1, 11, 5;
    %flag_set/vec4 8;
    %jmp/0xz  T_32.22, 8;
    %pushi/vec4 11, 0, 5;
    %store/vec4 v0x8f6528a00_0, 0, 5;
    %jmp T_32.23;
T_32.22 ;
    %load/vec4 v0x8f6528960_0;
    %parti/s 1, 12, 5;
    %flag_set/vec4 8;
    %jmp/0xz  T_32.24, 8;
    %pushi/vec4 12, 0, 5;
    %store/vec4 v0x8f6528a00_0, 0, 5;
    %jmp T_32.25;
T_32.24 ;
    %load/vec4 v0x8f6528960_0;
    %parti/s 1, 13, 5;
    %flag_set/vec4 8;
    %jmp/0xz  T_32.26, 8;
    %pushi/vec4 13, 0, 5;
    %store/vec4 v0x8f6528a00_0, 0, 5;
    %jmp T_32.27;
T_32.26 ;
    %load/vec4 v0x8f6528960_0;
    %parti/s 1, 14, 5;
    %flag_set/vec4 8;
    %jmp/0xz  T_32.28, 8;
    %pushi/vec4 14, 0, 5;
    %store/vec4 v0x8f6528a00_0, 0, 5;
    %jmp T_32.29;
T_32.28 ;
    %load/vec4 v0x8f6528960_0;
    %parti/s 1, 15, 5;
    %flag_set/vec4 8;
    %jmp/0xz  T_32.30, 8;
    %pushi/vec4 15, 0, 5;
    %store/vec4 v0x8f6528a00_0, 0, 5;
    %jmp T_32.31;
T_32.30 ;
    %load/vec4 v0x8f6528960_0;
    %parti/s 1, 16, 6;
    %flag_set/vec4 8;
    %jmp/0xz  T_32.32, 8;
    %pushi/vec4 16, 0, 5;
    %store/vec4 v0x8f6528a00_0, 0, 5;
    %jmp T_32.33;
T_32.32 ;
    %load/vec4 v0x8f6528960_0;
    %parti/s 1, 17, 6;
    %flag_set/vec4 8;
    %jmp/0xz  T_32.34, 8;
    %pushi/vec4 17, 0, 5;
    %store/vec4 v0x8f6528a00_0, 0, 5;
    %jmp T_32.35;
T_32.34 ;
    %load/vec4 v0x8f6528960_0;
    %parti/s 1, 18, 6;
    %flag_set/vec4 8;
    %jmp/0xz  T_32.36, 8;
    %pushi/vec4 18, 0, 5;
    %store/vec4 v0x8f6528a00_0, 0, 5;
    %jmp T_32.37;
T_32.36 ;
    %load/vec4 v0x8f6528960_0;
    %parti/s 1, 19, 6;
    %flag_set/vec4 8;
    %jmp/0xz  T_32.38, 8;
    %pushi/vec4 19, 0, 5;
    %store/vec4 v0x8f6528a00_0, 0, 5;
    %jmp T_32.39;
T_32.38 ;
    %load/vec4 v0x8f6528960_0;
    %parti/s 1, 20, 6;
    %flag_set/vec4 8;
    %jmp/0xz  T_32.40, 8;
    %pushi/vec4 20, 0, 5;
    %store/vec4 v0x8f6528a00_0, 0, 5;
    %jmp T_32.41;
T_32.40 ;
    %load/vec4 v0x8f6528960_0;
    %parti/s 1, 21, 6;
    %flag_set/vec4 8;
    %jmp/0xz  T_32.42, 8;
    %pushi/vec4 21, 0, 5;
    %store/vec4 v0x8f6528a00_0, 0, 5;
    %jmp T_32.43;
T_32.42 ;
    %load/vec4 v0x8f6528960_0;
    %parti/s 1, 22, 6;
    %flag_set/vec4 8;
    %jmp/0xz  T_32.44, 8;
    %pushi/vec4 22, 0, 5;
    %store/vec4 v0x8f6528a00_0, 0, 5;
    %jmp T_32.45;
T_32.44 ;
    %load/vec4 v0x8f6528960_0;
    %parti/s 1, 23, 6;
    %flag_set/vec4 8;
    %jmp/0xz  T_32.46, 8;
    %pushi/vec4 23, 0, 5;
    %store/vec4 v0x8f6528a00_0, 0, 5;
    %jmp T_32.47;
T_32.46 ;
    %pushi/vec4 0, 0, 5;
    %store/vec4 v0x8f6528a00_0, 0, 5;
T_32.47 ;
T_32.45 ;
T_32.43 ;
T_32.41 ;
T_32.39 ;
T_32.37 ;
T_32.35 ;
T_32.33 ;
T_32.31 ;
T_32.29 ;
T_32.27 ;
T_32.25 ;
T_32.23 ;
T_32.21 ;
T_32.19 ;
T_32.17 ;
T_32.15 ;
T_32.13 ;
T_32.11 ;
T_32.9 ;
T_32.7 ;
T_32.5 ;
T_32.3 ;
T_32.1 ;
    %jmp T_32;
    .thread T_32, $push;
    .scope S_0x8f652c180;
T_33 ;
    %wait E_0x8f7523940;
    %load/vec4 v0x8f6529fe0_0;
    %dup/vec4;
    %pushi/vec4 0, 0, 5;
    %cmp/u;
    %jmp/1 T_33.0, 6;
    %dup/vec4;
    %pushi/vec4 1, 0, 5;
    %cmp/u;
    %jmp/1 T_33.1, 6;
    %dup/vec4;
    %pushi/vec4 2, 0, 5;
    %cmp/u;
    %jmp/1 T_33.2, 6;
    %dup/vec4;
    %pushi/vec4 3, 0, 5;
    %cmp/u;
    %jmp/1 T_33.3, 6;
    %dup/vec4;
    %pushi/vec4 4, 0, 5;
    %cmp/u;
    %jmp/1 T_33.4, 6;
    %dup/vec4;
    %pushi/vec4 5, 0, 5;
    %cmp/u;
    %jmp/1 T_33.5, 6;
    %dup/vec4;
    %pushi/vec4 6, 0, 5;
    %cmp/u;
    %jmp/1 T_33.6, 6;
    %dup/vec4;
    %pushi/vec4 7, 0, 5;
    %cmp/u;
    %jmp/1 T_33.7, 6;
    %dup/vec4;
    %pushi/vec4 8, 0, 5;
    %cmp/u;
    %jmp/1 T_33.8, 6;
    %dup/vec4;
    %pushi/vec4 9, 0, 5;
    %cmp/u;
    %jmp/1 T_33.9, 6;
    %dup/vec4;
    %pushi/vec4 10, 0, 5;
    %cmp/u;
    %jmp/1 T_33.10, 6;
    %dup/vec4;
    %pushi/vec4 11, 0, 5;
    %cmp/u;
    %jmp/1 T_33.11, 6;
    %dup/vec4;
    %pushi/vec4 12, 0, 5;
    %cmp/u;
    %jmp/1 T_33.12, 6;
    %dup/vec4;
    %pushi/vec4 13, 0, 5;
    %cmp/u;
    %jmp/1 T_33.13, 6;
    %dup/vec4;
    %pushi/vec4 14, 0, 5;
    %cmp/u;
    %jmp/1 T_33.14, 6;
    %dup/vec4;
    %pushi/vec4 15, 0, 5;
    %cmp/u;
    %jmp/1 T_33.15, 6;
    %dup/vec4;
    %pushi/vec4 16, 0, 5;
    %cmp/u;
    %jmp/1 T_33.16, 6;
    %dup/vec4;
    %pushi/vec4 17, 0, 5;
    %cmp/u;
    %jmp/1 T_33.17, 6;
    %dup/vec4;
    %pushi/vec4 18, 0, 5;
    %cmp/u;
    %jmp/1 T_33.18, 6;
    %dup/vec4;
    %pushi/vec4 19, 0, 5;
    %cmp/u;
    %jmp/1 T_33.19, 6;
    %dup/vec4;
    %pushi/vec4 20, 0, 5;
    %cmp/u;
    %jmp/1 T_33.20, 6;
    %dup/vec4;
    %pushi/vec4 21, 0, 5;
    %cmp/u;
    %jmp/1 T_33.21, 6;
    %dup/vec4;
    %pushi/vec4 22, 0, 5;
    %cmp/u;
    %jmp/1 T_33.22, 6;
    %dup/vec4;
    %pushi/vec4 23, 0, 5;
    %cmp/u;
    %jmp/1 T_33.23, 6;
    %dup/vec4;
    %pushi/vec4 24, 0, 5;
    %cmp/u;
    %jmp/1 T_33.24, 6;
    %dup/vec4;
    %pushi/vec4 25, 0, 5;
    %cmp/u;
    %jmp/1 T_33.25, 6;
    %dup/vec4;
    %pushi/vec4 26, 0, 5;
    %cmp/u;
    %jmp/1 T_33.26, 6;
    %dup/vec4;
    %pushi/vec4 27, 0, 5;
    %cmp/u;
    %jmp/1 T_33.27, 6;
    %dup/vec4;
    %pushi/vec4 28, 0, 5;
    %cmp/u;
    %jmp/1 T_33.28, 6;
    %dup/vec4;
    %pushi/vec4 29, 0, 5;
    %cmp/u;
    %jmp/1 T_33.29, 6;
    %dup/vec4;
    %pushi/vec4 30, 0, 5;
    %cmp/u;
    %jmp/1 T_33.30, 6;
    %dup/vec4;
    %pushi/vec4 31, 0, 5;
    %cmp/u;
    %jmp/1 T_33.31, 6;
    %pushi/vec4 0, 0, 32;
    %store/vec4 v0x8f6529f40_0, 0, 32;
    %jmp T_33.33;
T_33.0 ;
    %load/vec4 v0x8f6528b40_0;
    %store/vec4 v0x8f6529f40_0, 0, 32;
    %jmp T_33.33;
T_33.1 ;
    %load/vec4 v0x8f6528be0_0;
    %store/vec4 v0x8f6529f40_0, 0, 32;
    %jmp T_33.33;
T_33.2 ;
    %load/vec4 v0x8f65292c0_0;
    %store/vec4 v0x8f6529f40_0, 0, 32;
    %jmp T_33.33;
T_33.3 ;
    %load/vec4 v0x8f65299a0_0;
    %store/vec4 v0x8f6529f40_0, 0, 32;
    %jmp T_33.33;
T_33.4 ;
    %load/vec4 v0x8f6529b80_0;
    %store/vec4 v0x8f6529f40_0, 0, 32;
    %jmp T_33.33;
T_33.5 ;
    %load/vec4 v0x8f6529c20_0;
    %store/vec4 v0x8f6529f40_0, 0, 32;
    %jmp T_33.33;
T_33.6 ;
    %load/vec4 v0x8f6529cc0_0;
    %store/vec4 v0x8f6529f40_0, 0, 32;
    %jmp T_33.33;
T_33.7 ;
    %load/vec4 v0x8f6529d60_0;
    %store/vec4 v0x8f6529f40_0, 0, 32;
    %jmp T_33.33;
T_33.8 ;
    %load/vec4 v0x8f6529e00_0;
    %store/vec4 v0x8f6529f40_0, 0, 32;
    %jmp T_33.33;
T_33.9 ;
    %load/vec4 v0x8f6529ea0_0;
    %store/vec4 v0x8f6529f40_0, 0, 32;
    %jmp T_33.33;
T_33.10 ;
    %load/vec4 v0x8f6528c80_0;
    %store/vec4 v0x8f6529f40_0, 0, 32;
    %jmp T_33.33;
T_33.11 ;
    %load/vec4 v0x8f6528d20_0;
    %store/vec4 v0x8f6529f40_0, 0, 32;
    %jmp T_33.33;
T_33.12 ;
    %load/vec4 v0x8f6528dc0_0;
    %store/vec4 v0x8f6529f40_0, 0, 32;
    %jmp T_33.33;
T_33.13 ;
    %load/vec4 v0x8f6528e60_0;
    %store/vec4 v0x8f6529f40_0, 0, 32;
    %jmp T_33.33;
T_33.14 ;
    %load/vec4 v0x8f6528f00_0;
    %store/vec4 v0x8f6529f40_0, 0, 32;
    %jmp T_33.33;
T_33.15 ;
    %load/vec4 v0x8f6528fa0_0;
    %store/vec4 v0x8f6529f40_0, 0, 32;
    %jmp T_33.33;
T_33.16 ;
    %load/vec4 v0x8f6529040_0;
    %store/vec4 v0x8f6529f40_0, 0, 32;
    %jmp T_33.33;
T_33.17 ;
    %load/vec4 v0x8f65290e0_0;
    %store/vec4 v0x8f6529f40_0, 0, 32;
    %jmp T_33.33;
T_33.18 ;
    %load/vec4 v0x8f6529180_0;
    %store/vec4 v0x8f6529f40_0, 0, 32;
    %jmp T_33.33;
T_33.19 ;
    %load/vec4 v0x8f6529220_0;
    %store/vec4 v0x8f6529f40_0, 0, 32;
    %jmp T_33.33;
T_33.20 ;
    %load/vec4 v0x8f6529360_0;
    %store/vec4 v0x8f6529f40_0, 0, 32;
    %jmp T_33.33;
T_33.21 ;
    %load/vec4 v0x8f6529400_0;
    %store/vec4 v0x8f6529f40_0, 0, 32;
    %jmp T_33.33;
T_33.22 ;
    %load/vec4 v0x8f65294a0_0;
    %store/vec4 v0x8f6529f40_0, 0, 32;
    %jmp T_33.33;
T_33.23 ;
    %load/vec4 v0x8f6529540_0;
    %store/vec4 v0x8f6529f40_0, 0, 32;
    %jmp T_33.33;
T_33.24 ;
    %load/vec4 v0x8f65295e0_0;
    %store/vec4 v0x8f6529f40_0, 0, 32;
    %jmp T_33.33;
T_33.25 ;
    %load/vec4 v0x8f6529680_0;
    %store/vec4 v0x8f6529f40_0, 0, 32;
    %jmp T_33.33;
T_33.26 ;
    %load/vec4 v0x8f6529720_0;
    %store/vec4 v0x8f6529f40_0, 0, 32;
    %jmp T_33.33;
T_33.27 ;
    %load/vec4 v0x8f65297c0_0;
    %store/vec4 v0x8f6529f40_0, 0, 32;
    %jmp T_33.33;
T_33.28 ;
    %load/vec4 v0x8f6529860_0;
    %store/vec4 v0x8f6529f40_0, 0, 32;
    %jmp T_33.33;
T_33.29 ;
    %load/vec4 v0x8f6529900_0;
    %store/vec4 v0x8f6529f40_0, 0, 32;
    %jmp T_33.33;
T_33.30 ;
    %load/vec4 v0x8f6529a40_0;
    %store/vec4 v0x8f6529f40_0, 0, 32;
    %jmp T_33.33;
T_33.31 ;
    %load/vec4 v0x8f6529ae0_0;
    %store/vec4 v0x8f6529f40_0, 0, 32;
    %jmp T_33.33;
T_33.33 ;
    %pop/vec4 1;
    %jmp T_33;
    .thread T_33, $push;
    .scope S_0x104dc62e0;
T_34 ;
    %wait E_0x8f7520f80;
    %pushi/vec4 0, 0, 1;
    %ix/load 4, 0, 0;
    %flag_set/imm 4, 0;
    %store/vec4 v0x8f6cfc820_0, 4, 1;
    %pushi/vec4 0, 0, 32;
    %store/vec4 v0x8f6cfc8c0_0, 0, 32;
T_34.0 ;
    %load/vec4 v0x8f6cfc8c0_0;
    %cmpi/s 32, 0, 32;
    %jmp/0xz T_34.1, 5;
    %load/vec4 v0x8f6cfc6e0_0;
    %load/vec4 v0x8f6cfc8c0_0;
    %part/s 1;
    %load/vec4 v0x8f6cfc780_0;
    %load/vec4 v0x8f6cfc8c0_0;
    %part/s 1;
    %xor;
    %load/vec4 v0x8f6cfc820_0;
    %load/vec4 v0x8f6cfc8c0_0;
    %part/s 1;
    %xor;
    %ix/getv/s 4, v0x8f6cfc8c0_0;
    %store/vec4 v0x8f6cfc960_0, 4, 1;
    %load/vec4 v0x8f6cfc6e0_0;
    %load/vec4 v0x8f6cfc8c0_0;
    %part/s 1;
    %load/vec4 v0x8f6cfc780_0;
    %load/vec4 v0x8f6cfc8c0_0;
    %part/s 1;
    %and;
    %load/vec4 v0x8f6cfc820_0;
    %load/vec4 v0x8f6cfc8c0_0;
    %part/s 1;
    %load/vec4 v0x8f6cfc6e0_0;
    %load/vec4 v0x8f6cfc8c0_0;
    %part/s 1;
    %load/vec4 v0x8f6cfc780_0;
    %load/vec4 v0x8f6cfc8c0_0;
    %part/s 1;
    %or;
    %and;
    %or;
    %load/vec4 v0x8f6cfc8c0_0;
    %addi 1, 0, 32;
    %ix/vec4/s 4;
    %store/vec4 v0x8f6cfc820_0, 4, 1;
    %load/vec4 v0x8f6cfc8c0_0;
    %addi 1, 0, 32;
    %store/vec4 v0x8f6cfc8c0_0, 0, 32;
    %jmp T_34.0;
T_34.1 ;
    %jmp T_34;
    .thread T_34, $push;
    .scope S_0x8f651fc00;
T_35 ;
    %wait E_0x8f75238c0;
    %load/vec4 v0x8f65275c0_0;
    %inv;
    %addi 1, 0, 32;
    %store/vec4 v0x8f65277a0_0, 0, 32;
    %pushi/vec4 0, 0, 33;
    %store/vec4 v0x8f6527660_0, 0, 33;
    %pushi/vec4 0, 0, 32;
    %store/vec4 v0x8f6527840_0, 0, 32;
T_35.0 ;
    %load/vec4 v0x8f6527840_0;
    %cmpi/s 32, 0, 32;
    %jmp/0xz T_35.1, 5;
    %load/vec4 v0x8f6527520_0;
    %load/vec4 v0x8f6527840_0;
    %part/s 1;
    %load/vec4 v0x8f65277a0_0;
    %load/vec4 v0x8f6527840_0;
    %part/s 1;
    %xor;
    %load/vec4 v0x8f6527660_0;
    %load/vec4 v0x8f6527840_0;
    %part/s 1;
    %xor;
    %ix/getv/s 4, v0x8f6527840_0;
    %store/vec4 v0x8f6527700_0, 4, 1;
    %load/vec4 v0x8f6527520_0;
    %load/vec4 v0x8f6527840_0;
    %part/s 1;
    %load/vec4 v0x8f65277a0_0;
    %load/vec4 v0x8f6527840_0;
    %part/s 1;
    %and;
    %load/vec4 v0x8f6527660_0;
    %load/vec4 v0x8f6527840_0;
    %part/s 1;
    %load/vec4 v0x8f6527520_0;
    %load/vec4 v0x8f6527840_0;
    %part/s 1;
    %load/vec4 v0x8f65277a0_0;
    %load/vec4 v0x8f6527840_0;
    %part/s 1;
    %or;
    %and;
    %or;
    %load/vec4 v0x8f6527840_0;
    %addi 1, 0, 32;
    %ix/vec4/s 4;
    %store/vec4 v0x8f6527660_0, 4, 1;
    %load/vec4 v0x8f6527840_0;
    %addi 1, 0, 32;
    %store/vec4 v0x8f6527840_0, 0, 32;
    %jmp T_35.0;
T_35.1 ;
    %jmp T_35;
    .thread T_35, $push;
    .scope S_0x8f64f6a00;
T_36 ;
    %wait E_0x8f7521800;
    %load/vec4 v0x8f64fd040_0;
    %parti/s 1, 1, 2;
    %load/vec4 v0x8f64fd040_0;
    %parti/s 1, 0, 2;
    %concat/vec4; draw_concat_vec4
    %concati/vec4 0, 0, 1;
    %ix/load 4, 0, 0;
    %flag_set/imm 4, 0;
    %store/vec4a v0x8f64fd0e0, 4, 0;
    %pushi/vec4 1, 0, 32;
    %store/vec4 v0x8f64fd2c0_0, 0, 32;
T_36.0 ;
    %load/vec4 v0x8f64fd2c0_0;
    %cmpi/s 16, 0, 32;
    %jmp/0xz T_36.1, 5;
    %load/vec4 v0x8f64fd040_0;
    %load/vec4 v0x8f64fd2c0_0;
    %muli 2, 0, 32;
    %addi 1, 0, 32;
    %part/s 1;
    %load/vec4 v0x8f64fd040_0;
    %load/vec4 v0x8f64fd2c0_0;
    %muli 2, 0, 32;
    %part/s 1;
    %concat/vec4; draw_concat_vec4
    %load/vec4 v0x8f64fd040_0;
    %load/vec4 v0x8f64fd2c0_0;
    %muli 2, 0, 32;
    %subi 1, 0, 32;
    %part/s 1;
    %concat/vec4; draw_concat_vec4
    %ix/getv/s 4, v0x8f64fd2c0_0;
    %store/vec4a v0x8f64fd0e0, 4, 0;
    %load/vec4 v0x8f64fd2c0_0;
    %addi 1, 0, 32;
    %store/vec4 v0x8f64fd2c0_0, 0, 32;
    %jmp T_36.0;
T_36.1 ;
    %pushi/vec4 0, 0, 32;
    %store/vec4 v0x8f64fd2c0_0, 0, 32;
T_36.2 ;
    %load/vec4 v0x8f64fd2c0_0;
    %cmpi/s 16, 0, 32;
    %jmp/0xz T_36.3, 5;
    %ix/getv/s 4, v0x8f64fd2c0_0;
    %load/vec4a v0x8f64fd0e0, 4;
    %dup/vec4;
    %pushi/vec4 1, 0, 3;
    %cmp/u;
    %jmp/1 T_36.4, 6;
    %dup/vec4;
    %pushi/vec4 2, 0, 3;
    %cmp/u;
    %jmp/1 T_36.5, 6;
    %dup/vec4;
    %pushi/vec4 3, 0, 3;
    %cmp/u;
    %jmp/1 T_36.6, 6;
    %dup/vec4;
    %pushi/vec4 4, 0, 3;
    %cmp/u;
    %jmp/1 T_36.7, 6;
    %dup/vec4;
    %pushi/vec4 5, 0, 3;
    %cmp/u;
    %jmp/1 T_36.8, 6;
    %dup/vec4;
    %pushi/vec4 6, 0, 3;
    %cmp/u;
    %jmp/1 T_36.9, 6;
    %pushi/vec4 0, 0, 33;
    %ix/getv/s 4, v0x8f64fd2c0_0;
    %store/vec4a v0x8f64fd360, 4, 0;
    %jmp T_36.11;
T_36.4 ;
    %load/vec4 v0x8f64fcfa0_0;
    %parti/s 1, 31, 6;
    %load/vec4 v0x8f64fcfa0_0;
    %concat/vec4; draw_concat_vec4
    %ix/getv/s 4, v0x8f64fd2c0_0;
    %store/vec4a v0x8f64fd360, 4, 0;
    %jmp T_36.11;
T_36.5 ;
    %load/vec4 v0x8f64fcfa0_0;
    %parti/s 1, 31, 6;
    %load/vec4 v0x8f64fcfa0_0;
    %concat/vec4; draw_concat_vec4
    %ix/getv/s 4, v0x8f64fd2c0_0;
    %store/vec4a v0x8f64fd360, 4, 0;
    %jmp T_36.11;
T_36.6 ;
    %load/vec4 v0x8f64fcfa0_0;
    %concati/vec4 0, 0, 1;
    %ix/getv/s 4, v0x8f64fd2c0_0;
    %store/vec4a v0x8f64fd360, 4, 0;
    %jmp T_36.11;
T_36.7 ;
    %load/vec4 v0x8f64fd220_0;
    %parti/s 32, 0, 2;
    %concati/vec4 0, 0, 1;
    %ix/getv/s 4, v0x8f64fd2c0_0;
    %store/vec4a v0x8f64fd360, 4, 0;
    %jmp T_36.11;
T_36.8 ;
    %load/vec4 v0x8f64fd220_0;
    %ix/getv/s 4, v0x8f64fd2c0_0;
    %store/vec4a v0x8f64fd360, 4, 0;
    %jmp T_36.11;
T_36.9 ;
    %load/vec4 v0x8f64fd220_0;
    %ix/getv/s 4, v0x8f64fd2c0_0;
    %store/vec4a v0x8f64fd360, 4, 0;
    %jmp T_36.11;
T_36.11 ;
    %pop/vec4 1;
    %ix/getv/s 4, v0x8f64fd2c0_0;
    %load/vec4a v0x8f64fd360, 4;
    %pad/s 64;
    %ix/getv/s 4, v0x8f64fd2c0_0;
    %store/vec4a v0x8f64fd4a0, 4, 0;
    %pushi/vec4 0, 0, 32;
    %store/vec4 v0x8f64fd180_0, 0, 32;
T_36.12 ;
    %load/vec4 v0x8f64fd180_0;
    %load/vec4 v0x8f64fd2c0_0;
    %cmp/s;
    %jmp/0xz T_36.13, 5;
    %ix/getv/s 4, v0x8f64fd2c0_0;
    %load/vec4a v0x8f64fd4a0, 4;
    %concati/vec4 0, 0, 2;
    %pad/u 64;
    %ix/getv/s 4, v0x8f64fd2c0_0;
    %store/vec4a v0x8f64fd4a0, 4, 0;
    %load/vec4 v0x8f64fd180_0;
    %addi 1, 0, 32;
    %store/vec4 v0x8f64fd180_0, 0, 32;
    %jmp T_36.12;
T_36.13 ;
    %load/vec4 v0x8f64fd2c0_0;
    %addi 1, 0, 32;
    %store/vec4 v0x8f64fd2c0_0, 0, 32;
    %jmp T_36.2;
T_36.3 ;
    %ix/load 4, 0, 0;
    %flag_set/imm 4, 0;
    %load/vec4a v0x8f64fd4a0, 4;
    %store/vec4 v0x8f64fd400_0, 0, 64;
    %pushi/vec4 1, 0, 32;
    %store/vec4 v0x8f64fd2c0_0, 0, 32;
T_36.14 ;
    %load/vec4 v0x8f64fd2c0_0;
    %cmpi/s 16, 0, 32;
    %jmp/0xz T_36.15, 5;
    %load/vec4 v0x8f64fd400_0;
    %ix/getv/s 4, v0x8f64fd2c0_0;
    %load/vec4a v0x8f64fd4a0, 4;
    %add;
    %store/vec4 v0x8f64fd400_0, 0, 64;
    %load/vec4 v0x8f64fd2c0_0;
    %addi 1, 0, 32;
    %store/vec4 v0x8f64fd2c0_0, 0, 32;
    %jmp T_36.14;
T_36.15 ;
    %jmp T_36;
    .thread T_36, $push;
    .scope S_0x8f64f6880;
T_37 ;
    %wait E_0x8f75217c0;
    %pushi/vec4 0, 0, 32;
    %store/vec4 v0x8f64fc820_0, 0, 32;
    %load/vec4 v0x8f64fca00_0;
    %store/vec4 v0x8f64fc960_0, 0, 32;
    %load/vec4 v0x8f64fcaa0_0;
    %store/vec4 v0x8f64fc8c0_0, 0, 32;
    %pushi/vec4 0, 0, 32;
    %store/vec4 v0x8f64fcb40_0, 0, 32;
T_37.0 ;
    %load/vec4 v0x8f64fcb40_0;
    %cmpi/s 32, 0, 32;
    %jmp/0xz T_37.1, 5;
    %load/vec4 v0x8f64fc820_0;
    %load/vec4 v0x8f64fc960_0;
    %concat/vec4; draw_concat_vec4
    %ix/load 4, 1, 0;
    %flag_set/imm 4, 0;
    %shiftl 4;
    %split/vec4 32;
    %store/vec4 v0x8f64fc960_0, 0, 32;
    %store/vec4 v0x8f64fc820_0, 0, 32;
    %load/vec4 v0x8f64fc820_0;
    %load/vec4 v0x8f64fc8c0_0;
    %sub;
    %store/vec4 v0x8f64fc820_0, 0, 32;
    %load/vec4 v0x8f64fc820_0;
    %parti/s 1, 31, 6;
    %flag_set/vec4 8;
    %jmp/0xz  T_37.2, 8;
    %pushi/vec4 0, 0, 1;
    %ix/load 4, 0, 0;
    %flag_set/imm 4, 0;
    %store/vec4 v0x8f64fc960_0, 4, 1;
    %load/vec4 v0x8f64fc820_0;
    %load/vec4 v0x8f64fc8c0_0;
    %add;
    %store/vec4 v0x8f64fc820_0, 0, 32;
    %jmp T_37.3;
T_37.2 ;
    %pushi/vec4 1, 0, 1;
    %ix/load 4, 0, 0;
    %flag_set/imm 4, 0;
    %store/vec4 v0x8f64fc960_0, 4, 1;
T_37.3 ;
    %load/vec4 v0x8f64fcb40_0;
    %addi 1, 0, 32;
    %store/vec4 v0x8f64fcb40_0, 0, 32;
    %jmp T_37.0;
T_37.1 ;
    %load/vec4 v0x8f64fc820_0;
    %load/vec4 v0x8f64fc960_0;
    %concat/vec4; draw_concat_vec4
    %store/vec4 v0x8f64fcbe0_0, 0, 64;
    %jmp T_37;
    .thread T_37, $push;
    .scope S_0x8f651f900;
T_38 ;
    %wait E_0x8f7523880;
    %pushi/vec4 0, 0, 32;
    %store/vec4 v0x8f65272a0_0, 0, 32;
T_38.0 ;
    %load/vec4 v0x8f65272a0_0;
    %cmpi/s 32, 0, 32;
    %jmp/0xz T_38.1, 5;
    %load/vec4 v0x8f65272a0_0;
    %load/vec4 v0x8f6527160_0;
    %pad/u 32;
    %add;
    %cmpi/u 32, 0, 32;
    %jmp/0xz  T_38.2, 5;
    %load/vec4 v0x8f65270c0_0;
    %load/vec4 v0x8f65272a0_0;
    %load/vec4 v0x8f6527160_0;
    %pad/u 32;
    %add;
    %part/u 1;
    %ix/getv/s 4, v0x8f65272a0_0;
    %store/vec4 v0x8f6527200_0, 4, 1;
    %jmp T_38.3;
T_38.2 ;
    %pushi/vec4 0, 0, 1;
    %ix/getv/s 4, v0x8f65272a0_0;
    %store/vec4 v0x8f6527200_0, 4, 1;
T_38.3 ;
    %load/vec4 v0x8f65272a0_0;
    %addi 1, 0, 32;
    %store/vec4 v0x8f65272a0_0, 0, 32;
    %jmp T_38.0;
T_38.1 ;
    %jmp T_38;
    .thread T_38, $push;
    .scope S_0x8f651f780;
T_39 ;
    %wait E_0x8f7523840;
    %pushi/vec4 0, 0, 32;
    %store/vec4 v0x8f6527020_0, 0, 32;
T_39.0 ;
    %load/vec4 v0x8f6527020_0;
    %cmpi/s 32, 0, 32;
    %jmp/0xz T_39.1, 5;
    %load/vec4 v0x8f6526ee0_0;
    %pad/u 32;
    %load/vec4 v0x8f6527020_0;
    %cmp/u;
    %flag_or 5, 4;
    %jmp/0xz  T_39.2, 5;
    %load/vec4 v0x8f6526e40_0;
    %load/vec4 v0x8f6527020_0;
    %load/vec4 v0x8f6526ee0_0;
    %pad/u 32;
    %sub;
    %part/u 1;
    %ix/getv/s 4, v0x8f6527020_0;
    %store/vec4 v0x8f6526f80_0, 4, 1;
    %jmp T_39.3;
T_39.2 ;
    %pushi/vec4 0, 0, 1;
    %ix/getv/s 4, v0x8f6527020_0;
    %store/vec4 v0x8f6526f80_0, 4, 1;
T_39.3 ;
    %load/vec4 v0x8f6527020_0;
    %addi 1, 0, 32;
    %store/vec4 v0x8f6527020_0, 0, 32;
    %jmp T_39.0;
T_39.1 ;
    %jmp T_39;
    .thread T_39, $push;
    .scope S_0x104db3e30;
T_40 ;
    %wait E_0x8f7520f40;
    %load/vec4 v0x8f6527f20_0;
    %dup/vec4;
    %pushi/vec4 0, 0, 5;
    %cmp/u;
    %jmp/1 T_40.0, 6;
    %dup/vec4;
    %pushi/vec4 1, 0, 5;
    %cmp/u;
    %jmp/1 T_40.1, 6;
    %dup/vec4;
    %pushi/vec4 13, 0, 5;
    %cmp/u;
    %jmp/1 T_40.2, 6;
    %dup/vec4;
    %pushi/vec4 12, 0, 5;
    %cmp/u;
    %jmp/1 T_40.3, 6;
    %dup/vec4;
    %pushi/vec4 2, 0, 5;
    %cmp/u;
    %jmp/1 T_40.4, 6;
    %dup/vec4;
    %pushi/vec4 3, 0, 5;
    %cmp/u;
    %jmp/1 T_40.5, 6;
    %dup/vec4;
    %pushi/vec4 4, 0, 5;
    %cmp/u;
    %jmp/1 T_40.6, 6;
    %dup/vec4;
    %pushi/vec4 5, 0, 5;
    %cmp/u;
    %jmp/1 T_40.7, 6;
    %dup/vec4;
    %pushi/vec4 6, 0, 5;
    %cmp/u;
    %jmp/1 T_40.8, 6;
    %dup/vec4;
    %pushi/vec4 7, 0, 5;
    %cmp/u;
    %jmp/1 T_40.9, 6;
    %dup/vec4;
    %pushi/vec4 8, 0, 5;
    %cmp/u;
    %jmp/1 T_40.10, 6;
    %dup/vec4;
    %pushi/vec4 14, 0, 5;
    %cmp/u;
    %jmp/1 T_40.11, 6;
    %dup/vec4;
    %pushi/vec4 15, 0, 5;
    %cmp/u;
    %jmp/1 T_40.12, 6;
    %dup/vec4;
    %pushi/vec4 16, 0, 5;
    %cmp/u;
    %jmp/1 T_40.13, 6;
    %pushi/vec4 0, 0, 64;
    %store/vec4 v0x8f6527a20_0, 0, 64;
    %jmp T_40.15;
T_40.0 ;
    %pushi/vec4 0, 0, 32;
    %load/vec4 v0x8f6527ac0_0;
    %concat/vec4; draw_concat_vec4
    %store/vec4 v0x8f6527a20_0, 0, 64;
    %jmp T_40.15;
T_40.1 ;
    %pushi/vec4 0, 0, 32;
    %load/vec4 v0x8f65283c0_0;
    %concat/vec4; draw_concat_vec4
    %store/vec4 v0x8f6527a20_0, 0, 64;
    %jmp T_40.15;
T_40.2 ;
    %load/vec4 v0x8f6527d40_0;
    %store/vec4 v0x8f6527a20_0, 0, 64;
    %jmp T_40.15;
T_40.3 ;
    %load/vec4 v0x8f6527c00_0;
    %store/vec4 v0x8f6527a20_0, 0, 64;
    %jmp T_40.15;
T_40.4 ;
    %pushi/vec4 0, 0, 32;
    %load/vec4 v0x8f6527b60_0;
    %concat/vec4; draw_concat_vec4
    %store/vec4 v0x8f6527a20_0, 0, 64;
    %jmp T_40.15;
T_40.5 ;
    %pushi/vec4 0, 0, 32;
    %load/vec4 v0x8f6528000_0;
    %concat/vec4; draw_concat_vec4
    %store/vec4 v0x8f6527a20_0, 0, 64;
    %jmp T_40.15;
T_40.6 ;
    %pushi/vec4 0, 0, 32;
    %load/vec4 v0x8f6528280_0;
    %concat/vec4; draw_concat_vec4
    %store/vec4 v0x8f6527a20_0, 0, 64;
    %jmp T_40.15;
T_40.7 ;
    %pushi/vec4 0, 0, 32;
    %load/vec4 v0x8f6528320_0;
    %concat/vec4; draw_concat_vec4
    %store/vec4 v0x8f6527a20_0, 0, 64;
    %jmp T_40.15;
T_40.8 ;
    %pushi/vec4 0, 0, 32;
    %load/vec4 v0x8f65281e0_0;
    %concat/vec4; draw_concat_vec4
    %store/vec4 v0x8f6527a20_0, 0, 64;
    %jmp T_40.15;
T_40.9 ;
    %pushi/vec4 0, 0, 32;
    %load/vec4 v0x8f6528140_0;
    %concat/vec4; draw_concat_vec4
    %store/vec4 v0x8f6527a20_0, 0, 64;
    %jmp T_40.15;
T_40.10 ;
    %pushi/vec4 0, 0, 32;
    %load/vec4 v0x8f65280a0_0;
    %concat/vec4; draw_concat_vec4
    %store/vec4 v0x8f6527a20_0, 0, 64;
    %jmp T_40.15;
T_40.11 ;
    %pushi/vec4 0, 0, 32;
    %load/vec4 v0x8f6527de0_0;
    %concat/vec4; draw_concat_vec4
    %store/vec4 v0x8f6527a20_0, 0, 64;
    %jmp T_40.15;
T_40.12 ;
    %pushi/vec4 0, 0, 32;
    %load/vec4 v0x8f6527e80_0;
    %concat/vec4; draw_concat_vec4
    %store/vec4 v0x8f6527a20_0, 0, 64;
    %jmp T_40.15;
T_40.13 ;
    %pushi/vec4 0, 0, 32;
    %load/vec4 v0x8f6527ca0_0;
    %concat/vec4; draw_concat_vec4
    %store/vec4 v0x8f6527a20_0, 0, 64;
    %jmp T_40.15;
T_40.15 ;
    %pop/vec4 1;
    %jmp T_40;
    .thread T_40, $push;
    .scope S_0x8f6544900;
T_41 ;
    %wait E_0x8f7523e00;
    %load/vec4 v0x8f654c140_0;
    %flag_set/vec4 8;
    %jmp/0xz  T_41.0, 8;
    %pushi/vec4 0, 0, 32;
    %assign/vec4 v0x8f654c0a0_0, 0;
    %jmp T_41.1;
T_41.0 ;
    %load/vec4 v0x8f654c1e0_0;
    %flag_set/vec4 8;
    %jmp/0xz  T_41.2, 8;
    %load/vec4 v0x8f654c000_0;
    %assign/vec4 v0x8f654c0a0_0, 0;
T_41.2 ;
T_41.1 ;
    %jmp T_41;
    .thread T_41;
    .scope S_0x8f6585c80;
T_42 ;
    %pushi/vec4 0, 0, 6;
    %store/vec4 v0x8f6596260_0, 0, 6;
    %end;
    .thread T_42, $init;
    .scope S_0x8f6585c80;
T_43 ;
    %wait E_0x8f7530100;
    %load/vec4 v0x8f65963a0_0;
    %flag_set/vec4 8;
    %jmp/0xz  T_43.0, 8;
    %pushi/vec4 0, 0, 32;
    %assign/vec4 v0x8f6595ae0_0, 0;
    %jmp T_43.1;
T_43.0 ;
    %load/vec4 v0x8f6596260_0;
    %cmpi/e 3, 0, 6;
    %jmp/0xz  T_43.2, 4;
    %load/vec4 v0x8f6595f40_0;
    %assign/vec4 v0x8f6595ae0_0, 0;
T_43.2 ;
T_43.1 ;
    %jmp T_43;
    .thread T_43;
    .scope S_0x8f6585c80;
T_44 ;
    %wait E_0x8f7530140;
    %load/vec4 v0x8f6596260_0;
    %store/vec4 v0x8f6595fe0_0, 0, 6;
    %load/vec4 v0x8f6596260_0;
    %dup/vec4;
    %pushi/vec4 0, 0, 6;
    %cmp/u;
    %jmp/1 T_44.0, 6;
    %dup/vec4;
    %pushi/vec4 1, 0, 6;
    %cmp/u;
    %jmp/1 T_44.1, 6;
    %dup/vec4;
    %pushi/vec4 2, 0, 6;
    %cmp/u;
    %jmp/1 T_44.2, 6;
    %dup/vec4;
    %pushi/vec4 3, 0, 6;
    %cmp/u;
    %jmp/1 T_44.3, 6;
    %dup/vec4;
    %pushi/vec4 4, 0, 6;
    %cmp/u;
    %jmp/1 T_44.4, 6;
    %dup/vec4;
    %pushi/vec4 5, 0, 6;
    %cmp/u;
    %jmp/1 T_44.5, 6;
    %dup/vec4;
    %pushi/vec4 6, 0, 6;
    %cmp/u;
    %jmp/1 T_44.6, 6;
    %dup/vec4;
    %pushi/vec4 7, 0, 6;
    %cmp/u;
    %jmp/1 T_44.7, 6;
    %dup/vec4;
    %pushi/vec4 8, 0, 6;
    %cmp/u;
    %jmp/1 T_44.8, 6;
    %dup/vec4;
    %pushi/vec4 9, 0, 6;
    %cmp/u;
    %jmp/1 T_44.9, 6;
    %dup/vec4;
    %pushi/vec4 10, 0, 6;
    %cmp/u;
    %jmp/1 T_44.10, 6;
    %dup/vec4;
    %pushi/vec4 11, 0, 6;
    %cmp/u;
    %jmp/1 T_44.11, 6;
    %dup/vec4;
    %pushi/vec4 12, 0, 6;
    %cmp/u;
    %jmp/1 T_44.12, 6;
    %dup/vec4;
    %pushi/vec4 13, 0, 6;
    %cmp/u;
    %jmp/1 T_44.13, 6;
    %dup/vec4;
    %pushi/vec4 14, 0, 6;
    %cmp/u;
    %jmp/1 T_44.14, 6;
    %dup/vec4;
    %pushi/vec4 15, 0, 6;
    %cmp/u;
    %jmp/1 T_44.15, 6;
    %dup/vec4;
    %pushi/vec4 16, 0, 6;
    %cmp/u;
    %jmp/1 T_44.16, 6;
    %dup/vec4;
    %pushi/vec4 17, 0, 6;
    %cmp/u;
    %jmp/1 T_44.17, 6;
    %dup/vec4;
    %pushi/vec4 18, 0, 6;
    %cmp/u;
    %jmp/1 T_44.18, 6;
    %dup/vec4;
    %pushi/vec4 19, 0, 6;
    %cmp/u;
    %jmp/1 T_44.19, 6;
    %dup/vec4;
    %pushi/vec4 20, 0, 6;
    %cmp/u;
    %jmp/1 T_44.20, 6;
    %dup/vec4;
    %pushi/vec4 21, 0, 6;
    %cmp/u;
    %jmp/1 T_44.21, 6;
    %dup/vec4;
    %pushi/vec4 22, 0, 6;
    %cmp/u;
    %jmp/1 T_44.22, 6;
    %dup/vec4;
    %pushi/vec4 23, 0, 6;
    %cmp/u;
    %jmp/1 T_44.23, 6;
    %dup/vec4;
    %pushi/vec4 24, 0, 6;
    %cmp/u;
    %jmp/1 T_44.24, 6;
    %dup/vec4;
    %pushi/vec4 25, 0, 6;
    %cmp/u;
    %jmp/1 T_44.25, 6;
    %dup/vec4;
    %pushi/vec4 26, 0, 6;
    %cmp/u;
    %jmp/1 T_44.26, 6;
    %dup/vec4;
    %pushi/vec4 27, 0, 6;
    %cmp/u;
    %jmp/1 T_44.27, 6;
    %dup/vec4;
    %pushi/vec4 28, 0, 6;
    %cmp/u;
    %jmp/1 T_44.28, 6;
    %dup/vec4;
    %pushi/vec4 29, 0, 6;
    %cmp/u;
    %jmp/1 T_44.29, 6;
    %dup/vec4;
    %pushi/vec4 30, 0, 6;
    %cmp/u;
    %jmp/1 T_44.30, 6;
    %dup/vec4;
    %pushi/vec4 31, 0, 6;
    %cmp/u;
    %jmp/1 T_44.31, 6;
    %dup/vec4;
    %pushi/vec4 32, 0, 6;
    %cmp/u;
    %jmp/1 T_44.32, 6;
    %dup/vec4;
    %pushi/vec4 33, 0, 6;
    %cmp/u;
    %jmp/1 T_44.33, 6;
    %dup/vec4;
    %pushi/vec4 34, 0, 6;
    %cmp/u;
    %jmp/1 T_44.34, 6;
    %dup/vec4;
    %pushi/vec4 35, 0, 6;
    %cmp/u;
    %jmp/1 T_44.35, 6;
    %dup/vec4;
    %pushi/vec4 36, 0, 6;
    %cmp/u;
    %jmp/1 T_44.36, 6;
    %dup/vec4;
    %pushi/vec4 37, 0, 6;
    %cmp/u;
    %jmp/1 T_44.37, 6;
    %dup/vec4;
    %pushi/vec4 38, 0, 6;
    %cmp/u;
    %jmp/1 T_44.38, 6;
    %dup/vec4;
    %pushi/vec4 39, 0, 6;
    %cmp/u;
    %jmp/1 T_44.39, 6;
    %dup/vec4;
    %pushi/vec4 40, 0, 6;
    %cmp/u;
    %jmp/1 T_44.40, 6;
    %dup/vec4;
    %pushi/vec4 41, 0, 6;
    %cmp/u;
    %jmp/1 T_44.41, 6;
    %dup/vec4;
    %pushi/vec4 42, 0, 6;
    %cmp/u;
    %jmp/1 T_44.42, 6;
    %dup/vec4;
    %pushi/vec4 43, 0, 6;
    %cmp/u;
    %jmp/1 T_44.43, 6;
    %dup/vec4;
    %pushi/vec4 44, 0, 6;
    %cmp/u;
    %jmp/1 T_44.44, 6;
    %pushi/vec4 1, 0, 6;
    %store/vec4 v0x8f6595fe0_0, 0, 6;
    %jmp T_44.46;
T_44.0 ;
    %pushi/vec4 1, 0, 6;
    %store/vec4 v0x8f6595fe0_0, 0, 6;
    %jmp T_44.46;
T_44.1 ;
    %pushi/vec4 2, 0, 6;
    %store/vec4 v0x8f6595fe0_0, 0, 6;
    %jmp T_44.46;
T_44.2 ;
    %pushi/vec4 3, 0, 6;
    %store/vec4 v0x8f6595fe0_0, 0, 6;
    %jmp T_44.46;
T_44.3 ;
    %load/vec4 v0x8f6595f40_0;
    %parti/s 5, 27, 6;
    %dup/vec4;
    %pushi/vec4 0, 0, 5;
    %cmp/u;
    %jmp/1 T_44.47, 6;
    %dup/vec4;
    %pushi/vec4 1, 0, 5;
    %cmp/u;
    %jmp/1 T_44.48, 6;
    %dup/vec4;
    %pushi/vec4 2, 0, 5;
    %cmp/u;
    %jmp/1 T_44.49, 6;
    %dup/vec4;
    %pushi/vec4 3, 0, 5;
    %cmp/u;
    %jmp/1 T_44.50, 6;
    %dup/vec4;
    %pushi/vec4 4, 0, 5;
    %cmp/u;
    %jmp/1 T_44.51, 6;
    %dup/vec4;
    %pushi/vec4 5, 0, 5;
    %cmp/u;
    %jmp/1 T_44.52, 6;
    %dup/vec4;
    %pushi/vec4 6, 0, 5;
    %cmp/u;
    %jmp/1 T_44.53, 6;
    %dup/vec4;
    %pushi/vec4 7, 0, 5;
    %cmp/u;
    %jmp/1 T_44.54, 6;
    %dup/vec4;
    %pushi/vec4 8, 0, 5;
    %cmp/u;
    %jmp/1 T_44.55, 6;
    %dup/vec4;
    %pushi/vec4 9, 0, 5;
    %cmp/u;
    %jmp/1 T_44.56, 6;
    %dup/vec4;
    %pushi/vec4 10, 0, 5;
    %cmp/u;
    %jmp/1 T_44.57, 6;
    %dup/vec4;
    %pushi/vec4 11, 0, 5;
    %cmp/u;
    %jmp/1 T_44.58, 6;
    %dup/vec4;
    %pushi/vec4 12, 0, 5;
    %cmp/u;
    %jmp/1 T_44.59, 6;
    %dup/vec4;
    %pushi/vec4 13, 0, 5;
    %cmp/u;
    %jmp/1 T_44.60, 6;
    %dup/vec4;
    %pushi/vec4 14, 0, 5;
    %cmp/u;
    %jmp/1 T_44.61, 6;
    %dup/vec4;
    %pushi/vec4 15, 0, 5;
    %cmp/u;
    %jmp/1 T_44.62, 6;
    %dup/vec4;
    %pushi/vec4 16, 0, 5;
    %cmp/u;
    %jmp/1 T_44.63, 6;
    %dup/vec4;
    %pushi/vec4 17, 0, 5;
    %cmp/u;
    %jmp/1 T_44.64, 6;
    %dup/vec4;
    %pushi/vec4 18, 0, 5;
    %cmp/u;
    %jmp/1 T_44.65, 6;
    %dup/vec4;
    %pushi/vec4 19, 0, 5;
    %cmp/u;
    %jmp/1 T_44.66, 6;
    %dup/vec4;
    %pushi/vec4 20, 0, 5;
    %cmp/u;
    %jmp/1 T_44.67, 6;
    %dup/vec4;
    %pushi/vec4 21, 0, 5;
    %cmp/u;
    %jmp/1 T_44.68, 6;
    %dup/vec4;
    %pushi/vec4 22, 0, 5;
    %cmp/u;
    %jmp/1 T_44.69, 6;
    %dup/vec4;
    %pushi/vec4 23, 0, 5;
    %cmp/u;
    %jmp/1 T_44.70, 6;
    %dup/vec4;
    %pushi/vec4 24, 0, 5;
    %cmp/u;
    %jmp/1 T_44.71, 6;
    %dup/vec4;
    %pushi/vec4 25, 0, 5;
    %cmp/u;
    %jmp/1 T_44.72, 6;
    %dup/vec4;
    %pushi/vec4 26, 0, 5;
    %cmp/u;
    %jmp/1 T_44.73, 6;
    %dup/vec4;
    %pushi/vec4 27, 0, 5;
    %cmp/u;
    %jmp/1 T_44.74, 6;
    %pushi/vec4 1, 0, 6;
    %store/vec4 v0x8f6595fe0_0, 0, 6;
    %jmp T_44.76;
T_44.47 ;
    %pushi/vec4 4, 0, 6;
    %store/vec4 v0x8f6595fe0_0, 0, 6;
    %jmp T_44.76;
T_44.48 ;
    %pushi/vec4 4, 0, 6;
    %store/vec4 v0x8f6595fe0_0, 0, 6;
    %jmp T_44.76;
T_44.49 ;
    %pushi/vec4 4, 0, 6;
    %store/vec4 v0x8f6595fe0_0, 0, 6;
    %jmp T_44.76;
T_44.50 ;
    %pushi/vec4 4, 0, 6;
    %store/vec4 v0x8f6595fe0_0, 0, 6;
    %jmp T_44.76;
T_44.51 ;
    %pushi/vec4 4, 0, 6;
    %store/vec4 v0x8f6595fe0_0, 0, 6;
    %jmp T_44.76;
T_44.52 ;
    %pushi/vec4 4, 0, 6;
    %store/vec4 v0x8f6595fe0_0, 0, 6;
    %jmp T_44.76;
T_44.53 ;
    %pushi/vec4 4, 0, 6;
    %store/vec4 v0x8f6595fe0_0, 0, 6;
    %jmp T_44.76;
T_44.54 ;
    %pushi/vec4 4, 0, 6;
    %store/vec4 v0x8f6595fe0_0, 0, 6;
    %jmp T_44.76;
T_44.55 ;
    %pushi/vec4 4, 0, 6;
    %store/vec4 v0x8f6595fe0_0, 0, 6;
    %jmp T_44.76;
T_44.56 ;
    %pushi/vec4 7, 0, 6;
    %store/vec4 v0x8f6595fe0_0, 0, 6;
    %jmp T_44.76;
T_44.57 ;
    %pushi/vec4 7, 0, 6;
    %store/vec4 v0x8f6595fe0_0, 0, 6;
    %jmp T_44.76;
T_44.58 ;
    %pushi/vec4 7, 0, 6;
    %store/vec4 v0x8f6595fe0_0, 0, 6;
    %jmp T_44.76;
T_44.59 ;
    %pushi/vec4 12, 0, 6;
    %store/vec4 v0x8f6595fe0_0, 0, 6;
    %jmp T_44.76;
T_44.60 ;
    %pushi/vec4 10, 0, 6;
    %store/vec4 v0x8f6595fe0_0, 0, 6;
    %jmp T_44.76;
T_44.61 ;
    %pushi/vec4 14, 0, 6;
    %store/vec4 v0x8f6595fe0_0, 0, 6;
    %jmp T_44.76;
T_44.62 ;
    %pushi/vec4 17, 0, 6;
    %store/vec4 v0x8f6595fe0_0, 0, 6;
    %jmp T_44.76;
T_44.63 ;
    %pushi/vec4 20, 0, 6;
    %store/vec4 v0x8f6595fe0_0, 0, 6;
    %jmp T_44.76;
T_44.64 ;
    %pushi/vec4 25, 0, 6;
    %store/vec4 v0x8f6595fe0_0, 0, 6;
    %jmp T_44.76;
T_44.65 ;
    %pushi/vec4 28, 0, 6;
    %store/vec4 v0x8f6595fe0_0, 0, 6;
    %jmp T_44.76;
T_44.66 ;
    %pushi/vec4 33, 0, 6;
    %store/vec4 v0x8f6595fe0_0, 0, 6;
    %jmp T_44.76;
T_44.67 ;
    %pushi/vec4 35, 0, 6;
    %store/vec4 v0x8f6595fe0_0, 0, 6;
    %jmp T_44.76;
T_44.68 ;
    %pushi/vec4 36, 0, 6;
    %store/vec4 v0x8f6595fe0_0, 0, 6;
    %jmp T_44.76;
T_44.69 ;
    %pushi/vec4 40, 0, 6;
    %store/vec4 v0x8f6595fe0_0, 0, 6;
    %jmp T_44.76;
T_44.70 ;
    %pushi/vec4 41, 0, 6;
    %store/vec4 v0x8f6595fe0_0, 0, 6;
    %jmp T_44.76;
T_44.71 ;
    %pushi/vec4 42, 0, 6;
    %store/vec4 v0x8f6595fe0_0, 0, 6;
    %jmp T_44.76;
T_44.72 ;
    %pushi/vec4 43, 0, 6;
    %store/vec4 v0x8f6595fe0_0, 0, 6;
    %jmp T_44.76;
T_44.73 ;
    %pushi/vec4 1, 0, 6;
    %store/vec4 v0x8f6595fe0_0, 0, 6;
    %jmp T_44.76;
T_44.74 ;
    %pushi/vec4 44, 0, 6;
    %store/vec4 v0x8f6595fe0_0, 0, 6;
    %jmp T_44.76;
T_44.76 ;
    %pop/vec4 1;
    %jmp T_44.46;
T_44.4 ;
    %pushi/vec4 5, 0, 6;
    %store/vec4 v0x8f6595fe0_0, 0, 6;
    %jmp T_44.46;
T_44.5 ;
    %pushi/vec4 6, 0, 6;
    %store/vec4 v0x8f6595fe0_0, 0, 6;
    %jmp T_44.46;
T_44.6 ;
    %pushi/vec4 1, 0, 6;
    %store/vec4 v0x8f6595fe0_0, 0, 6;
    %jmp T_44.46;
T_44.7 ;
    %pushi/vec4 8, 0, 6;
    %store/vec4 v0x8f6595fe0_0, 0, 6;
    %jmp T_44.46;
T_44.8 ;
    %pushi/vec4 9, 0, 6;
    %store/vec4 v0x8f6595fe0_0, 0, 6;
    %jmp T_44.46;
T_44.9 ;
    %pushi/vec4 1, 0, 6;
    %store/vec4 v0x8f6595fe0_0, 0, 6;
    %jmp T_44.46;
T_44.10 ;
    %pushi/vec4 11, 0, 6;
    %store/vec4 v0x8f6595fe0_0, 0, 6;
    %jmp T_44.46;
T_44.11 ;
    %pushi/vec4 1, 0, 6;
    %store/vec4 v0x8f6595fe0_0, 0, 6;
    %jmp T_44.46;
T_44.12 ;
    %pushi/vec4 13, 0, 6;
    %store/vec4 v0x8f6595fe0_0, 0, 6;
    %jmp T_44.46;
T_44.13 ;
    %pushi/vec4 1, 0, 6;
    %store/vec4 v0x8f6595fe0_0, 0, 6;
    %jmp T_44.46;
T_44.14 ;
    %pushi/vec4 15, 0, 6;
    %store/vec4 v0x8f6595fe0_0, 0, 6;
    %jmp T_44.46;
T_44.15 ;
    %pushi/vec4 16, 0, 6;
    %store/vec4 v0x8f6595fe0_0, 0, 6;
    %jmp T_44.46;
T_44.16 ;
    %pushi/vec4 1, 0, 6;
    %store/vec4 v0x8f6595fe0_0, 0, 6;
    %jmp T_44.46;
T_44.17 ;
    %pushi/vec4 18, 0, 6;
    %store/vec4 v0x8f6595fe0_0, 0, 6;
    %jmp T_44.46;
T_44.18 ;
    %pushi/vec4 19, 0, 6;
    %store/vec4 v0x8f6595fe0_0, 0, 6;
    %jmp T_44.46;
T_44.19 ;
    %pushi/vec4 1, 0, 6;
    %store/vec4 v0x8f6595fe0_0, 0, 6;
    %jmp T_44.46;
T_44.20 ;
    %pushi/vec4 21, 0, 6;
    %store/vec4 v0x8f6595fe0_0, 0, 6;
    %jmp T_44.46;
T_44.21 ;
    %pushi/vec4 22, 0, 6;
    %store/vec4 v0x8f6595fe0_0, 0, 6;
    %jmp T_44.46;
T_44.22 ;
    %pushi/vec4 23, 0, 6;
    %store/vec4 v0x8f6595fe0_0, 0, 6;
    %jmp T_44.46;
T_44.23 ;
    %pushi/vec4 24, 0, 6;
    %store/vec4 v0x8f6595fe0_0, 0, 6;
    %jmp T_44.46;
T_44.24 ;
    %pushi/vec4 1, 0, 6;
    %store/vec4 v0x8f6595fe0_0, 0, 6;
    %jmp T_44.46;
T_44.25 ;
    %pushi/vec4 26, 0, 6;
    %store/vec4 v0x8f6595fe0_0, 0, 6;
    %jmp T_44.46;
T_44.26 ;
    %pushi/vec4 27, 0, 6;
    %store/vec4 v0x8f6595fe0_0, 0, 6;
    %jmp T_44.46;
T_44.27 ;
    %pushi/vec4 1, 0, 6;
    %store/vec4 v0x8f6595fe0_0, 0, 6;
    %jmp T_44.46;
T_44.28 ;
    %pushi/vec4 29, 0, 6;
    %store/vec4 v0x8f6595fe0_0, 0, 6;
    %jmp T_44.46;
T_44.29 ;
    %pushi/vec4 30, 0, 6;
    %store/vec4 v0x8f6595fe0_0, 0, 6;
    %jmp T_44.46;
T_44.30 ;
    %pushi/vec4 31, 0, 6;
    %store/vec4 v0x8f6595fe0_0, 0, 6;
    %jmp T_44.46;
T_44.31 ;
    %pushi/vec4 32, 0, 6;
    %store/vec4 v0x8f6595fe0_0, 0, 6;
    %jmp T_44.46;
T_44.32 ;
    %pushi/vec4 1, 0, 6;
    %store/vec4 v0x8f6595fe0_0, 0, 6;
    %jmp T_44.46;
T_44.33 ;
    %pushi/vec4 34, 0, 6;
    %store/vec4 v0x8f6595fe0_0, 0, 6;
    %jmp T_44.46;
T_44.34 ;
    %pushi/vec4 1, 0, 6;
    %store/vec4 v0x8f6595fe0_0, 0, 6;
    %jmp T_44.46;
T_44.35 ;
    %pushi/vec4 1, 0, 6;
    %store/vec4 v0x8f6595fe0_0, 0, 6;
    %jmp T_44.46;
T_44.36 ;
    %pushi/vec4 37, 0, 6;
    %store/vec4 v0x8f6595fe0_0, 0, 6;
    %jmp T_44.46;
T_44.37 ;
    %pushi/vec4 38, 0, 6;
    %store/vec4 v0x8f6595fe0_0, 0, 6;
    %jmp T_44.46;
T_44.38 ;
    %pushi/vec4 39, 0, 6;
    %store/vec4 v0x8f6595fe0_0, 0, 6;
    %jmp T_44.46;
T_44.39 ;
    %pushi/vec4 1, 0, 6;
    %store/vec4 v0x8f6595fe0_0, 0, 6;
    %jmp T_44.46;
T_44.40 ;
    %pushi/vec4 1, 0, 6;
    %store/vec4 v0x8f6595fe0_0, 0, 6;
    %jmp T_44.46;
T_44.41 ;
    %pushi/vec4 1, 0, 6;
    %store/vec4 v0x8f6595fe0_0, 0, 6;
    %jmp T_44.46;
T_44.42 ;
    %pushi/vec4 1, 0, 6;
    %store/vec4 v0x8f6595fe0_0, 0, 6;
    %jmp T_44.46;
T_44.43 ;
    %pushi/vec4 1, 0, 6;
    %store/vec4 v0x8f6595fe0_0, 0, 6;
    %jmp T_44.46;
T_44.44 ;
    %pushi/vec4 44, 0, 6;
    %store/vec4 v0x8f6595fe0_0, 0, 6;
    %jmp T_44.46;
T_44.46 ;
    %pop/vec4 1;
    %jmp T_44;
    .thread T_44, $push;
    .scope S_0x8f6585c80;
T_45 ;
    %wait E_0x8f7530100;
    %load/vec4 v0x8f65963a0_0;
    %cmpi/e 1, 0, 1;
    %jmp/0xz  T_45.0, 4;
    %pushi/vec4 0, 0, 6;
    %assign/vec4 v0x8f6596260_0, 0;
    %jmp T_45.1;
T_45.0 ;
    %load/vec4 v0x8f6595fe0_0;
    %assign/vec4 v0x8f6596260_0, 0;
T_45.1 ;
    %jmp T_45;
    .thread T_45;
    .scope S_0x8f6585c80;
T_46 ;
    %wait E_0x8f75300c0;
    %pushi/vec4 0, 0, 1;
    %store/vec4 v0x8f6595720_0, 0, 1;
    %pushi/vec4 0, 0, 1;
    %store/vec4 v0x8f65957c0_0, 0, 1;
    %pushi/vec4 0, 0, 1;
    %store/vec4 v0x8f6595860_0, 0, 1;
    %pushi/vec4 0, 0, 1;
    %store/vec4 v0x8f6596440_0, 0, 1;
    %pushi/vec4 0, 0, 1;
    %store/vec4 v0x8f65964e0_0, 0, 1;
    %pushi/vec4 0, 0, 1;
    %store/vec4 v0x8f6595400_0, 0, 1;
    %pushi/vec4 0, 0, 1;
    %store/vec4 v0x8f6596120_0, 0, 1;
    %pushi/vec4 0, 0, 1;
    %store/vec4 v0x8f6595b80_0, 0, 1;
    %pushi/vec4 0, 0, 1;
    %store/vec4 v0x8f65966c0_0, 0, 1;
    %pushi/vec4 0, 0, 1;
    %store/vec4 v0x8f6595d60_0, 0, 1;
    %pushi/vec4 0, 0, 1;
    %store/vec4 v0x8f6595900_0, 0, 1;
    %pushi/vec4 0, 0, 1;
    %store/vec4 v0x8f6595c20_0, 0, 1;
    %pushi/vec4 0, 0, 1;
    %store/vec4 v0x8f6596760_0, 0, 1;
    %pushi/vec4 0, 0, 1;
    %store/vec4 v0x8f65968a0_0, 0, 1;
    %pushi/vec4 0, 0, 1;
    %store/vec4 v0x8f65959a0_0, 0, 1;
    %pushi/vec4 0, 0, 1;
    %store/vec4 v0x8f6595cc0_0, 0, 1;
    %pushi/vec4 0, 0, 1;
    %store/vec4 v0x8f65961c0_0, 0, 1;
    %pushi/vec4 0, 0, 1;
    %store/vec4 v0x8f6596800_0, 0, 1;
    %pushi/vec4 0, 0, 1;
    %store/vec4 v0x8f6596940_0, 0, 1;
    %pushi/vec4 0, 0, 5;
    %store/vec4 v0x8f6595360_0, 0, 5;
    %pushi/vec4 0, 0, 1;
    %store/vec4 v0x8f6595e00_0, 0, 1;
    %pushi/vec4 0, 0, 1;
    %store/vec4 v0x8f6595ea0_0, 0, 1;
    %pushi/vec4 0, 0, 1;
    %store/vec4 v0x8f6596300_0, 0, 1;
    %pushi/vec4 0, 0, 1;
    %store/vec4 v0x8f6596620_0, 0, 1;
    %pushi/vec4 0, 0, 1;
    %store/vec4 v0x8f6595a40_0, 0, 1;
    %pushi/vec4 0, 0, 1;
    %store/vec4 v0x8f65954a0_0, 0, 1;
    %pushi/vec4 0, 0, 1;
    %store/vec4 v0x8f6596080_0, 0, 1;
    %pushi/vec4 0, 0, 1;
    %store/vec4 v0x8f6595680_0, 0, 1;
    %load/vec4 v0x8f65963a0_0;
    %nor/r;
    %flag_set/vec4 8;
    %jmp/0xz  T_46.0, 8;
    %load/vec4 v0x8f6596260_0;
    %dup/vec4;
    %pushi/vec4 1, 0, 6;
    %cmp/u;
    %jmp/1 T_46.2, 6;
    %dup/vec4;
    %pushi/vec4 2, 0, 6;
    %cmp/u;
    %jmp/1 T_46.3, 6;
    %dup/vec4;
    %pushi/vec4 3, 0, 6;
    %cmp/u;
    %jmp/1 T_46.4, 6;
    %dup/vec4;
    %pushi/vec4 4, 0, 6;
    %cmp/u;
    %jmp/1 T_46.5, 6;
    %dup/vec4;
    %pushi/vec4 5, 0, 6;
    %cmp/u;
    %jmp/1 T_46.6, 6;
    %dup/vec4;
    %pushi/vec4 6, 0, 6;
    %cmp/u;
    %jmp/1 T_46.7, 6;
    %dup/vec4;
    %pushi/vec4 7, 0, 6;
    %cmp/u;
    %jmp/1 T_46.8, 6;
    %dup/vec4;
    %pushi/vec4 8, 0, 6;
    %cmp/u;
    %jmp/1 T_46.9, 6;
    %dup/vec4;
    %pushi/vec4 9, 0, 6;
    %cmp/u;
    %jmp/1 T_46.10, 6;
    %dup/vec4;
    %pushi/vec4 10, 0, 6;
    %cmp/u;
    %jmp/1 T_46.11, 6;
    %dup/vec4;
    %pushi/vec4 11, 0, 6;
    %cmp/u;
    %jmp/1 T_46.12, 6;
    %dup/vec4;
    %pushi/vec4 12, 0, 6;
    %cmp/u;
    %jmp/1 T_46.13, 6;
    %dup/vec4;
    %pushi/vec4 13, 0, 6;
    %cmp/u;
    %jmp/1 T_46.14, 6;
    %dup/vec4;
    %pushi/vec4 14, 0, 6;
    %cmp/u;
    %jmp/1 T_46.15, 6;
    %dup/vec4;
    %pushi/vec4 15, 0, 6;
    %cmp/u;
    %jmp/1 T_46.16, 6;
    %dup/vec4;
    %pushi/vec4 16, 0, 6;
    %cmp/u;
    %jmp/1 T_46.17, 6;
    %dup/vec4;
    %pushi/vec4 17, 0, 6;
    %cmp/u;
    %jmp/1 T_46.18, 6;
    %dup/vec4;
    %pushi/vec4 18, 0, 6;
    %cmp/u;
    %jmp/1 T_46.19, 6;
    %dup/vec4;
    %pushi/vec4 19, 0, 6;
    %cmp/u;
    %jmp/1 T_46.20, 6;
    %dup/vec4;
    %pushi/vec4 20, 0, 6;
    %cmp/u;
    %jmp/1 T_46.21, 6;
    %dup/vec4;
    %pushi/vec4 21, 0, 6;
    %cmp/u;
    %jmp/1 T_46.22, 6;
    %dup/vec4;
    %pushi/vec4 22, 0, 6;
    %cmp/u;
    %jmp/1 T_46.23, 6;
    %dup/vec4;
    %pushi/vec4 23, 0, 6;
    %cmp/u;
    %jmp/1 T_46.24, 6;
    %dup/vec4;
    %pushi/vec4 24, 0, 6;
    %cmp/u;
    %jmp/1 T_46.25, 6;
    %dup/vec4;
    %pushi/vec4 25, 0, 6;
    %cmp/u;
    %jmp/1 T_46.26, 6;
    %dup/vec4;
    %pushi/vec4 26, 0, 6;
    %cmp/u;
    %jmp/1 T_46.27, 6;
    %dup/vec4;
    %pushi/vec4 27, 0, 6;
    %cmp/u;
    %jmp/1 T_46.28, 6;
    %dup/vec4;
    %pushi/vec4 28, 0, 6;
    %cmp/u;
    %jmp/1 T_46.29, 6;
    %dup/vec4;
    %pushi/vec4 29, 0, 6;
    %cmp/u;
    %jmp/1 T_46.30, 6;
    %dup/vec4;
    %pushi/vec4 30, 0, 6;
    %cmp/u;
    %jmp/1 T_46.31, 6;
    %dup/vec4;
    %pushi/vec4 31, 0, 6;
    %cmp/u;
    %jmp/1 T_46.32, 6;
    %dup/vec4;
    %pushi/vec4 32, 0, 6;
    %cmp/u;
    %jmp/1 T_46.33, 6;
    %dup/vec4;
    %pushi/vec4 33, 0, 6;
    %cmp/u;
    %jmp/1 T_46.34, 6;
    %dup/vec4;
    %pushi/vec4 34, 0, 6;
    %cmp/u;
    %jmp/1 T_46.35, 6;
    %dup/vec4;
    %pushi/vec4 35, 0, 6;
    %cmp/u;
    %jmp/1 T_46.36, 6;
    %dup/vec4;
    %pushi/vec4 36, 0, 6;
    %cmp/u;
    %jmp/1 T_46.37, 6;
    %dup/vec4;
    %pushi/vec4 37, 0, 6;
    %cmp/u;
    %jmp/1 T_46.38, 6;
    %dup/vec4;
    %pushi/vec4 38, 0, 6;
    %cmp/u;
    %jmp/1 T_46.39, 6;
    %dup/vec4;
    %pushi/vec4 39, 0, 6;
    %cmp/u;
    %jmp/1 T_46.40, 6;
    %dup/vec4;
    %pushi/vec4 40, 0, 6;
    %cmp/u;
    %jmp/1 T_46.41, 6;
    %dup/vec4;
    %pushi/vec4 41, 0, 6;
    %cmp/u;
    %jmp/1 T_46.42, 6;
    %dup/vec4;
    %pushi/vec4 42, 0, 6;
    %cmp/u;
    %jmp/1 T_46.43, 6;
    %dup/vec4;
    %pushi/vec4 43, 0, 6;
    %cmp/u;
    %jmp/1 T_46.44, 6;
    %jmp T_46.46;
T_46.2 ;
    %pushi/vec4 1, 0, 1;
    %store/vec4 v0x8f65961c0_0, 0, 1;
    %pushi/vec4 1, 0, 1;
    %store/vec4 v0x8f6595d60_0, 0, 1;
    %pushi/vec4 16, 0, 5;
    %store/vec4 v0x8f6595360_0, 0, 5;
    %pushi/vec4 1, 0, 1;
    %store/vec4 v0x8f65968a0_0, 0, 1;
    %jmp T_46.46;
T_46.3 ;
    %pushi/vec4 1, 0, 1;
    %store/vec4 v0x8f6596940_0, 0, 1;
    %pushi/vec4 1, 0, 1;
    %store/vec4 v0x8f6596120_0, 0, 1;
    %pushi/vec4 1, 0, 1;
    %store/vec4 v0x8f6596300_0, 0, 1;
    %pushi/vec4 1, 0, 1;
    %store/vec4 v0x8f6595e00_0, 0, 1;
    %jmp T_46.46;
T_46.4 ;
    %pushi/vec4 1, 0, 1;
    %store/vec4 v0x8f6595ea0_0, 0, 1;
    %pushi/vec4 1, 0, 1;
    %store/vec4 v0x8f6595b80_0, 0, 1;
    %jmp T_46.46;
T_46.5 ;
    %pushi/vec4 1, 0, 1;
    %store/vec4 v0x8f65957c0_0, 0, 1;
    %pushi/vec4 1, 0, 1;
    %store/vec4 v0x8f65964e0_0, 0, 1;
    %pushi/vec4 1, 0, 1;
    %store/vec4 v0x8f65966c0_0, 0, 1;
    %jmp T_46.46;
T_46.6 ;
    %pushi/vec4 1, 0, 1;
    %store/vec4 v0x8f6595860_0, 0, 1;
    %pushi/vec4 1, 0, 1;
    %store/vec4 v0x8f65964e0_0, 0, 1;
    %load/vec4 v0x8f6595ae0_0;
    %parti/s 5, 27, 6;
    %store/vec4 v0x8f6595360_0, 0, 5;
    %pushi/vec4 1, 0, 1;
    %store/vec4 v0x8f65968a0_0, 0, 1;
    %jmp T_46.46;
T_46.7 ;
    %pushi/vec4 1, 0, 1;
    %store/vec4 v0x8f6596940_0, 0, 1;
    %pushi/vec4 1, 0, 1;
    %store/vec4 v0x8f6595720_0, 0, 1;
    %pushi/vec4 1, 0, 1;
    %store/vec4 v0x8f6596440_0, 0, 1;
    %jmp T_46.46;
T_46.8 ;
    %pushi/vec4 1, 0, 1;
    %store/vec4 v0x8f65957c0_0, 0, 1;
    %pushi/vec4 1, 0, 1;
    %store/vec4 v0x8f65964e0_0, 0, 1;
    %pushi/vec4 1, 0, 1;
    %store/vec4 v0x8f65966c0_0, 0, 1;
    %jmp T_46.46;
T_46.9 ;
    %pushi/vec4 1, 0, 1;
    %store/vec4 v0x8f65954a0_0, 0, 1;
    %alloc S_0x8f6585e00;
    %load/vec4 v0x8f6595ae0_0;
    %parti/s 5, 27, 6;
    %store/vec4 v0x8f65952c0_0, 0, 5;
    %callf/vec4 TD_tb_cpu.uut.u_control.itype_alu_op, S_0x8f6585e00;
    %free S_0x8f6585e00;
    %store/vec4 v0x8f6595360_0, 0, 5;
    %pushi/vec4 1, 0, 1;
    %store/vec4 v0x8f65968a0_0, 0, 1;
    %jmp T_46.46;
T_46.10 ;
    %pushi/vec4 1, 0, 1;
    %store/vec4 v0x8f6596940_0, 0, 1;
    %pushi/vec4 1, 0, 1;
    %store/vec4 v0x8f6595720_0, 0, 1;
    %pushi/vec4 1, 0, 1;
    %store/vec4 v0x8f6596440_0, 0, 1;
    %jmp T_46.46;
T_46.11 ;
    %pushi/vec4 1, 0, 1;
    %store/vec4 v0x8f65957c0_0, 0, 1;
    %pushi/vec4 1, 0, 1;
    %store/vec4 v0x8f65964e0_0, 0, 1;
    %pushi/vec4 1, 0, 1;
    %store/vec4 v0x8f65966c0_0, 0, 1;
    %jmp T_46.46;
T_46.12 ;
    %pushi/vec4 1, 0, 1;
    %store/vec4 v0x8f6595720_0, 0, 1;
    %pushi/vec4 1, 0, 1;
    %store/vec4 v0x8f65964e0_0, 0, 1;
    %pushi/vec4 13, 0, 5;
    %store/vec4 v0x8f6595360_0, 0, 5;
    %pushi/vec4 1, 0, 1;
    %store/vec4 v0x8f65968a0_0, 0, 1;
    %pushi/vec4 1, 0, 1;
    %store/vec4 v0x8f6596760_0, 0, 1;
    %pushi/vec4 1, 0, 1;
    %store/vec4 v0x8f6595900_0, 0, 1;
    %pushi/vec4 1, 0, 1;
    %store/vec4 v0x8f6595c20_0, 0, 1;
    %jmp T_46.46;
T_46.13 ;
    %pushi/vec4 1, 0, 1;
    %store/vec4 v0x8f65957c0_0, 0, 1;
    %pushi/vec4 1, 0, 1;
    %store/vec4 v0x8f65964e0_0, 0, 1;
    %pushi/vec4 1, 0, 1;
    %store/vec4 v0x8f65966c0_0, 0, 1;
    %jmp T_46.46;
T_46.14 ;
    %pushi/vec4 1, 0, 1;
    %store/vec4 v0x8f6595720_0, 0, 1;
    %pushi/vec4 1, 0, 1;
    %store/vec4 v0x8f65964e0_0, 0, 1;
    %pushi/vec4 12, 0, 5;
    %store/vec4 v0x8f6595360_0, 0, 5;
    %pushi/vec4 1, 0, 1;
    %store/vec4 v0x8f65968a0_0, 0, 1;
    %pushi/vec4 1, 0, 1;
    %store/vec4 v0x8f6596760_0, 0, 1;
    %pushi/vec4 1, 0, 1;
    %store/vec4 v0x8f6595900_0, 0, 1;
    %pushi/vec4 1, 0, 1;
    %store/vec4 v0x8f6595c20_0, 0, 1;
    %jmp T_46.46;
T_46.15 ;
    %pushi/vec4 1, 0, 1;
    %store/vec4 v0x8f65957c0_0, 0, 1;
    %pushi/vec4 1, 0, 1;
    %store/vec4 v0x8f65964e0_0, 0, 1;
    %pushi/vec4 1, 0, 1;
    %store/vec4 v0x8f65966c0_0, 0, 1;
    %jmp T_46.46;
T_46.16 ;
    %pushi/vec4 14, 0, 5;
    %store/vec4 v0x8f6595360_0, 0, 5;
    %pushi/vec4 1, 0, 1;
    %store/vec4 v0x8f65968a0_0, 0, 1;
    %jmp T_46.46;
T_46.17 ;
    %pushi/vec4 1, 0, 1;
    %store/vec4 v0x8f6596940_0, 0, 1;
    %pushi/vec4 1, 0, 1;
    %store/vec4 v0x8f6595720_0, 0, 1;
    %pushi/vec4 1, 0, 1;
    %store/vec4 v0x8f6596440_0, 0, 1;
    %jmp T_46.46;
T_46.18 ;
    %pushi/vec4 1, 0, 1;
    %store/vec4 v0x8f65957c0_0, 0, 1;
    %pushi/vec4 1, 0, 1;
    %store/vec4 v0x8f65964e0_0, 0, 1;
    %pushi/vec4 1, 0, 1;
    %store/vec4 v0x8f65966c0_0, 0, 1;
    %jmp T_46.46;
T_46.19 ;
    %pushi/vec4 15, 0, 5;
    %store/vec4 v0x8f6595360_0, 0, 5;
    %pushi/vec4 1, 0, 1;
    %store/vec4 v0x8f65968a0_0, 0, 1;
    %jmp T_46.46;
T_46.20 ;
    %pushi/vec4 1, 0, 1;
    %store/vec4 v0x8f6596940_0, 0, 1;
    %pushi/vec4 1, 0, 1;
    %store/vec4 v0x8f6595720_0, 0, 1;
    %pushi/vec4 1, 0, 1;
    %store/vec4 v0x8f6596440_0, 0, 1;
    %jmp T_46.46;
T_46.21 ;
    %pushi/vec4 1, 0, 1;
    %store/vec4 v0x8f65957c0_0, 0, 1;
    %pushi/vec4 1, 0, 1;
    %store/vec4 v0x8f6595400_0, 0, 1;
    %pushi/vec4 1, 0, 1;
    %store/vec4 v0x8f65966c0_0, 0, 1;
    %jmp T_46.46;
T_46.22 ;
    %pushi/vec4 1, 0, 1;
    %store/vec4 v0x8f65954a0_0, 0, 1;
    %pushi/vec4 0, 0, 5;
    %store/vec4 v0x8f6595360_0, 0, 5;
    %pushi/vec4 1, 0, 1;
    %store/vec4 v0x8f65968a0_0, 0, 1;
    %jmp T_46.46;
T_46.23 ;
    %pushi/vec4 1, 0, 1;
    %store/vec4 v0x8f6596940_0, 0, 1;
    %pushi/vec4 1, 0, 1;
    %store/vec4 v0x8f6595d60_0, 0, 1;
    %jmp T_46.46;
T_46.24 ;
    %pushi/vec4 1, 0, 1;
    %store/vec4 v0x8f6596300_0, 0, 1;
    %pushi/vec4 1, 0, 1;
    %store/vec4 v0x8f6595e00_0, 0, 1;
    %jmp T_46.46;
T_46.25 ;
    %pushi/vec4 1, 0, 1;
    %store/vec4 v0x8f6595ea0_0, 0, 1;
    %pushi/vec4 1, 0, 1;
    %store/vec4 v0x8f6595720_0, 0, 1;
    %pushi/vec4 1, 0, 1;
    %store/vec4 v0x8f6596440_0, 0, 1;
    %jmp T_46.46;
T_46.26 ;
    %pushi/vec4 1, 0, 1;
    %store/vec4 v0x8f65957c0_0, 0, 1;
    %pushi/vec4 1, 0, 1;
    %store/vec4 v0x8f6595400_0, 0, 1;
    %pushi/vec4 1, 0, 1;
    %store/vec4 v0x8f65966c0_0, 0, 1;
    %jmp T_46.46;
T_46.27 ;
    %pushi/vec4 1, 0, 1;
    %store/vec4 v0x8f65954a0_0, 0, 1;
    %pushi/vec4 0, 0, 5;
    %store/vec4 v0x8f6595360_0, 0, 5;
    %pushi/vec4 1, 0, 1;
    %store/vec4 v0x8f65968a0_0, 0, 1;
    %jmp T_46.46;
T_46.28 ;
    %pushi/vec4 1, 0, 1;
    %store/vec4 v0x8f6596940_0, 0, 1;
    %pushi/vec4 1, 0, 1;
    %store/vec4 v0x8f6595720_0, 0, 1;
    %pushi/vec4 1, 0, 1;
    %store/vec4 v0x8f6596440_0, 0, 1;
    %jmp T_46.46;
T_46.29 ;
    %pushi/vec4 1, 0, 1;
    %store/vec4 v0x8f65957c0_0, 0, 1;
    %pushi/vec4 1, 0, 1;
    %store/vec4 v0x8f6595400_0, 0, 1;
    %pushi/vec4 1, 0, 1;
    %store/vec4 v0x8f65966c0_0, 0, 1;
    %jmp T_46.46;
T_46.30 ;
    %pushi/vec4 1, 0, 1;
    %store/vec4 v0x8f65954a0_0, 0, 1;
    %pushi/vec4 0, 0, 5;
    %store/vec4 v0x8f6595360_0, 0, 5;
    %pushi/vec4 1, 0, 1;
    %store/vec4 v0x8f65968a0_0, 0, 1;
    %jmp T_46.46;
T_46.31 ;
    %pushi/vec4 1, 0, 1;
    %store/vec4 v0x8f6596940_0, 0, 1;
    %pushi/vec4 1, 0, 1;
    %store/vec4 v0x8f6595d60_0, 0, 1;
    %jmp T_46.46;
T_46.32 ;
    %pushi/vec4 1, 0, 1;
    %store/vec4 v0x8f6595720_0, 0, 1;
    %pushi/vec4 1, 0, 1;
    %store/vec4 v0x8f65964e0_0, 0, 1;
    %pushi/vec4 1, 0, 1;
    %store/vec4 v0x8f6595e00_0, 0, 1;
    %jmp T_46.46;
T_46.33 ;
    %pushi/vec4 1, 0, 1;
    %store/vec4 v0x8f6596620_0, 0, 1;
    %pushi/vec4 1, 0, 1;
    %store/vec4 v0x8f6595ea0_0, 0, 1;
    %jmp T_46.46;
T_46.34 ;
    %pushi/vec4 1, 0, 1;
    %store/vec4 v0x8f65961c0_0, 0, 1;
    %pushi/vec4 1, 0, 1;
    %store/vec4 v0x8f65957c0_0, 0, 1;
    %pushi/vec4 1, 0, 1;
    %store/vec4 v0x8f6596440_0, 0, 1;
    %jmp T_46.46;
T_46.35 ;
    %pushi/vec4 1, 0, 1;
    %store/vec4 v0x8f6595720_0, 0, 1;
    %pushi/vec4 1, 0, 1;
    %store/vec4 v0x8f65964e0_0, 0, 1;
    %pushi/vec4 1, 0, 1;
    %store/vec4 v0x8f6596120_0, 0, 1;
    %jmp T_46.46;
T_46.36 ;
    %pushi/vec4 1, 0, 1;
    %store/vec4 v0x8f6595720_0, 0, 1;
    %pushi/vec4 1, 0, 1;
    %store/vec4 v0x8f65964e0_0, 0, 1;
    %pushi/vec4 1, 0, 1;
    %store/vec4 v0x8f6596120_0, 0, 1;
    %jmp T_46.46;
T_46.37 ;
    %pushi/vec4 1, 0, 1;
    %store/vec4 v0x8f6595720_0, 0, 1;
    %pushi/vec4 1, 0, 1;
    %store/vec4 v0x8f65964e0_0, 0, 1;
    %pushi/vec4 1, 0, 1;
    %store/vec4 v0x8f6595680_0, 0, 1;
    %jmp T_46.46;
T_46.38 ;
    %pushi/vec4 1, 0, 1;
    %store/vec4 v0x8f65961c0_0, 0, 1;
    %pushi/vec4 1, 0, 1;
    %store/vec4 v0x8f65966c0_0, 0, 1;
    %jmp T_46.46;
T_46.39 ;
    %pushi/vec4 1, 0, 1;
    %store/vec4 v0x8f65954a0_0, 0, 1;
    %pushi/vec4 0, 0, 5;
    %store/vec4 v0x8f6595360_0, 0, 5;
    %pushi/vec4 1, 0, 1;
    %store/vec4 v0x8f65968a0_0, 0, 1;
    %jmp T_46.46;
T_46.40 ;
    %load/vec4 v0x8f65955e0_0;
    %store/vec4 v0x8f6596940_0, 0, 1;
    %load/vec4 v0x8f65955e0_0;
    %store/vec4 v0x8f6596120_0, 0, 1;
    %jmp T_46.46;
T_46.41 ;
    %pushi/vec4 1, 0, 1;
    %store/vec4 v0x8f6595720_0, 0, 1;
    %pushi/vec4 1, 0, 1;
    %store/vec4 v0x8f6596440_0, 0, 1;
    %pushi/vec4 1, 0, 1;
    %store/vec4 v0x8f6595a40_0, 0, 1;
    %jmp T_46.46;
T_46.42 ;
    %pushi/vec4 1, 0, 1;
    %store/vec4 v0x8f6595720_0, 0, 1;
    %pushi/vec4 1, 0, 1;
    %store/vec4 v0x8f65964e0_0, 0, 1;
    %pushi/vec4 1, 0, 1;
    %store/vec4 v0x8f6596080_0, 0, 1;
    %jmp T_46.46;
T_46.43 ;
    %pushi/vec4 1, 0, 1;
    %store/vec4 v0x8f65959a0_0, 0, 1;
    %pushi/vec4 1, 0, 1;
    %store/vec4 v0x8f6595720_0, 0, 1;
    %pushi/vec4 1, 0, 1;
    %store/vec4 v0x8f6596440_0, 0, 1;
    %jmp T_46.46;
T_46.44 ;
    %pushi/vec4 1, 0, 1;
    %store/vec4 v0x8f6595cc0_0, 0, 1;
    %pushi/vec4 1, 0, 1;
    %store/vec4 v0x8f6595720_0, 0, 1;
    %pushi/vec4 1, 0, 1;
    %store/vec4 v0x8f6596440_0, 0, 1;
    %jmp T_46.46;
T_46.46 ;
    %pop/vec4 1;
T_46.0 ;
    %jmp T_46;
    .thread T_46, $push;
    .scope S_0x8f6585f80;
T_47 ;
    %wait E_0x8f752ec00;
    %load/vec4 v0x8f6596bc0_0;
    %flag_set/vec4 8;
    %jmp/0xz  T_47.0, 8;
    %pushi/vec4 0, 0, 32;
    %assign/vec4 v0x8f6596b20_0, 0;
    %jmp T_47.1;
T_47.0 ;
    %load/vec4 v0x8f6596c60_0;
    %flag_set/vec4 8;
    %jmp/0xz  T_47.2, 8;
    %load/vec4 v0x8f6596a80_0;
    %assign/vec4 v0x8f6596b20_0, 0;
T_47.2 ;
T_47.1 ;
    %jmp T_47;
    .thread T_47;
    .scope S_0x8f6586280;
T_48 ;
    %wait E_0x8f752ec00;
    %load/vec4 v0x8f65973e0_0;
    %flag_set/vec4 8;
    %jmp/0xz  T_48.0, 8;
    %pushi/vec4 0, 0, 32;
    %assign/vec4 v0x8f6597340_0, 0;
    %jmp T_48.1;
T_48.0 ;
    %load/vec4 v0x8f6597480_0;
    %flag_set/vec4 8;
    %jmp/0xz  T_48.2, 8;
    %load/vec4 v0x8f65972a0_0;
    %assign/vec4 v0x8f6597340_0, 0;
T_48.2 ;
T_48.1 ;
    %jmp T_48;
    .thread T_48;
    .scope S_0x8f6586880;
T_49 ;
    %wait E_0x8f752ec00;
    %load/vec4 v0x8f6597c00_0;
    %flag_set/vec4 8;
    %jmp/0xz  T_49.0, 8;
    %pushi/vec4 0, 0, 32;
    %assign/vec4 v0x8f6597b60_0, 0;
    %jmp T_49.1;
T_49.0 ;
    %load/vec4 v0x8f6597ca0_0;
    %flag_set/vec4 8;
    %jmp/0xz  T_49.2, 8;
    %load/vec4 v0x8f6597ac0_0;
    %assign/vec4 v0x8f6597b60_0, 0;
T_49.2 ;
T_49.1 ;
    %jmp T_49;
    .thread T_49;
    .scope S_0x8f6586b80;
T_50 ;
    %wait E_0x8f752ec00;
    %load/vec4 v0x8f6597f20_0;
    %flag_set/vec4 8;
    %jmp/0xz  T_50.0, 8;
    %pushi/vec4 0, 0, 32;
    %assign/vec4 v0x8f6597e80_0, 0;
    %jmp T_50.1;
T_50.0 ;
    %load/vec4 v0x8f65b8000_0;
    %flag_set/vec4 8;
    %jmp/0xz  T_50.2, 8;
    %load/vec4 v0x8f6597de0_0;
    %assign/vec4 v0x8f6597e80_0, 0;
T_50.2 ;
T_50.1 ;
    %jmp T_50;
    .thread T_50;
    .scope S_0x8f6586e80;
T_51 ;
    %wait E_0x8f752ec00;
    %load/vec4 v0x8f65b8280_0;
    %flag_set/vec4 8;
    %jmp/0xz  T_51.0, 8;
    %pushi/vec4 0, 0, 32;
    %assign/vec4 v0x8f65b81e0_0, 0;
    %jmp T_51.1;
T_51.0 ;
    %load/vec4 v0x8f65b8320_0;
    %flag_set/vec4 8;
    %jmp/0xz  T_51.2, 8;
    %load/vec4 v0x8f65b8140_0;
    %assign/vec4 v0x8f65b81e0_0, 0;
T_51.2 ;
T_51.1 ;
    %jmp T_51;
    .thread T_51;
    .scope S_0x8f6587180;
T_52 ;
    %wait E_0x8f752ec00;
    %load/vec4 v0x8f65b85a0_0;
    %flag_set/vec4 8;
    %jmp/0xz  T_52.0, 8;
    %pushi/vec4 0, 0, 32;
    %assign/vec4 v0x8f65b8500_0, 0;
    %jmp T_52.1;
T_52.0 ;
    %load/vec4 v0x8f65b8640_0;
    %flag_set/vec4 8;
    %jmp/0xz  T_52.2, 8;
    %load/vec4 v0x8f65b8460_0;
    %assign/vec4 v0x8f65b8500_0, 0;
T_52.2 ;
T_52.1 ;
    %jmp T_52;
    .thread T_52;
    .scope S_0x8f6587480;
T_53 ;
    %wait E_0x8f752ec00;
    %load/vec4 v0x8f65b88c0_0;
    %flag_set/vec4 8;
    %jmp/0xz  T_53.0, 8;
    %pushi/vec4 0, 0, 32;
    %assign/vec4 v0x8f65b8820_0, 0;
    %jmp T_53.1;
T_53.0 ;
    %load/vec4 v0x8f65b8960_0;
    %flag_set/vec4 8;
    %jmp/0xz  T_53.2, 8;
    %load/vec4 v0x8f65b8780_0;
    %assign/vec4 v0x8f65b8820_0, 0;
T_53.2 ;
T_53.1 ;
    %jmp T_53;
    .thread T_53;
    .scope S_0x8f6587780;
T_54 ;
    %wait E_0x8f752ec00;
    %load/vec4 v0x8f65b8be0_0;
    %flag_set/vec4 8;
    %jmp/0xz  T_54.0, 8;
    %pushi/vec4 0, 0, 32;
    %assign/vec4 v0x8f65b8b40_0, 0;
    %jmp T_54.1;
T_54.0 ;
    %load/vec4 v0x8f65b8c80_0;
    %flag_set/vec4 8;
    %jmp/0xz  T_54.2, 8;
    %load/vec4 v0x8f65b8aa0_0;
    %assign/vec4 v0x8f65b8b40_0, 0;
T_54.2 ;
T_54.1 ;
    %jmp T_54;
    .thread T_54;
    .scope S_0x8f6587a80;
T_55 ;
    %wait E_0x8f752ec00;
    %load/vec4 v0x8f65b8f00_0;
    %flag_set/vec4 8;
    %jmp/0xz  T_55.0, 8;
    %pushi/vec4 0, 0, 32;
    %assign/vec4 v0x8f65b8e60_0, 0;
    %jmp T_55.1;
T_55.0 ;
    %load/vec4 v0x8f65b8fa0_0;
    %flag_set/vec4 8;
    %jmp/0xz  T_55.2, 8;
    %load/vec4 v0x8f65b8dc0_0;
    %assign/vec4 v0x8f65b8e60_0, 0;
T_55.2 ;
T_55.1 ;
    %jmp T_55;
    .thread T_55;
    .scope S_0x8f6587d80;
T_56 ;
    %wait E_0x8f752ec00;
    %load/vec4 v0x8f65b9220_0;
    %flag_set/vec4 8;
    %jmp/0xz  T_56.0, 8;
    %pushi/vec4 0, 0, 32;
    %assign/vec4 v0x8f65b9180_0, 0;
    %jmp T_56.1;
T_56.0 ;
    %load/vec4 v0x8f65b92c0_0;
    %flag_set/vec4 8;
    %jmp/0xz  T_56.2, 8;
    %load/vec4 v0x8f65b90e0_0;
    %assign/vec4 v0x8f65b9180_0, 0;
T_56.2 ;
T_56.1 ;
    %jmp T_56;
    .thread T_56;
    .scope S_0x8f65bc180;
T_57 ;
    %wait E_0x8f752ec00;
    %load/vec4 v0x8f65b9540_0;
    %flag_set/vec4 8;
    %jmp/0xz  T_57.0, 8;
    %pushi/vec4 0, 0, 32;
    %assign/vec4 v0x8f65b94a0_0, 0;
    %jmp T_57.1;
T_57.0 ;
    %load/vec4 v0x8f65b95e0_0;
    %flag_set/vec4 8;
    %jmp/0xz  T_57.2, 8;
    %load/vec4 v0x8f65b9400_0;
    %assign/vec4 v0x8f65b94a0_0, 0;
T_57.2 ;
T_57.1 ;
    %jmp T_57;
    .thread T_57;
    .scope S_0x8f65bc480;
T_58 ;
    %wait E_0x8f752ec00;
    %load/vec4 v0x8f65b9860_0;
    %flag_set/vec4 8;
    %jmp/0xz  T_58.0, 8;
    %pushi/vec4 0, 0, 32;
    %assign/vec4 v0x8f65b97c0_0, 0;
    %jmp T_58.1;
T_58.0 ;
    %load/vec4 v0x8f65b9900_0;
    %flag_set/vec4 8;
    %jmp/0xz  T_58.2, 8;
    %load/vec4 v0x8f65b9720_0;
    %assign/vec4 v0x8f65b97c0_0, 0;
T_58.2 ;
T_58.1 ;
    %jmp T_58;
    .thread T_58;
    .scope S_0x8f65bc780;
T_59 ;
    %wait E_0x8f752ec00;
    %load/vec4 v0x8f65b9b80_0;
    %flag_set/vec4 8;
    %jmp/0xz  T_59.0, 8;
    %pushi/vec4 0, 0, 32;
    %assign/vec4 v0x8f65b9ae0_0, 0;
    %jmp T_59.1;
T_59.0 ;
    %load/vec4 v0x8f65b9c20_0;
    %flag_set/vec4 8;
    %jmp/0xz  T_59.2, 8;
    %load/vec4 v0x8f65b9a40_0;
    %assign/vec4 v0x8f65b9ae0_0, 0;
T_59.2 ;
T_59.1 ;
    %jmp T_59;
    .thread T_59;
    .scope S_0x8f65bca80;
T_60 ;
    %wait E_0x8f752ec00;
    %load/vec4 v0x8f65b9ea0_0;
    %flag_set/vec4 8;
    %jmp/0xz  T_60.0, 8;
    %pushi/vec4 0, 0, 32;
    %assign/vec4 v0x8f65b9e00_0, 0;
    %jmp T_60.1;
T_60.0 ;
    %load/vec4 v0x8f65b9f40_0;
    %flag_set/vec4 8;
    %jmp/0xz  T_60.2, 8;
    %load/vec4 v0x8f65b9d60_0;
    %assign/vec4 v0x8f65b9e00_0, 0;
T_60.2 ;
T_60.1 ;
    %jmp T_60;
    .thread T_60;
    .scope S_0x8f65bcd80;
T_61 ;
    %wait E_0x8f752ec00;
    %load/vec4 v0x8f65ba1c0_0;
    %flag_set/vec4 8;
    %jmp/0xz  T_61.0, 8;
    %pushi/vec4 0, 0, 32;
    %assign/vec4 v0x8f65ba120_0, 0;
    %jmp T_61.1;
T_61.0 ;
    %load/vec4 v0x8f65ba260_0;
    %flag_set/vec4 8;
    %jmp/0xz  T_61.2, 8;
    %load/vec4 v0x8f65ba080_0;
    %assign/vec4 v0x8f65ba120_0, 0;
T_61.2 ;
T_61.1 ;
    %jmp T_61;
    .thread T_61;
    .scope S_0x8f65bd080;
T_62 ;
    %wait E_0x8f752ec00;
    %load/vec4 v0x8f65ba4e0_0;
    %flag_set/vec4 8;
    %jmp/0xz  T_62.0, 8;
    %pushi/vec4 0, 0, 32;
    %assign/vec4 v0x8f65ba440_0, 0;
    %jmp T_62.1;
T_62.0 ;
    %load/vec4 v0x8f65ba580_0;
    %flag_set/vec4 8;
    %jmp/0xz  T_62.2, 8;
    %load/vec4 v0x8f65ba3a0_0;
    %assign/vec4 v0x8f65ba440_0, 0;
T_62.2 ;
T_62.1 ;
    %jmp T_62;
    .thread T_62;
    .scope S_0x8f65bd380;
T_63 ;
    %wait E_0x8f752ec00;
    %load/vec4 v0x8f65ba800_0;
    %flag_set/vec4 8;
    %jmp/0xz  T_63.0, 8;
    %pushi/vec4 0, 0, 32;
    %assign/vec4 v0x8f65ba760_0, 0;
    %jmp T_63.1;
T_63.0 ;
    %load/vec4 v0x8f65ba8a0_0;
    %flag_set/vec4 8;
    %jmp/0xz  T_63.2, 8;
    %load/vec4 v0x8f65ba6c0_0;
    %assign/vec4 v0x8f65ba760_0, 0;
T_63.2 ;
T_63.1 ;
    %jmp T_63;
    .thread T_63;
    .scope S_0x8f65bdc80;
T_64 ;
    %wait E_0x8f752ec00;
    %load/vec4 v0x8f65bbac0_0;
    %flag_set/vec4 8;
    %jmp/0xz  T_64.0, 8;
    %pushi/vec4 0, 0, 32;
    %assign/vec4 v0x8f65bba20_0, 0;
    %jmp T_64.1;
T_64.0 ;
    %load/vec4 v0x8f65bbb60_0;
    %flag_set/vec4 8;
    %jmp/0xz  T_64.2, 8;
    %load/vec4 v0x8f65bb980_0;
    %assign/vec4 v0x8f65bba20_0, 0;
T_64.2 ;
T_64.1 ;
    %jmp T_64;
    .thread T_64;
    .scope S_0x8f65bd680;
T_65 ;
    %wait E_0x8f752ec00;
    %load/vec4 v0x8f65bae40_0;
    %flag_set/vec4 8;
    %jmp/0xz  T_65.0, 8;
    %pushi/vec4 0, 0, 32;
    %assign/vec4 v0x8f65bada0_0, 0;
    %jmp T_65.1;
T_65.0 ;
    %load/vec4 v0x8f65baee0_0;
    %flag_set/vec4 8;
    %jmp/0xz  T_65.2, 8;
    %load/vec4 v0x8f65bad00_0;
    %assign/vec4 v0x8f65bada0_0, 0;
T_65.2 ;
T_65.1 ;
    %jmp T_65;
    .thread T_65;
    .scope S_0x8f65bde00;
T_66 ;
    %wait E_0x8f752ec00;
    %load/vec4 v0x8f65bbde0_0;
    %flag_set/vec4 8;
    %jmp/0xz  T_66.0, 8;
    %pushi/vec4 0, 0, 32;
    %assign/vec4 v0x8f65bbd40_0, 0;
    %jmp T_66.1;
T_66.0 ;
    %load/vec4 v0x8f65bbe80_0;
    %flag_set/vec4 8;
    %jmp/0xz  T_66.2, 8;
    %load/vec4 v0x8f65bbca0_0;
    %assign/vec4 v0x8f65bbd40_0, 0;
T_66.2 ;
T_66.1 ;
    %jmp T_66;
    .thread T_66;
    .scope S_0x8f65bd980;
T_67 ;
    %wait E_0x8f752ec00;
    %load/vec4 v0x8f65bb480_0;
    %flag_set/vec4 8;
    %jmp/0xz  T_67.0, 8;
    %pushi/vec4 0, 0, 32;
    %assign/vec4 v0x8f65bb3e0_0, 0;
    %jmp T_67.1;
T_67.0 ;
    %load/vec4 v0x8f65bb520_0;
    %flag_set/vec4 8;
    %jmp/0xz  T_67.2, 8;
    %load/vec4 v0x8f65bb340_0;
    %assign/vec4 v0x8f65bb3e0_0, 0;
T_67.2 ;
T_67.1 ;
    %jmp T_67;
    .thread T_67;
    .scope S_0x8f65bd500;
T_68 ;
    %wait E_0x8f752ec00;
    %load/vec4 v0x8f65bab20_0;
    %flag_set/vec4 8;
    %jmp/0xz  T_68.0, 8;
    %pushi/vec4 0, 0, 32;
    %assign/vec4 v0x8f65baa80_0, 0;
    %jmp T_68.1;
T_68.0 ;
    %load/vec4 v0x8f65babc0_0;
    %flag_set/vec4 8;
    %jmp/0xz  T_68.2, 8;
    %load/vec4 v0x8f65ba9e0_0;
    %assign/vec4 v0x8f65baa80_0, 0;
T_68.2 ;
T_68.1 ;
    %jmp T_68;
    .thread T_68;
    .scope S_0x8f65bd800;
T_69 ;
    %wait E_0x8f752ec00;
    %load/vec4 v0x8f65bb160_0;
    %flag_set/vec4 8;
    %jmp/0xz  T_69.0, 8;
    %pushi/vec4 0, 0, 32;
    %assign/vec4 v0x8f65bb0c0_0, 0;
    %jmp T_69.1;
T_69.0 ;
    %load/vec4 v0x8f65bb200_0;
    %flag_set/vec4 8;
    %jmp/0xz  T_69.2, 8;
    %load/vec4 v0x8f65bb020_0;
    %assign/vec4 v0x8f65bb0c0_0, 0;
T_69.2 ;
T_69.1 ;
    %jmp T_69;
    .thread T_69;
    .scope S_0x8f65bdb00;
T_70 ;
    %wait E_0x8f752ec00;
    %load/vec4 v0x8f65bb7a0_0;
    %flag_set/vec4 8;
    %jmp/0xz  T_70.0, 8;
    %pushi/vec4 0, 0, 32;
    %assign/vec4 v0x8f65bb700_0, 0;
    %jmp T_70.1;
T_70.0 ;
    %load/vec4 v0x8f65bb840_0;
    %flag_set/vec4 8;
    %jmp/0xz  T_70.2, 8;
    %load/vec4 v0x8f65bb660_0;
    %assign/vec4 v0x8f65bb700_0, 0;
T_70.2 ;
T_70.1 ;
    %jmp T_70;
    .thread T_70;
    .scope S_0x8f65bdf80;
T_71 ;
    %wait E_0x8f752ec00;
    %load/vec4 v0x8f65c8140_0;
    %flag_set/vec4 8;
    %jmp/0xz  T_71.0, 8;
    %pushi/vec4 0, 0, 32;
    %assign/vec4 v0x8f65c80a0_0, 0;
    %jmp T_71.1;
T_71.0 ;
    %load/vec4 v0x8f65c81e0_0;
    %flag_set/vec4 8;
    %jmp/0xz  T_71.2, 8;
    %load/vec4 v0x8f65c8000_0;
    %assign/vec4 v0x8f65c80a0_0, 0;
T_71.2 ;
T_71.1 ;
    %jmp T_71;
    .thread T_71;
    .scope S_0x8f65be100;
T_72 ;
    %wait E_0x8f752ec00;
    %load/vec4 v0x8f65c8460_0;
    %flag_set/vec4 8;
    %jmp/0xz  T_72.0, 8;
    %pushi/vec4 0, 0, 32;
    %assign/vec4 v0x8f65c83c0_0, 0;
    %jmp T_72.1;
T_72.0 ;
    %load/vec4 v0x8f65c8500_0;
    %flag_set/vec4 8;
    %jmp/0xz  T_72.2, 8;
    %load/vec4 v0x8f65c8320_0;
    %assign/vec4 v0x8f65c83c0_0, 0;
T_72.2 ;
T_72.1 ;
    %jmp T_72;
    .thread T_72;
    .scope S_0x8f6585b00;
T_73 ;
    %wait E_0x8f752ec00;
    %load/vec4 v0x8f6595180_0;
    %flag_set/vec4 8;
    %jmp/0xz  T_73.0, 8;
    %pushi/vec4 0, 0, 1;
    %assign/vec4 v0x8f65950e0_0, 0;
    %jmp T_73.1;
T_73.0 ;
    %load/vec4 v0x8f6594be0_0;
    %flag_set/vec4 8;
    %jmp/0xz  T_73.2, 8;
    %load/vec4 v0x8f6594c80_0;
    %assign/vec4 v0x8f65950e0_0, 0;
T_73.2 ;
T_73.1 ;
    %jmp T_73;
    .thread T_73;
    .scope S_0x8f6586100;
T_74 ;
    %wait E_0x8f752ec00;
    %load/vec4 v0x8f6597160_0;
    %flag_set/vec4 8;
    %jmp/0xz  T_74.0, 8;
    %pushi/vec4 0, 0, 32;
    %assign/vec4 v0x8f6597020_0, 0;
    %jmp T_74.1;
T_74.0 ;
    %load/vec4 v0x8f6596f80_0;
    %flag_set/vec4 8;
    %jmp/0xz  T_74.2, 8;
    %load/vec4 v0x8f6596ee0_0;
    %assign/vec4 v0x8f6597020_0, 0;
T_74.2 ;
T_74.1 ;
    %jmp T_74;
    .thread T_74;
    .scope S_0x8f6586400;
T_75 ;
    %pushi/vec4 0, 0, 32;
    %store/vec4 v0x8f65978e0_0, 0, 32;
T_75.0 ;
    %load/vec4 v0x8f65978e0_0;
    %cmpi/s 512, 0, 32;
    %jmp/0xz T_75.1, 5;
    %pushi/vec4 0, 0, 32;
    %ix/getv/s 4, v0x8f65978e0_0;
    %store/vec4a v0x8f65977a0, 4, 0;
    %load/vec4 v0x8f65978e0_0;
    %addi 1, 0, 32;
    %store/vec4 v0x8f65978e0_0, 0, 32;
    %jmp T_75.0;
T_75.1 ;
    %vpi_call/w 25 16 "$readmemh", "currentcase.hex", v0x8f65977a0 {0 0 0};
    %end;
    .thread T_75;
    .scope S_0x8f6586400;
T_76 ;
    %wait E_0x8f752ec00;
    %load/vec4 v0x8f6597980_0;
    %flag_set/vec4 8;
    %jmp/0xz  T_76.0, 8;
    %load/vec4 v0x8f6597660_0;
    %load/vec4 v0x8f6597520_0;
    %pad/u 11;
    %ix/vec4 3;
    %ix/load 4, 0, 0; Constant delay
    %assign/vec4/a/d v0x8f65977a0, 0, 4;
T_76.0 ;
    %jmp T_76;
    .thread T_76;
    .scope S_0x8f6586400;
T_77 ;
    %wait E_0x8f75301c0;
    %load/vec4 v0x8f6597840_0;
    %flag_set/vec4 8;
    %jmp/0xz  T_77.0, 8;
    %load/vec4 v0x8f6597520_0;
    %pad/u 11;
    %ix/vec4 4;
    %load/vec4a v0x8f65977a0, 4;
    %assign/vec4 v0x8f6597700_0, 0;
    %jmp T_77.1;
T_77.0 ;
    %pushi/vec4 0, 0, 32;
    %assign/vec4 v0x8f6597700_0, 0;
T_77.1 ;
    %jmp T_77;
    .thread T_77, $push;
    .scope S_0x8f6585800;
T_78 ;
    %wait E_0x8f752eb80;
    %pushi/vec4 0, 0, 5;
    %store/vec4 v0x8f6588b40_0, 0, 5;
    %load/vec4 v0x8f6588aa0_0;
    %parti/s 1, 0, 2;
    %flag_set/vec4 8;
    %jmp/0xz  T_78.0, 8;
    %pushi/vec4 0, 0, 5;
    %store/vec4 v0x8f6588b40_0, 0, 5;
    %jmp T_78.1;
T_78.0 ;
    %load/vec4 v0x8f6588aa0_0;
    %parti/s 1, 1, 2;
    %flag_set/vec4 8;
    %jmp/0xz  T_78.2, 8;
    %pushi/vec4 1, 0, 5;
    %store/vec4 v0x8f6588b40_0, 0, 5;
    %jmp T_78.3;
T_78.2 ;
    %load/vec4 v0x8f6588aa0_0;
    %parti/s 1, 2, 3;
    %flag_set/vec4 8;
    %jmp/0xz  T_78.4, 8;
    %pushi/vec4 2, 0, 5;
    %store/vec4 v0x8f6588b40_0, 0, 5;
    %jmp T_78.5;
T_78.4 ;
    %load/vec4 v0x8f6588aa0_0;
    %parti/s 1, 3, 3;
    %flag_set/vec4 8;
    %jmp/0xz  T_78.6, 8;
    %pushi/vec4 3, 0, 5;
    %store/vec4 v0x8f6588b40_0, 0, 5;
    %jmp T_78.7;
T_78.6 ;
    %load/vec4 v0x8f6588aa0_0;
    %parti/s 1, 4, 4;
    %flag_set/vec4 8;
    %jmp/0xz  T_78.8, 8;
    %pushi/vec4 4, 0, 5;
    %store/vec4 v0x8f6588b40_0, 0, 5;
    %jmp T_78.9;
T_78.8 ;
    %load/vec4 v0x8f6588aa0_0;
    %parti/s 1, 5, 4;
    %flag_set/vec4 8;
    %jmp/0xz  T_78.10, 8;
    %pushi/vec4 5, 0, 5;
    %store/vec4 v0x8f6588b40_0, 0, 5;
    %jmp T_78.11;
T_78.10 ;
    %load/vec4 v0x8f6588aa0_0;
    %parti/s 1, 6, 4;
    %flag_set/vec4 8;
    %jmp/0xz  T_78.12, 8;
    %pushi/vec4 6, 0, 5;
    %store/vec4 v0x8f6588b40_0, 0, 5;
    %jmp T_78.13;
T_78.12 ;
    %load/vec4 v0x8f6588aa0_0;
    %parti/s 1, 7, 4;
    %flag_set/vec4 8;
    %jmp/0xz  T_78.14, 8;
    %pushi/vec4 7, 0, 5;
    %store/vec4 v0x8f6588b40_0, 0, 5;
    %jmp T_78.15;
T_78.14 ;
    %load/vec4 v0x8f6588aa0_0;
    %parti/s 1, 8, 5;
    %flag_set/vec4 8;
    %jmp/0xz  T_78.16, 8;
    %pushi/vec4 8, 0, 5;
    %store/vec4 v0x8f6588b40_0, 0, 5;
    %jmp T_78.17;
T_78.16 ;
    %load/vec4 v0x8f6588aa0_0;
    %parti/s 1, 9, 5;
    %flag_set/vec4 8;
    %jmp/0xz  T_78.18, 8;
    %pushi/vec4 9, 0, 5;
    %store/vec4 v0x8f6588b40_0, 0, 5;
    %jmp T_78.19;
T_78.18 ;
    %load/vec4 v0x8f6588aa0_0;
    %parti/s 1, 10, 5;
    %flag_set/vec4 8;
    %jmp/0xz  T_78.20, 8;
    %pushi/vec4 10, 0, 5;
    %store/vec4 v0x8f6588b40_0, 0, 5;
    %jmp T_78.21;
T_78.20 ;
    %load/vec4 v0x8f6588aa0_0;
    %parti/s 1, 11, 5;
    %flag_set/vec4 8;
    %jmp/0xz  T_78.22, 8;
    %pushi/vec4 11, 0, 5;
    %store/vec4 v0x8f6588b40_0, 0, 5;
    %jmp T_78.23;
T_78.22 ;
    %load/vec4 v0x8f6588aa0_0;
    %parti/s 1, 12, 5;
    %flag_set/vec4 8;
    %jmp/0xz  T_78.24, 8;
    %pushi/vec4 12, 0, 5;
    %store/vec4 v0x8f6588b40_0, 0, 5;
    %jmp T_78.25;
T_78.24 ;
    %load/vec4 v0x8f6588aa0_0;
    %parti/s 1, 13, 5;
    %flag_set/vec4 8;
    %jmp/0xz  T_78.26, 8;
    %pushi/vec4 13, 0, 5;
    %store/vec4 v0x8f6588b40_0, 0, 5;
    %jmp T_78.27;
T_78.26 ;
    %load/vec4 v0x8f6588aa0_0;
    %parti/s 1, 14, 5;
    %flag_set/vec4 8;
    %jmp/0xz  T_78.28, 8;
    %pushi/vec4 14, 0, 5;
    %store/vec4 v0x8f6588b40_0, 0, 5;
    %jmp T_78.29;
T_78.28 ;
    %load/vec4 v0x8f6588aa0_0;
    %parti/s 1, 15, 5;
    %flag_set/vec4 8;
    %jmp/0xz  T_78.30, 8;
    %pushi/vec4 15, 0, 5;
    %store/vec4 v0x8f6588b40_0, 0, 5;
    %jmp T_78.31;
T_78.30 ;
    %load/vec4 v0x8f6588aa0_0;
    %parti/s 1, 16, 6;
    %flag_set/vec4 8;
    %jmp/0xz  T_78.32, 8;
    %pushi/vec4 16, 0, 5;
    %store/vec4 v0x8f6588b40_0, 0, 5;
    %jmp T_78.33;
T_78.32 ;
    %load/vec4 v0x8f6588aa0_0;
    %parti/s 1, 17, 6;
    %flag_set/vec4 8;
    %jmp/0xz  T_78.34, 8;
    %pushi/vec4 17, 0, 5;
    %store/vec4 v0x8f6588b40_0, 0, 5;
    %jmp T_78.35;
T_78.34 ;
    %load/vec4 v0x8f6588aa0_0;
    %parti/s 1, 18, 6;
    %flag_set/vec4 8;
    %jmp/0xz  T_78.36, 8;
    %pushi/vec4 18, 0, 5;
    %store/vec4 v0x8f6588b40_0, 0, 5;
    %jmp T_78.37;
T_78.36 ;
    %load/vec4 v0x8f6588aa0_0;
    %parti/s 1, 19, 6;
    %flag_set/vec4 8;
    %jmp/0xz  T_78.38, 8;
    %pushi/vec4 19, 0, 5;
    %store/vec4 v0x8f6588b40_0, 0, 5;
    %jmp T_78.39;
T_78.38 ;
    %load/vec4 v0x8f6588aa0_0;
    %parti/s 1, 20, 6;
    %flag_set/vec4 8;
    %jmp/0xz  T_78.40, 8;
    %pushi/vec4 20, 0, 5;
    %store/vec4 v0x8f6588b40_0, 0, 5;
    %jmp T_78.41;
T_78.40 ;
    %load/vec4 v0x8f6588aa0_0;
    %parti/s 1, 21, 6;
    %flag_set/vec4 8;
    %jmp/0xz  T_78.42, 8;
    %pushi/vec4 21, 0, 5;
    %store/vec4 v0x8f6588b40_0, 0, 5;
    %jmp T_78.43;
T_78.42 ;
    %load/vec4 v0x8f6588aa0_0;
    %parti/s 1, 22, 6;
    %flag_set/vec4 8;
    %jmp/0xz  T_78.44, 8;
    %pushi/vec4 22, 0, 5;
    %store/vec4 v0x8f6588b40_0, 0, 5;
    %jmp T_78.45;
T_78.44 ;
    %load/vec4 v0x8f6588aa0_0;
    %parti/s 1, 23, 6;
    %flag_set/vec4 8;
    %jmp/0xz  T_78.46, 8;
    %pushi/vec4 23, 0, 5;
    %store/vec4 v0x8f6588b40_0, 0, 5;
    %jmp T_78.47;
T_78.46 ;
    %pushi/vec4 0, 0, 5;
    %store/vec4 v0x8f6588b40_0, 0, 5;
T_78.47 ;
T_78.45 ;
T_78.43 ;
T_78.41 ;
T_78.39 ;
T_78.37 ;
T_78.35 ;
T_78.33 ;
T_78.31 ;
T_78.29 ;
T_78.27 ;
T_78.25 ;
T_78.23 ;
T_78.21 ;
T_78.19 ;
T_78.17 ;
T_78.15 ;
T_78.13 ;
T_78.11 ;
T_78.9 ;
T_78.7 ;
T_78.5 ;
T_78.3 ;
T_78.1 ;
    %jmp T_78;
    .thread T_78, $push;
    .scope S_0x8f6585980;
T_79 ;
    %wait E_0x8f752ebc0;
    %load/vec4 v0x8f658a120_0;
    %dup/vec4;
    %pushi/vec4 0, 0, 5;
    %cmp/u;
    %jmp/1 T_79.0, 6;
    %dup/vec4;
    %pushi/vec4 1, 0, 5;
    %cmp/u;
    %jmp/1 T_79.1, 6;
    %dup/vec4;
    %pushi/vec4 2, 0, 5;
    %cmp/u;
    %jmp/1 T_79.2, 6;
    %dup/vec4;
    %pushi/vec4 3, 0, 5;
    %cmp/u;
    %jmp/1 T_79.3, 6;
    %dup/vec4;
    %pushi/vec4 4, 0, 5;
    %cmp/u;
    %jmp/1 T_79.4, 6;
    %dup/vec4;
    %pushi/vec4 5, 0, 5;
    %cmp/u;
    %jmp/1 T_79.5, 6;
    %dup/vec4;
    %pushi/vec4 6, 0, 5;
    %cmp/u;
    %jmp/1 T_79.6, 6;
    %dup/vec4;
    %pushi/vec4 7, 0, 5;
    %cmp/u;
    %jmp/1 T_79.7, 6;
    %dup/vec4;
    %pushi/vec4 8, 0, 5;
    %cmp/u;
    %jmp/1 T_79.8, 6;
    %dup/vec4;
    %pushi/vec4 9, 0, 5;
    %cmp/u;
    %jmp/1 T_79.9, 6;
    %dup/vec4;
    %pushi/vec4 10, 0, 5;
    %cmp/u;
    %jmp/1 T_79.10, 6;
    %dup/vec4;
    %pushi/vec4 11, 0, 5;
    %cmp/u;
    %jmp/1 T_79.11, 6;
    %dup/vec4;
    %pushi/vec4 12, 0, 5;
    %cmp/u;
    %jmp/1 T_79.12, 6;
    %dup/vec4;
    %pushi/vec4 13, 0, 5;
    %cmp/u;
    %jmp/1 T_79.13, 6;
    %dup/vec4;
    %pushi/vec4 14, 0, 5;
    %cmp/u;
    %jmp/1 T_79.14, 6;
    %dup/vec4;
    %pushi/vec4 15, 0, 5;
    %cmp/u;
    %jmp/1 T_79.15, 6;
    %dup/vec4;
    %pushi/vec4 16, 0, 5;
    %cmp/u;
    %jmp/1 T_79.16, 6;
    %dup/vec4;
    %pushi/vec4 17, 0, 5;
    %cmp/u;
    %jmp/1 T_79.17, 6;
    %dup/vec4;
    %pushi/vec4 18, 0, 5;
    %cmp/u;
    %jmp/1 T_79.18, 6;
    %dup/vec4;
    %pushi/vec4 19, 0, 5;
    %cmp/u;
    %jmp/1 T_79.19, 6;
    %dup/vec4;
    %pushi/vec4 20, 0, 5;
    %cmp/u;
    %jmp/1 T_79.20, 6;
    %dup/vec4;
    %pushi/vec4 21, 0, 5;
    %cmp/u;
    %jmp/1 T_79.21, 6;
    %dup/vec4;
    %pushi/vec4 22, 0, 5;
    %cmp/u;
    %jmp/1 T_79.22, 6;
    %dup/vec4;
    %pushi/vec4 23, 0, 5;
    %cmp/u;
    %jmp/1 T_79.23, 6;
    %dup/vec4;
    %pushi/vec4 24, 0, 5;
    %cmp/u;
    %jmp/1 T_79.24, 6;
    %dup/vec4;
    %pushi/vec4 25, 0, 5;
    %cmp/u;
    %jmp/1 T_79.25, 6;
    %dup/vec4;
    %pushi/vec4 26, 0, 5;
    %cmp/u;
    %jmp/1 T_79.26, 6;
    %dup/vec4;
    %pushi/vec4 27, 0, 5;
    %cmp/u;
    %jmp/1 T_79.27, 6;
    %dup/vec4;
    %pushi/vec4 28, 0, 5;
    %cmp/u;
    %jmp/1 T_79.28, 6;
    %dup/vec4;
    %pushi/vec4 29, 0, 5;
    %cmp/u;
    %jmp/1 T_79.29, 6;
    %dup/vec4;
    %pushi/vec4 30, 0, 5;
    %cmp/u;
    %jmp/1 T_79.30, 6;
    %dup/vec4;
    %pushi/vec4 31, 0, 5;
    %cmp/u;
    %jmp/1 T_79.31, 6;
    %pushi/vec4 0, 0, 32;
    %store/vec4 v0x8f658a080_0, 0, 32;
    %jmp T_79.33;
T_79.0 ;
    %load/vec4 v0x8f6588c80_0;
    %store/vec4 v0x8f658a080_0, 0, 32;
    %jmp T_79.33;
T_79.1 ;
    %load/vec4 v0x8f6588d20_0;
    %store/vec4 v0x8f658a080_0, 0, 32;
    %jmp T_79.33;
T_79.2 ;
    %load/vec4 v0x8f6589400_0;
    %store/vec4 v0x8f658a080_0, 0, 32;
    %jmp T_79.33;
T_79.3 ;
    %load/vec4 v0x8f6589ae0_0;
    %store/vec4 v0x8f658a080_0, 0, 32;
    %jmp T_79.33;
T_79.4 ;
    %load/vec4 v0x8f6589cc0_0;
    %store/vec4 v0x8f658a080_0, 0, 32;
    %jmp T_79.33;
T_79.5 ;
    %load/vec4 v0x8f6589d60_0;
    %store/vec4 v0x8f658a080_0, 0, 32;
    %jmp T_79.33;
T_79.6 ;
    %load/vec4 v0x8f6589e00_0;
    %store/vec4 v0x8f658a080_0, 0, 32;
    %jmp T_79.33;
T_79.7 ;
    %load/vec4 v0x8f6589ea0_0;
    %store/vec4 v0x8f658a080_0, 0, 32;
    %jmp T_79.33;
T_79.8 ;
    %load/vec4 v0x8f6589f40_0;
    %store/vec4 v0x8f658a080_0, 0, 32;
    %jmp T_79.33;
T_79.9 ;
    %load/vec4 v0x8f6589fe0_0;
    %store/vec4 v0x8f658a080_0, 0, 32;
    %jmp T_79.33;
T_79.10 ;
    %load/vec4 v0x8f6588dc0_0;
    %store/vec4 v0x8f658a080_0, 0, 32;
    %jmp T_79.33;
T_79.11 ;
    %load/vec4 v0x8f6588e60_0;
    %store/vec4 v0x8f658a080_0, 0, 32;
    %jmp T_79.33;
T_79.12 ;
    %load/vec4 v0x8f6588f00_0;
    %store/vec4 v0x8f658a080_0, 0, 32;
    %jmp T_79.33;
T_79.13 ;
    %load/vec4 v0x8f6588fa0_0;
    %store/vec4 v0x8f658a080_0, 0, 32;
    %jmp T_79.33;
T_79.14 ;
    %load/vec4 v0x8f6589040_0;
    %store/vec4 v0x8f658a080_0, 0, 32;
    %jmp T_79.33;
T_79.15 ;
    %load/vec4 v0x8f65890e0_0;
    %store/vec4 v0x8f658a080_0, 0, 32;
    %jmp T_79.33;
T_79.16 ;
    %load/vec4 v0x8f6589180_0;
    %store/vec4 v0x8f658a080_0, 0, 32;
    %jmp T_79.33;
T_79.17 ;
    %load/vec4 v0x8f6589220_0;
    %store/vec4 v0x8f658a080_0, 0, 32;
    %jmp T_79.33;
T_79.18 ;
    %load/vec4 v0x8f65892c0_0;
    %store/vec4 v0x8f658a080_0, 0, 32;
    %jmp T_79.33;
T_79.19 ;
    %load/vec4 v0x8f6589360_0;
    %store/vec4 v0x8f658a080_0, 0, 32;
    %jmp T_79.33;
T_79.20 ;
    %load/vec4 v0x8f65894a0_0;
    %store/vec4 v0x8f658a080_0, 0, 32;
    %jmp T_79.33;
T_79.21 ;
    %load/vec4 v0x8f6589540_0;
    %store/vec4 v0x8f658a080_0, 0, 32;
    %jmp T_79.33;
T_79.22 ;
    %load/vec4 v0x8f65895e0_0;
    %store/vec4 v0x8f658a080_0, 0, 32;
    %jmp T_79.33;
T_79.23 ;
    %load/vec4 v0x8f6589680_0;
    %store/vec4 v0x8f658a080_0, 0, 32;
    %jmp T_79.33;
T_79.24 ;
    %load/vec4 v0x8f6589720_0;
    %store/vec4 v0x8f658a080_0, 0, 32;
    %jmp T_79.33;
T_79.25 ;
    %load/vec4 v0x8f65897c0_0;
    %store/vec4 v0x8f658a080_0, 0, 32;
    %jmp T_79.33;
T_79.26 ;
    %load/vec4 v0x8f6589860_0;
    %store/vec4 v0x8f658a080_0, 0, 32;
    %jmp T_79.33;
T_79.27 ;
    %load/vec4 v0x8f6589900_0;
    %store/vec4 v0x8f658a080_0, 0, 32;
    %jmp T_79.33;
T_79.28 ;
    %load/vec4 v0x8f65899a0_0;
    %store/vec4 v0x8f658a080_0, 0, 32;
    %jmp T_79.33;
T_79.29 ;
    %load/vec4 v0x8f6589a40_0;
    %store/vec4 v0x8f658a080_0, 0, 32;
    %jmp T_79.33;
T_79.30 ;
    %load/vec4 v0x8f6589b80_0;
    %store/vec4 v0x8f658a080_0, 0, 32;
    %jmp T_79.33;
T_79.31 ;
    %load/vec4 v0x8f6589c20_0;
    %store/vec4 v0x8f658a080_0, 0, 32;
    %jmp T_79.33;
T_79.33 ;
    %pop/vec4 1;
    %jmp T_79;
    .thread T_79, $push;
    .scope S_0x8f6544d80;
T_80 ;
    %wait E_0x8f752c200;
    %pushi/vec4 0, 0, 1;
    %ix/load 4, 0, 0;
    %flag_set/imm 4, 0;
    %store/vec4 v0x8f654c960_0, 4, 1;
    %pushi/vec4 0, 0, 32;
    %store/vec4 v0x8f654ca00_0, 0, 32;
T_80.0 ;
    %load/vec4 v0x8f654ca00_0;
    %cmpi/s 32, 0, 32;
    %jmp/0xz T_80.1, 5;
    %load/vec4 v0x8f654c820_0;
    %load/vec4 v0x8f654ca00_0;
    %part/s 1;
    %load/vec4 v0x8f654c8c0_0;
    %load/vec4 v0x8f654ca00_0;
    %part/s 1;
    %xor;
    %load/vec4 v0x8f654c960_0;
    %load/vec4 v0x8f654ca00_0;
    %part/s 1;
    %xor;
    %ix/getv/s 4, v0x8f654ca00_0;
    %store/vec4 v0x8f654caa0_0, 4, 1;
    %load/vec4 v0x8f654c820_0;
    %load/vec4 v0x8f654ca00_0;
    %part/s 1;
    %load/vec4 v0x8f654c8c0_0;
    %load/vec4 v0x8f654ca00_0;
    %part/s 1;
    %and;
    %load/vec4 v0x8f654c960_0;
    %load/vec4 v0x8f654ca00_0;
    %part/s 1;
    %load/vec4 v0x8f654c820_0;
    %load/vec4 v0x8f654ca00_0;
    %part/s 1;
    %load/vec4 v0x8f654c8c0_0;
    %load/vec4 v0x8f654ca00_0;
    %part/s 1;
    %or;
    %and;
    %or;
    %load/vec4 v0x8f654ca00_0;
    %addi 1, 0, 32;
    %ix/vec4/s 4;
    %store/vec4 v0x8f654c960_0, 4, 1;
    %load/vec4 v0x8f654ca00_0;
    %addi 1, 0, 32;
    %store/vec4 v0x8f654ca00_0, 0, 32;
    %jmp T_80.0;
T_80.1 ;
    %jmp T_80;
    .thread T_80, $push;
    .scope S_0x8f6585500;
T_81 ;
    %wait E_0x8f752eb40;
    %load/vec4 v0x8f657f700_0;
    %inv;
    %addi 1, 0, 32;
    %store/vec4 v0x8f657f8e0_0, 0, 32;
    %pushi/vec4 0, 0, 33;
    %store/vec4 v0x8f657f7a0_0, 0, 33;
    %pushi/vec4 0, 0, 32;
    %store/vec4 v0x8f657f980_0, 0, 32;
T_81.0 ;
    %load/vec4 v0x8f657f980_0;
    %cmpi/s 32, 0, 32;
    %jmp/0xz T_81.1, 5;
    %load/vec4 v0x8f657f660_0;
    %load/vec4 v0x8f657f980_0;
    %part/s 1;
    %load/vec4 v0x8f657f8e0_0;
    %load/vec4 v0x8f657f980_0;
    %part/s 1;
    %xor;
    %load/vec4 v0x8f657f7a0_0;
    %load/vec4 v0x8f657f980_0;
    %part/s 1;
    %xor;
    %ix/getv/s 4, v0x8f657f980_0;
    %store/vec4 v0x8f657f840_0, 4, 1;
    %load/vec4 v0x8f657f660_0;
    %load/vec4 v0x8f657f980_0;
    %part/s 1;
    %load/vec4 v0x8f657f8e0_0;
    %load/vec4 v0x8f657f980_0;
    %part/s 1;
    %and;
    %load/vec4 v0x8f657f7a0_0;
    %load/vec4 v0x8f657f980_0;
    %part/s 1;
    %load/vec4 v0x8f657f660_0;
    %load/vec4 v0x8f657f980_0;
    %part/s 1;
    %load/vec4 v0x8f657f8e0_0;
    %load/vec4 v0x8f657f980_0;
    %part/s 1;
    %or;
    %and;
    %or;
    %load/vec4 v0x8f657f980_0;
    %addi 1, 0, 32;
    %ix/vec4/s 4;
    %store/vec4 v0x8f657f7a0_0, 4, 1;
    %load/vec4 v0x8f657f980_0;
    %addi 1, 0, 32;
    %store/vec4 v0x8f657f980_0, 0, 32;
    %jmp T_81.0;
T_81.1 ;
    %jmp T_81;
    .thread T_81, $push;
    .scope S_0x8f6558300;
T_82 ;
    %wait E_0x8f752ca80;
    %load/vec4 v0x8f6555180_0;
    %parti/s 1, 1, 2;
    %load/vec4 v0x8f6555180_0;
    %parti/s 1, 0, 2;
    %concat/vec4; draw_concat_vec4
    %concati/vec4 0, 0, 1;
    %ix/load 4, 0, 0;
    %flag_set/imm 4, 0;
    %store/vec4a v0x8f6555220, 4, 0;
    %pushi/vec4 1, 0, 32;
    %store/vec4 v0x8f6555400_0, 0, 32;
T_82.0 ;
    %load/vec4 v0x8f6555400_0;
    %cmpi/s 16, 0, 32;
    %jmp/0xz T_82.1, 5;
    %load/vec4 v0x8f6555180_0;
    %load/vec4 v0x8f6555400_0;
    %muli 2, 0, 32;
    %addi 1, 0, 32;
    %part/s 1;
    %load/vec4 v0x8f6555180_0;
    %load/vec4 v0x8f6555400_0;
    %muli 2, 0, 32;
    %part/s 1;
    %concat/vec4; draw_concat_vec4
    %load/vec4 v0x8f6555180_0;
    %load/vec4 v0x8f6555400_0;
    %muli 2, 0, 32;
    %subi 1, 0, 32;
    %part/s 1;
    %concat/vec4; draw_concat_vec4
    %ix/getv/s 4, v0x8f6555400_0;
    %store/vec4a v0x8f6555220, 4, 0;
    %load/vec4 v0x8f6555400_0;
    %addi 1, 0, 32;
    %store/vec4 v0x8f6555400_0, 0, 32;
    %jmp T_82.0;
T_82.1 ;
    %pushi/vec4 0, 0, 32;
    %store/vec4 v0x8f6555400_0, 0, 32;
T_82.2 ;
    %load/vec4 v0x8f6555400_0;
    %cmpi/s 16, 0, 32;
    %jmp/0xz T_82.3, 5;
    %ix/getv/s 4, v0x8f6555400_0;
    %load/vec4a v0x8f6555220, 4;
    %dup/vec4;
    %pushi/vec4 1, 0, 3;
    %cmp/u;
    %jmp/1 T_82.4, 6;
    %dup/vec4;
    %pushi/vec4 2, 0, 3;
    %cmp/u;
    %jmp/1 T_82.5, 6;
    %dup/vec4;
    %pushi/vec4 3, 0, 3;
    %cmp/u;
    %jmp/1 T_82.6, 6;
    %dup/vec4;
    %pushi/vec4 4, 0, 3;
    %cmp/u;
    %jmp/1 T_82.7, 6;
    %dup/vec4;
    %pushi/vec4 5, 0, 3;
    %cmp/u;
    %jmp/1 T_82.8, 6;
    %dup/vec4;
    %pushi/vec4 6, 0, 3;
    %cmp/u;
    %jmp/1 T_82.9, 6;
    %pushi/vec4 0, 0, 33;
    %ix/getv/s 4, v0x8f6555400_0;
    %store/vec4a v0x8f65554a0, 4, 0;
    %jmp T_82.11;
T_82.4 ;
    %load/vec4 v0x8f65550e0_0;
    %parti/s 1, 31, 6;
    %load/vec4 v0x8f65550e0_0;
    %concat/vec4; draw_concat_vec4
    %ix/getv/s 4, v0x8f6555400_0;
    %store/vec4a v0x8f65554a0, 4, 0;
    %jmp T_82.11;
T_82.5 ;
    %load/vec4 v0x8f65550e0_0;
    %parti/s 1, 31, 6;
    %load/vec4 v0x8f65550e0_0;
    %concat/vec4; draw_concat_vec4
    %ix/getv/s 4, v0x8f6555400_0;
    %store/vec4a v0x8f65554a0, 4, 0;
    %jmp T_82.11;
T_82.6 ;
    %load/vec4 v0x8f65550e0_0;
    %concati/vec4 0, 0, 1;
    %ix/getv/s 4, v0x8f6555400_0;
    %store/vec4a v0x8f65554a0, 4, 0;
    %jmp T_82.11;
T_82.7 ;
    %load/vec4 v0x8f6555360_0;
    %parti/s 32, 0, 2;
    %concati/vec4 0, 0, 1;
    %ix/getv/s 4, v0x8f6555400_0;
    %store/vec4a v0x8f65554a0, 4, 0;
    %jmp T_82.11;
T_82.8 ;
    %load/vec4 v0x8f6555360_0;
    %ix/getv/s 4, v0x8f6555400_0;
    %store/vec4a v0x8f65554a0, 4, 0;
    %jmp T_82.11;
T_82.9 ;
    %load/vec4 v0x8f6555360_0;
    %ix/getv/s 4, v0x8f6555400_0;
    %store/vec4a v0x8f65554a0, 4, 0;
    %jmp T_82.11;
T_82.11 ;
    %pop/vec4 1;
    %ix/getv/s 4, v0x8f6555400_0;
    %load/vec4a v0x8f65554a0, 4;
    %pad/s 64;
    %ix/getv/s 4, v0x8f6555400_0;
    %store/vec4a v0x8f65555e0, 4, 0;
    %pushi/vec4 0, 0, 32;
    %store/vec4 v0x8f65552c0_0, 0, 32;
T_82.12 ;
    %load/vec4 v0x8f65552c0_0;
    %load/vec4 v0x8f6555400_0;
    %cmp/s;
    %jmp/0xz T_82.13, 5;
    %ix/getv/s 4, v0x8f6555400_0;
    %load/vec4a v0x8f65555e0, 4;
    %concati/vec4 0, 0, 2;
    %pad/u 64;
    %ix/getv/s 4, v0x8f6555400_0;
    %store/vec4a v0x8f65555e0, 4, 0;
    %load/vec4 v0x8f65552c0_0;
    %addi 1, 0, 32;
    %store/vec4 v0x8f65552c0_0, 0, 32;
    %jmp T_82.12;
T_82.13 ;
    %load/vec4 v0x8f6555400_0;
    %addi 1, 0, 32;
    %store/vec4 v0x8f6555400_0, 0, 32;
    %jmp T_82.2;
T_82.3 ;
    %ix/load 4, 0, 0;
    %flag_set/imm 4, 0;
    %load/vec4a v0x8f65555e0, 4;
    %store/vec4 v0x8f6555540_0, 0, 64;
    %pushi/vec4 1, 0, 32;
    %store/vec4 v0x8f6555400_0, 0, 32;
T_82.14 ;
    %load/vec4 v0x8f6555400_0;
    %cmpi/s 16, 0, 32;
    %jmp/0xz T_82.15, 5;
    %load/vec4 v0x8f6555540_0;
    %ix/getv/s 4, v0x8f6555400_0;
    %load/vec4a v0x8f65555e0, 4;
    %add;
    %store/vec4 v0x8f6555540_0, 0, 64;
    %load/vec4 v0x8f6555400_0;
    %addi 1, 0, 32;
    %store/vec4 v0x8f6555400_0, 0, 32;
    %jmp T_82.14;
T_82.15 ;
    %jmp T_82;
    .thread T_82, $push;
    .scope S_0x8f6558180;
T_83 ;
    %wait E_0x8f752ca40;
    %pushi/vec4 0, 0, 32;
    %store/vec4 v0x8f6554960_0, 0, 32;
    %load/vec4 v0x8f6554b40_0;
    %store/vec4 v0x8f6554aa0_0, 0, 32;
    %load/vec4 v0x8f6554be0_0;
    %store/vec4 v0x8f6554a00_0, 0, 32;
    %pushi/vec4 0, 0, 32;
    %store/vec4 v0x8f6554c80_0, 0, 32;
T_83.0 ;
    %load/vec4 v0x8f6554c80_0;
    %cmpi/s 32, 0, 32;
    %jmp/0xz T_83.1, 5;
    %load/vec4 v0x8f6554960_0;
    %load/vec4 v0x8f6554aa0_0;
    %concat/vec4; draw_concat_vec4
    %ix/load 4, 1, 0;
    %flag_set/imm 4, 0;
    %shiftl 4;
    %split/vec4 32;
    %store/vec4 v0x8f6554aa0_0, 0, 32;
    %store/vec4 v0x8f6554960_0, 0, 32;
    %load/vec4 v0x8f6554960_0;
    %load/vec4 v0x8f6554a00_0;
    %sub;
    %store/vec4 v0x8f6554960_0, 0, 32;
    %load/vec4 v0x8f6554960_0;
    %parti/s 1, 31, 6;
    %flag_set/vec4 8;
    %jmp/0xz  T_83.2, 8;
    %pushi/vec4 0, 0, 1;
    %ix/load 4, 0, 0;
    %flag_set/imm 4, 0;
    %store/vec4 v0x8f6554aa0_0, 4, 1;
    %load/vec4 v0x8f6554960_0;
    %load/vec4 v0x8f6554a00_0;
    %add;
    %store/vec4 v0x8f6554960_0, 0, 32;
    %jmp T_83.3;
T_83.2 ;
    %pushi/vec4 1, 0, 1;
    %ix/load 4, 0, 0;
    %flag_set/imm 4, 0;
    %store/vec4 v0x8f6554aa0_0, 4, 1;
T_83.3 ;
    %load/vec4 v0x8f6554c80_0;
    %addi 1, 0, 32;
    %store/vec4 v0x8f6554c80_0, 0, 32;
    %jmp T_83.0;
T_83.1 ;
    %load/vec4 v0x8f6554960_0;
    %load/vec4 v0x8f6554aa0_0;
    %concat/vec4; draw_concat_vec4
    %store/vec4 v0x8f6554d20_0, 0, 64;
    %jmp T_83;
    .thread T_83, $push;
    .scope S_0x8f6585200;
T_84 ;
    %wait E_0x8f752eb00;
    %pushi/vec4 0, 0, 32;
    %store/vec4 v0x8f657f3e0_0, 0, 32;
T_84.0 ;
    %load/vec4 v0x8f657f3e0_0;
    %cmpi/s 32, 0, 32;
    %jmp/0xz T_84.1, 5;
    %load/vec4 v0x8f657f3e0_0;
    %load/vec4 v0x8f657f2a0_0;
    %pad/u 32;
    %add;
    %cmpi/u 32, 0, 32;
    %jmp/0xz  T_84.2, 5;
    %load/vec4 v0x8f657f200_0;
    %load/vec4 v0x8f657f3e0_0;
    %load/vec4 v0x8f657f2a0_0;
    %pad/u 32;
    %add;
    %part/u 1;
    %ix/getv/s 4, v0x8f657f3e0_0;
    %store/vec4 v0x8f657f340_0, 4, 1;
    %jmp T_84.3;
T_84.2 ;
    %pushi/vec4 0, 0, 1;
    %ix/getv/s 4, v0x8f657f3e0_0;
    %store/vec4 v0x8f657f340_0, 4, 1;
T_84.3 ;
    %load/vec4 v0x8f657f3e0_0;
    %addi 1, 0, 32;
    %store/vec4 v0x8f657f3e0_0, 0, 32;
    %jmp T_84.0;
T_84.1 ;
    %jmp T_84;
    .thread T_84, $push;
    .scope S_0x8f6585080;
T_85 ;
    %wait E_0x8f752eac0;
    %pushi/vec4 0, 0, 32;
    %store/vec4 v0x8f657f160_0, 0, 32;
T_85.0 ;
    %load/vec4 v0x8f657f160_0;
    %cmpi/s 32, 0, 32;
    %jmp/0xz T_85.1, 5;
    %load/vec4 v0x8f657f020_0;
    %pad/u 32;
    %load/vec4 v0x8f657f160_0;
    %cmp/u;
    %flag_or 5, 4;
    %jmp/0xz  T_85.2, 5;
    %load/vec4 v0x8f657ef80_0;
    %load/vec4 v0x8f657f160_0;
    %load/vec4 v0x8f657f020_0;
    %pad/u 32;
    %sub;
    %part/u 1;
    %ix/getv/s 4, v0x8f657f160_0;
    %store/vec4 v0x8f657f0c0_0, 4, 1;
    %jmp T_85.3;
T_85.2 ;
    %pushi/vec4 0, 0, 1;
    %ix/getv/s 4, v0x8f657f160_0;
    %store/vec4 v0x8f657f0c0_0, 4, 1;
T_85.3 ;
    %load/vec4 v0x8f657f160_0;
    %addi 1, 0, 32;
    %store/vec4 v0x8f657f160_0, 0, 32;
    %jmp T_85.0;
T_85.1 ;
    %jmp T_85;
    .thread T_85, $push;
    .scope S_0x8f6544c00;
T_86 ;
    %wait E_0x8f752c1c0;
    %load/vec4 v0x8f65880a0_0;
    %dup/vec4;
    %pushi/vec4 0, 0, 5;
    %cmp/u;
    %jmp/1 T_86.0, 6;
    %dup/vec4;
    %pushi/vec4 1, 0, 5;
    %cmp/u;
    %jmp/1 T_86.1, 6;
    %dup/vec4;
    %pushi/vec4 13, 0, 5;
    %cmp/u;
    %jmp/1 T_86.2, 6;
    %dup/vec4;
    %pushi/vec4 12, 0, 5;
    %cmp/u;
    %jmp/1 T_86.3, 6;
    %dup/vec4;
    %pushi/vec4 2, 0, 5;
    %cmp/u;
    %jmp/1 T_86.4, 6;
    %dup/vec4;
    %pushi/vec4 3, 0, 5;
    %cmp/u;
    %jmp/1 T_86.5, 6;
    %dup/vec4;
    %pushi/vec4 4, 0, 5;
    %cmp/u;
    %jmp/1 T_86.6, 6;
    %dup/vec4;
    %pushi/vec4 5, 0, 5;
    %cmp/u;
    %jmp/1 T_86.7, 6;
    %dup/vec4;
    %pushi/vec4 6, 0, 5;
    %cmp/u;
    %jmp/1 T_86.8, 6;
    %dup/vec4;
    %pushi/vec4 7, 0, 5;
    %cmp/u;
    %jmp/1 T_86.9, 6;
    %dup/vec4;
    %pushi/vec4 8, 0, 5;
    %cmp/u;
    %jmp/1 T_86.10, 6;
    %dup/vec4;
    %pushi/vec4 14, 0, 5;
    %cmp/u;
    %jmp/1 T_86.11, 6;
    %dup/vec4;
    %pushi/vec4 15, 0, 5;
    %cmp/u;
    %jmp/1 T_86.12, 6;
    %dup/vec4;
    %pushi/vec4 16, 0, 5;
    %cmp/u;
    %jmp/1 T_86.13, 6;
    %pushi/vec4 0, 0, 64;
    %store/vec4 v0x8f657fb60_0, 0, 64;
    %jmp T_86.15;
T_86.0 ;
    %pushi/vec4 0, 0, 32;
    %load/vec4 v0x8f657fc00_0;
    %concat/vec4; draw_concat_vec4
    %store/vec4 v0x8f657fb60_0, 0, 64;
    %jmp T_86.15;
T_86.1 ;
    %pushi/vec4 0, 0, 32;
    %load/vec4 v0x8f6588500_0;
    %concat/vec4; draw_concat_vec4
    %store/vec4 v0x8f657fb60_0, 0, 64;
    %jmp T_86.15;
T_86.2 ;
    %load/vec4 v0x8f657fe80_0;
    %store/vec4 v0x8f657fb60_0, 0, 64;
    %jmp T_86.15;
T_86.3 ;
    %load/vec4 v0x8f657fd40_0;
    %store/vec4 v0x8f657fb60_0, 0, 64;
    %jmp T_86.15;
T_86.4 ;
    %pushi/vec4 0, 0, 32;
    %load/vec4 v0x8f657fca0_0;
    %concat/vec4; draw_concat_vec4
    %store/vec4 v0x8f657fb60_0, 0, 64;
    %jmp T_86.15;
T_86.5 ;
    %pushi/vec4 0, 0, 32;
    %load/vec4 v0x8f6588140_0;
    %concat/vec4; draw_concat_vec4
    %store/vec4 v0x8f657fb60_0, 0, 64;
    %jmp T_86.15;
T_86.6 ;
    %pushi/vec4 0, 0, 32;
    %load/vec4 v0x8f65883c0_0;
    %concat/vec4; draw_concat_vec4
    %store/vec4 v0x8f657fb60_0, 0, 64;
    %jmp T_86.15;
T_86.7 ;
    %pushi/vec4 0, 0, 32;
    %load/vec4 v0x8f6588460_0;
    %concat/vec4; draw_concat_vec4
    %store/vec4 v0x8f657fb60_0, 0, 64;
    %jmp T_86.15;
T_86.8 ;
    %pushi/vec4 0, 0, 32;
    %load/vec4 v0x8f6588320_0;
    %concat/vec4; draw_concat_vec4
    %store/vec4 v0x8f657fb60_0, 0, 64;
    %jmp T_86.15;
T_86.9 ;
    %pushi/vec4 0, 0, 32;
    %load/vec4 v0x8f6588280_0;
    %concat/vec4; draw_concat_vec4
    %store/vec4 v0x8f657fb60_0, 0, 64;
    %jmp T_86.15;
T_86.10 ;
    %pushi/vec4 0, 0, 32;
    %load/vec4 v0x8f65881e0_0;
    %concat/vec4; draw_concat_vec4
    %store/vec4 v0x8f657fb60_0, 0, 64;
    %jmp T_86.15;
T_86.11 ;
    %pushi/vec4 0, 0, 32;
    %load/vec4 v0x8f657ff20_0;
    %concat/vec4; draw_concat_vec4
    %store/vec4 v0x8f657fb60_0, 0, 64;
    %jmp T_86.15;
T_86.12 ;
    %pushi/vec4 0, 0, 32;
    %load/vec4 v0x8f6588000_0;
    %concat/vec4; draw_concat_vec4
    %store/vec4 v0x8f657fb60_0, 0, 64;
    %jmp T_86.15;
T_86.13 ;
    %pushi/vec4 0, 0, 32;
    %load/vec4 v0x8f657fde0_0;
    %concat/vec4; draw_concat_vec4
    %store/vec4 v0x8f657fb60_0, 0, 64;
    %jmp T_86.15;
T_86.15 ;
    %pop/vec4 1;
    %jmp T_86;
    .thread T_86, $push;
    .scope S_0x104db4ab0;
T_87 ;
    %pushi/vec4 0, 0, 1;
    %store/vec4 v0x8f65cda40_0, 0, 1;
    %end;
    .thread T_87;
    .scope S_0x104db4ab0;
T_88 ;
    %delay 1000, 0;
    %load/vec4 v0x8f65cda40_0;
    %inv;
    %store/vec4 v0x8f65cda40_0, 0, 1;
    %jmp T_88;
    .thread T_88;
    .scope S_0x104db4ab0;
T_89 ;
    %pushi/vec4 0, 0, 1;
    %store/vec4 v0x8f65cde00_0, 0, 1;
    %pushi/vec4 0, 0, 32;
    %store/vec4 v0x8f65cdb80_0, 0, 32;
    %pushi/vec4 1, 0, 1;
    %store/vec4 v0x8f65cdd60_0, 0, 1;
    %delay 2500, 0;
    %pushi/vec4 0, 0, 1;
    %store/vec4 v0x8f65cdd60_0, 0, 1;
    %delay 20000000, 0;
    %load/vec4 v0x8f65c9860_0;
    %cmpi/e 90, 0, 32;
    %jmp/0xz  T_89.0, 6;
    %vpi_call/w 29 41 "$display", "PASS: R7 = 0x5A (ldi R4=0x63, addi R7,R4,-9)" {0 0 0};
    %jmp T_89.1;
T_89.0 ;
    %vpi_call/w 29 43 "$display", "FAIL: R7 = %h (expected 0x0000005A)", v0x8f65c9860_0 {0 0 0};
T_89.1 ;
    %vpi_call/w 29 45 "$finish" {0 0 0};
    %end;
    .thread T_89;
    .scope S_0x104db4ab0;
T_90 ;
    %vpi_call/w 29 49 "$dumpfile", "tb_cpu.vcd" {0 0 0};
    %vpi_call/w 29 50 "$dumpvars", 32'sb00000000000000000000000000000000, S_0x104db4ab0 {0 0 0};
    %end;
    .thread T_90;
# The file index is used to find the file name in the following table.
:file_names 32;
    "N/A";
    "<interactive>";
    "-";
    "src/datapath_manual.v";
    "src/alu.v";
    "src/rca.v";
    "src/and.v";
    "src/div.v";
    "src/mult.v";
    "src/neg.v";
    "src/not.v";
    "src/or.v";
    "src/pcinc.v";
    "src/rotl.v";
    "src/rotr.v";
    "src/shiftl.v";
    "src/shiftr.v";
    "src/shiftra.v";
    "src/sub.v";
    "src/bus.v";
    "src/encoder32to5.v";
    "src/bus_mux32.v";
    "src/conff.v";
    "src/reg32.v";
    "src/mdr.v";
    "src/ram.v";
    "src/registers.v";
    "src/selectencode.v";
    "src/pc.v";
    "sim/tb_cpu.v";
    "src/datapath.v";
    "src/control_unit.v";
